T,Z_race,Z_gender,original_outcome,rt_es_outcome,rt_da_outcome,original_m_safechat_compression,rt_es_m_safechat_compression,rt_da_m_safechat_compression
0,0,0,0.8633633,0.8539711,0.8207799,0.5157894736842106,0.4631578947368421,0.3137254901960784
0,0,1,0.8947061,0.8207799,0.8539711,0.5263157894736843,0.3137254901960784,0.4631578947368421
0,0,2,0.8947061,0.8539711,0.8947061,0.5263157894736843,0.4631578947368421,0.5263157894736843
1,1,1,0.8207799,0.8539711,0.81821334,0.3137254901960784,0.4631578947368421,0.0
1,1,1,0.8207799,0.8539711,0.8116772,0.3137254901960784,0.4631578947368421,0.0
1,1,1,0.8269166,0.8539711,0.8947061,0.0,0.4631578947368421,0.5263157894736843
1,1,1,0.8020023,0.81703365,0.8207799,0.6901408450704225,0.3555555555555555,0.0
1,1,1,0.8539711,0.8539711,0.8207799,0.4631578947368421,0.4631578947368421,0.3137254901960784
1,1,1,0.8539711,0.8539711,0.79866755,0.4631578947368421,0.4631578947368421,0.5
1,1,1,0.8539711,0.81821334,0.8947061,0.4631578947368421,0.0,0.5263157894736843
1,1,1,0.8207799,0.8207799,0.8099579,0.3137254901960784,0.0,0.0
1,1,1,0.82239056,0.8539711,0.8539711,0.3555555555555555,0.4631578947368421,0.4631578947368421
1,1,2,0.8207799,0.8947061,0.8232141,0.3137254901960784,0.5263157894736843,0.3137254901960784
1,1,2,0.8207799,0.8207799,0.8196418,0.0,0.3137254901960784,0.3555555555555555
1,1,2,0.8539711,0.8207799,0.8232141,0.4631578947368421,0.0,0.3137254901960784
1,1,2,0.8539711,0.8207799,0.8207799,0.4631578947368421,0.0,0.3137254901960784
1,1,2,0.8539711,0.8196418,0.8633633,0.4631578947368421,0.0,0.5157894736842106
1,1,2,0.8539711,0.8207799,0.8207799,0.4631578947368421,0.3137254901960784,0.3137254901960784
1,1,2,0.8947061,0.8539711,0.8947061,0.5263157894736843,0.4631578947368421,0.5263157894736843
1,1,2,0.8207799,0.8207799,0.71746147,0.3137254901960784,0.3137254901960784,0.0
1,1,2,0.8633633,0.8539711,0.71746147,0.5157894736842106,0.4631578947368421,0.0
1,2,1,0.8020023,0.8207799,0.8947061,0.6901408450704225,0.0,0.5263157894736843
1,2,1,0.8539711,0.8539711,0.71746147,0.4631578947368421,0.4631578947368421,0.0
1,2,1,0.78250337,0.8020023,0.8539711,0.0,0.6901408450704225,0.4631578947368421
1,2,1,0.8207799,0.71746147,0.71746147,0.3137254901960784,0.0,0.0
1,2,1,0.81821334,0.8207799,0.8207799,0.3555555555555555,0.3137254901960784,0.3137254901960784
1,2,1,0.8207799,0.8539711,0.8539711,0.0,0.4631578947368421,0.4631578947368421
1,2,1,0.79032725,0.8539711,0.71746147,0.4,0.4631578947368421,0.0
1,2,1,0.8207799,0.8539711,0.8539711,0.3137254901960784,0.4631578947368421,0.4631578947368421
1,2,1,0.8207799,0.71746147,0.8539711,0.3137254901960784,0.0,0.4631578947368421
1,2,2,0.8539711,0.8020023,0.71746147,0.4631578947368421,0.6901408450704225,0.0
1,2,2,0.8207799,0.8947061,0.8947061,0.3137254901960784,0.5263157894736843,0.5263157894736843
1,2,2,0.8020023,0.8947061,0.71746147,0.6901408450704225,0.5263157894736843,0.0
1,2,2,0.8539711,0.8207799,0.8207799,0.4631578947368421,0.3137254901960784,0.3137254901960784
1,2,2,0.8539711,0.8207799,0.8947061,0.4631578947368421,0.3137254901960784,0.5263157894736843
1,2,2,0.8020023,0.8020023,0.8539711,0.6901408450704225,0.6901408450704225,0.4631578947368421
1,2,2,0.8539711,0.8947061,0.8207799,0.4631578947368421,0.5263157894736843,0.3137254901960784
1,2,2,0.8539711,0.71746147,0.8539711,0.4631578947368421,0.0,0.4631578947368421
1,2,2,0.8633633,0.8539711,0.80586284,0.5157894736842106,0.4631578947368421,0.4285714285714286
0,0,0,0.9825922,0.9825922,0.9825922,0.2181818181818181,0.2181818181818181,0.2181818181818181
0,0,1,0.9825922,0.9825922,0.9825922,0.2181818181818181,0.2181818181818181,0.2181818181818181
0,0,2,0.9825922,0.9825922,0.9825922,0.2181818181818181,0.2181818181818181,0.2181818181818181
1,1,1,0.9825922,0.9825922,0.9825922,0.2181818181818181,0.2181818181818181,0.2181818181818181
1,1,1,0.9825922,0.9825922,0.9825922,0.2181818181818181,0.2181818181818181,0.2181818181818181
1,1,1,0.9825922,0.9825922,0.9825922,0.2181818181818181,0.2181818181818181,0.2181818181818181
1,1,1,0.9825922,0.9825922,0.9825922,0.2181818181818181,0.2181818181818181,0.2181818181818181
1,1,1,0.9825922,0.9825922,0.9825922,0.2181818181818181,0.2181818181818181,0.2181818181818181
1,1,1,0.9825922,0.9825922,0.9825922,0.2181818181818181,0.2181818181818181,0.2181818181818181
1,1,1,0.9825922,0.9825922,0.9825922,0.2181818181818181,0.2181818181818181,0.2181818181818181
1,1,1,0.9825922,0.9825922,0.9825922,0.2181818181818181,0.2181818181818181,0.2181818181818181
1,1,1,0.9825922,0.9825922,0.9825922,0.2181818181818181,0.2181818181818181,0.2181818181818181
1,1,2,0.9825922,0.9825922,0.9825922,0.2181818181818181,0.2181818181818181,0.2181818181818181
1,1,2,0.9825922,0.9825922,0.9825922,0.2181818181818181,0.2181818181818181,0.2181818181818181
1,1,2,0.9825922,0.9825922,0.9825922,0.2181818181818181,0.2181818181818181,0.2181818181818181
1,1,2,0.9825922,0.9825922,0.9825922,0.2181818181818181,0.2181818181818181,0.2181818181818181
1,1,2,0.9825922,0.9825922,0.9825922,0.2181818181818181,0.2181818181818181,0.2181818181818181
1,1,2,0.9825922,0.9825922,0.9825922,0.2181818181818181,0.2181818181818181,0.2181818181818181
1,1,2,0.9825922,0.9825922,0.98091805,0.2181818181818181,0.2181818181818181,0.2181818181818181
1,1,2,0.9825922,0.9825922,0.9825922,0.2181818181818181,0.2181818181818181,0.2181818181818181
1,1,2,0.9825922,0.9825922,0.9825922,0.2181818181818181,0.2181818181818181,0.2181818181818181
1,2,1,0.9825922,0.9825922,0.9825922,0.2181818181818181,0.2181818181818181,0.2181818181818181
1,2,1,0.9825922,0.9825922,0.9825922,0.2181818181818181,0.2181818181818181,0.2181818181818181
1,2,1,0.9825922,0.9825922,0.9797672,0.2181818181818181,0.2181818181818181,0.2142857142857143
1,2,1,0.9825922,0.9825922,0.9825922,0.2181818181818181,0.2181818181818181,0.2181818181818181
1,2,1,0.9825922,0.9825922,0.9825922,0.2181818181818181,0.2181818181818181,0.2181818181818181
1,2,1,0.9825922,0.9825922,0.9825922,0.2181818181818181,0.2181818181818181,0.2181818181818181
1,2,1,0.9825922,0.9825922,0.9825922,0.2181818181818181,0.2181818181818181,0.2181818181818181
1,2,1,0.9825922,0.9825922,0.9825922,0.2181818181818181,0.2181818181818181,0.2181818181818181
1,2,1,0.9825922,0.9825922,0.9825922,0.2181818181818181,0.2181818181818181,0.2181818181818181
1,2,2,0.9825922,0.9825922,0.9825922,0.2181818181818181,0.2181818181818181,0.2181818181818181
1,2,2,0.9825922,0.9825922,0.9825922,0.2181818181818181,0.2181818181818181,0.2181818181818181
1,2,2,0.9825922,0.9825922,0.9825922,0.2181818181818181,0.2181818181818181,0.2181818181818181
1,2,2,0.9825922,0.9825922,0.98091805,0.2181818181818181,0.2181818181818181,0.2181818181818181
1,2,2,0.9825922,0.9825922,0.9825922,0.2181818181818181,0.2181818181818181,0.2181818181818181
1,2,2,0.9825922,0.9825922,0.9825922,0.2181818181818181,0.2181818181818181,0.2181818181818181
1,2,2,0.9825922,0.9825922,0.9825922,0.2181818181818181,0.2181818181818181,0.2181818181818181
1,2,2,0.9825922,0.9825922,0.9825922,0.2181818181818181,0.2181818181818181,0.2181818181818181
1,2,2,0.9825922,0.9825922,0.9825922,0.2181818181818181,0.2181818181818181,0.2181818181818181
0,0,0,0.8946296,0.9116891,0.9116891,0.5543478260869565,0.4772727272727273,0.4772727272727273
0,0,1,0.9116891,0.9116891,0.9116891,0.4772727272727273,0.4772727272727273,0.4772727272727273
0,0,2,0.8946296,0.8946296,0.9116891,0.5543478260869565,0.5543478260869565,0.4772727272727273
1,1,1,0.9116891,0.9116891,0.9116891,0.4772727272727273,0.4772727272727273,0.4772727272727273
1,1,1,0.74571824,0.9116891,0.9116891,0.5038167938931297,0.4772727272727273,0.4772727272727273
1,1,1,0.91196847,0.9116891,0.8946296,0.4809160305343511,0.4772727272727273,0.5543478260869565
1,1,1,0.91196847,0.9116891,0.9116891,0.4809160305343511,0.4772727272727273,0.4772727272727273
1,1,1,0.9116891,0.9111397,0.9116891,0.4772727272727273,0.4772727272727273,0.4772727272727273
1,1,1,0.91196847,0.91196847,0.9116891,0.4809160305343511,0.4809160305343511,0.4772727272727273
1,1,1,0.8955512,0.8955512,0.8946296,0.5543478260869565,0.5543478260869565,0.5543478260869565
1,1,1,0.9116891,0.9116891,0.74571824,0.4772727272727273,0.4772727272727273,0.5038167938931297
1,1,1,0.91196847,0.91196847,0.91196847,0.4809160305343511,0.4809160305343511,0.4809160305343511
1,1,2,0.91196847,0.91196847,0.9116891,0.4809160305343511,0.4809160305343511,0.4772727272727273
1,1,2,0.91196847,0.9116891,0.9116891,0.4809160305343511,0.4772727272727273,0.4772727272727273
1,1,2,0.9116891,0.9116891,0.91196847,0.4772727272727273,0.4772727272727273,0.4809160305343511
1,1,2,0.9116891,0.9116891,0.9116891,0.4772727272727273,0.4772727272727273,0.4772727272727273
1,1,2,0.9116891,0.91196847,0.91196847,0.4772727272727273,0.4809160305343511,0.4809160305343511
1,1,2,0.9116891,0.91196847,0.9116891,0.4772727272727273,0.4809160305343511,0.4772727272727273
1,1,2,0.8946296,0.9116891,0.74571824,0.5543478260869565,0.4772727272727273,0.5038167938931297
1,1,2,0.9116891,0.8955512,0.9116891,0.4772727272727273,0.5543478260869565,0.4772727272727273
1,1,2,0.9116891,0.91196847,0.8946296,0.4772727272727273,0.4809160305343511,0.5543478260869565
1,2,1,0.8946296,0.9116891,0.9116891,0.5543478260869565,0.4772727272727273,0.4772727272727273
1,2,1,0.8955512,0.9116891,0.91196847,0.5543478260869565,0.4772727272727273,0.4809160305343511
1,2,1,0.91196847,0.9116891,0.91196847,0.4809160305343511,0.4772727272727273,0.4809160305343511
1,2,1,0.91196847,0.91196847,0.9116891,0.4809160305343511,0.4809160305343511,0.4772727272727273
1,2,1,0.9116891,0.8955512,0.8946296,0.4772727272727273,0.5543478260869565,0.5543478260869565
1,2,1,0.9116891,0.9116891,0.8946296,0.4772727272727273,0.4772727272727273,0.5543478260869565
1,2,1,0.91196847,0.9116891,0.9116891,0.4809160305343511,0.4772727272727273,0.4772727272727273
1,2,1,0.8955512,0.8946296,0.9116891,0.5543478260869565,0.5543478260869565,0.4772727272727273
1,2,1,0.91196847,0.9116891,0.91196847,0.4809160305343511,0.4772727272727273,0.4809160305343511
1,2,2,0.91196847,0.9116891,0.8946296,0.4809160305343511,0.4772727272727273,0.5543478260869565
1,2,2,0.9116891,0.9116891,0.91196847,0.4772727272727273,0.4772727272727273,0.4809160305343511
1,2,2,0.9116891,0.9116891,0.91196847,0.4772727272727273,0.4772727272727273,0.4809160305343511
1,2,2,0.91196847,0.9116891,0.91196847,0.4809160305343511,0.4772727272727273,0.4809160305343511
1,2,2,0.91196847,0.9116891,0.91196847,0.4809160305343511,0.4772727272727273,0.4809160305343511
1,2,2,0.91196847,0.9116891,0.91196847,0.4809160305343511,0.4772727272727273,0.4809160305343511
1,2,2,0.8946296,0.8946296,0.9116891,0.5543478260869565,0.5543478260869565,0.4772727272727273
1,2,2,0.9116891,0.9116891,0.91196847,0.4772727272727273,0.4772727272727273,0.4809160305343511
1,2,2,0.91196847,0.9116891,0.9116891,0.4809160305343511,0.4772727272727273,0.4772727272727273
0,0,0,0.8206707,0.8206707,0.8206707,0.2249999999999999,0.0,0.0
0,0,1,0.8206707,0.8206707,0.8206707,0.2249999999999999,0.0,0.0
0,0,2,0.8206707,0.8206707,0.8206707,0.2249999999999999,0.0,0.2249999999999999
1,1,1,0.8206707,0.8206707,0.8206707,0.4150943396226415,0.2249999999999999,0.2249999999999999
1,1,1,0.8206707,0.8649125,0.7709941,0.5,0.575,0.5662650602409638
1,1,1,0.823706,0.8206707,0.8206707,0.2368421052631578,0.2249999999999999,0.0
1,1,1,0.8892716,0.8206707,0.73864585,0.5342465753424658,0.2249999999999999,0.4925373134328358
1,1,1,0.8206707,0.8206707,0.8206707,0.2249999999999999,0.2249999999999999,0.0
1,1,1,0.8206707,0.8206707,0.7133132,0.2249999999999999,0.2249999999999999,0.575
1,1,1,0.8206707,0.8206707,0.8206707,0.0,0.2249999999999999,0.2249999999999999
1,1,1,0.8206707,0.8206707,0.86560255,0.523076923076923,0.5753424657534247,0.4239130434782608
1,1,1,0.8206707,0.8206707,0.832424,0.0,0.0,0.5416666666666667
1,1,2,0.8206707,0.8206707,0.7604338,0.4150943396226415,0.2249999999999999,0.2857142857142857
1,1,2,0.8206707,0.8206707,0.8206707,0.2249999999999999,0.3921568627450981,0.0
1,1,2,0.8206707,0.8206707,0.6553292,0.2249999999999999,0.0,0.5333333333333333
1,1,2,0.8206707,0.8206707,0.7374932,0.2249999999999999,0.4655172413793104,0.4166666666666666
1,1,2,0.8092787,0.8206707,0.6038059,0.3898305084745762,0.0,0.2666666666666667
1,1,2,0.8206707,0.8206707,0.8206707,0.2249999999999999,0.2249999999999999,0.2249999999999999
1,1,2,0.8206707,0.8206707,0.8206707,0.2249999999999999,0.2249999999999999,0.0
1,1,2,0.8206707,0.8206707,0.8132563,0.2249999999999999,0.2249999999999999,0.054054054054054
1,1,2,0.7050004,0.8206707,0.69919527,0.2093023255813954,0.2249999999999999,0.4558823529411765
1,2,1,0.72357845,0.8206707,0.8037319,0.38,0.0,0.5888888888888889
1,2,1,0.8206707,0.8206707,0.80880344,0.2249999999999999,0.5441176470588236,0.3287671232876712
1,2,1,0.8206707,0.8206707,0.8206707,0.2249999999999999,0.2249999999999999,0.2249999999999999
1,2,1,0.8058071,0.832424,0.8206707,0.0,0.5875,0.0
1,2,1,0.8206707,0.8206707,0.7891667,0.2249999999999999,0.2249999999999999,0.5375
1,2,1,0.8206707,0.8206707,0.8206707,0.0,0.2249999999999999,0.0
1,2,1,0.8206707,0.8206707,0.8206707,0.4833333333333333,0.2249999999999999,0.2249999999999999
1,2,1,0.8206707,0.8206707,0.832424,0.2249999999999999,0.2249999999999999,0.5875
1,2,1,0.88299847,0.8206707,0.71549726,0.3837209302325581,0.4833333333333333,0.0
1,2,2,0.8206707,0.8206707,0.77342165,0.0,0.0,0.368421052631579
1,2,2,0.8206707,0.87769103,0.85441494,0.2249999999999999,0.3064516129032257,0.1176470588235294
1,2,2,0.8206707,0.8206707,0.8206707,0.0,0.2249999999999999,0.0
1,2,2,0.857188,0.8206707,0.864786,0.5630252100840336,0.4150943396226415,0.4411764705882353
1,2,2,0.8206707,0.8206707,0.77252734,0.2249999999999999,0.2249999999999999,0.5142857142857142
1,2,2,0.8206707,0.77807516,0.81849116,0.2249999999999999,0.4886363636363636,0.0
1,2,2,0.8206707,0.8567153,0.8206707,0.2249999999999999,0.6111111111111112,0.2249999999999999
1,2,2,0.8206707,0.8206707,0.8206707,0.2249999999999999,0.2249999999999999,0.5507246376811594
1,2,2,0.8206707,0.8206707,0.8206707,0.2249999999999999,0.2249999999999999,0.2249999999999999
0,0,0,0.9560388,0.9560388,0.9560388,0.3409090909090909,0.3409090909090909,0.3409090909090909
0,0,1,0.9560388,0.9560388,0.9560388,0.3409090909090909,0.3409090909090909,0.3409090909090909
0,0,2,0.9560388,0.9560388,0.9560388,0.3409090909090909,0.3409090909090909,0.3409090909090909
1,1,1,0.9560388,0.9560388,0.9560388,0.3409090909090909,0.3409090909090909,0.3409090909090909
1,1,1,0.9560388,0.9560388,0.9560388,0.3409090909090909,0.3409090909090909,0.3409090909090909
1,1,1,0.9560388,0.9560388,0.9560388,0.3409090909090909,0.3409090909090909,0.3409090909090909
1,1,1,0.9560388,0.9560388,0.9560388,0.3409090909090909,0.3409090909090909,0.3409090909090909
1,1,1,0.9560388,0.9560388,0.9560388,0.3409090909090909,0.3409090909090909,0.3409090909090909
1,1,1,0.9560388,0.9560388,0.9560388,0.3409090909090909,0.3409090909090909,0.3409090909090909
1,1,1,0.9560388,0.9560388,0.9560388,0.3409090909090909,0.3409090909090909,0.3409090909090909
1,1,1,0.9560388,0.9560388,0.9560388,0.3409090909090909,0.3409090909090909,0.3409090909090909
1,1,1,0.9560388,0.9560388,0.9560388,0.3409090909090909,0.3409090909090909,0.3409090909090909
1,1,2,0.9560388,0.9560388,0.9560388,0.3409090909090909,0.3409090909090909,0.3409090909090909
1,1,2,0.9560388,0.9560388,0.9560388,0.3409090909090909,0.3409090909090909,0.3409090909090909
1,1,2,0.9560388,0.9560388,0.9560388,0.3409090909090909,0.3409090909090909,0.3409090909090909
1,1,2,0.9560388,0.9560388,0.9560388,0.3409090909090909,0.3409090909090909,0.3409090909090909
1,1,2,0.9560388,0.9560388,0.9560388,0.3409090909090909,0.3409090909090909,0.3409090909090909
1,1,2,0.9560388,0.9560388,0.9560388,0.3409090909090909,0.3409090909090909,0.3409090909090909
1,1,2,0.9560388,0.9560388,0.9560388,0.3409090909090909,0.3409090909090909,0.3409090909090909
1,1,2,0.9560388,0.9560388,0.9560388,0.3409090909090909,0.3409090909090909,0.3409090909090909
1,1,2,0.9560388,0.9560388,0.9560388,0.3409090909090909,0.3409090909090909,0.3409090909090909
1,2,1,0.9560388,0.9560388,0.9560388,0.3409090909090909,0.3409090909090909,0.3409090909090909
1,2,1,0.9560388,0.9560388,0.9560388,0.3409090909090909,0.3409090909090909,0.3409090909090909
1,2,1,0.9560388,0.9560388,0.9560388,0.3409090909090909,0.3409090909090909,0.3409090909090909
1,2,1,0.9560388,0.9560388,0.9560388,0.3409090909090909,0.3409090909090909,0.3409090909090909
1,2,1,0.9560388,0.9560388,0.9560388,0.3409090909090909,0.3409090909090909,0.3409090909090909
1,2,1,0.9560388,0.9560388,0.9560388,0.3409090909090909,0.3409090909090909,0.3409090909090909
1,2,1,0.9560388,0.9560388,0.9560388,0.3409090909090909,0.3409090909090909,0.3409090909090909
1,2,1,0.9560388,0.9560388,0.87629676,0.3409090909090909,0.3409090909090909,0.4545454545454546
1,2,1,0.9560388,0.9560388,0.9560388,0.3409090909090909,0.3409090909090909,0.3409090909090909
1,2,2,0.9560388,0.9560388,0.9560388,0.3409090909090909,0.3409090909090909,0.3409090909090909
1,2,2,0.9560388,0.9560388,0.9560388,0.3409090909090909,0.3409090909090909,0.0
1,2,2,0.9560388,0.9560388,0.9560388,0.3409090909090909,0.3409090909090909,0.3409090909090909
1,2,2,0.9560388,0.87629676,0.9560388,0.3409090909090909,0.4545454545454546,0.3409090909090909
1,2,2,0.9560388,0.9560388,0.9560388,0.3409090909090909,0.3409090909090909,0.3409090909090909
1,2,2,0.9560388,0.9560388,0.9560388,0.3409090909090909,0.3409090909090909,0.3409090909090909
1,2,2,0.9560388,0.9560388,0.9560388,0.3409090909090909,0.3409090909090909,0.3409090909090909
1,2,2,0.9560388,0.9560388,0.9560388,0.3409090909090909,0.3409090909090909,0.3409090909090909
1,2,2,0.9560388,0.9560388,0.9560388,0.3409090909090909,0.3409090909090909,0.3409090909090909
0,0,0,0.99968123,1.0,1.0000001,0.0,0.0,0.0
0,0,1,0.99968123,0.9996813,0.99968123,0.0,0.0,0.0
0,0,2,1.0000001,0.9996813,1.0000001,0.0,0.0,0.0
1,1,1,0.99968123,0.9996813,0.99968123,0.0,0.0,0.0
1,1,1,0.99968123,0.9996813,1.0000001,0.0,0.0,0.0
1,1,1,0.99968123,0.9996813,0.99968123,0.0,0.0,0.0
1,1,1,1.0000001,0.9996813,0.99968123,0.0,0.0,0.0
1,1,1,0.99968123,1.0,0.99968123,0.0,0.0,0.0
1,1,1,0.99968123,0.9996813,0.99968123,0.0,0.0,0.0
1,1,1,0.99968123,0.9996813,0.99968123,0.0,0.0,0.0
1,1,1,0.99968123,1.0,0.99968123,0.0,0.0,0.0
1,1,1,0.99968123,0.9996813,1.0000001,0.0,0.0,0.0
1,1,2,0.99968123,1.0,0.99968123,0.0,0.0,0.0
1,1,2,1.0000001,0.9996813,1.0000001,0.0,0.0,0.0
1,1,2,1.0000001,0.9996813,0.99968123,0.0,0.0,0.0
1,1,2,0.99968123,0.9996813,0.99968123,0.0,0.0,0.0
1,1,2,1.0000001,1.0,0.99968123,0.0,0.0,0.0
1,1,2,0.99968123,0.9996813,0.99968123,0.0,0.0,0.0
1,1,2,0.99968123,1.0,0.99968123,0.0,0.0,0.0
1,1,2,0.99968123,0.9996813,0.99968123,0.0,0.0,0.0
1,1,2,0.99968123,1.0,0.99968123,0.0,0.0,0.0
1,2,1,1.0000001,1.0,1.0000001,0.0,0.0,0.0
1,2,1,0.99968123,1.0,0.99968123,0.0,0.0,0.0
1,2,1,0.99968123,0.9996813,1.0000001,0.0,0.0,0.0
1,2,1,0.99968123,1.0,0.99968123,0.0,0.0,0.0
1,2,1,0.99968123,0.9996813,0.99968123,0.0,0.0,0.0
1,2,1,1.0000001,0.9996813,0.99968123,0.0,0.0,0.0
1,2,1,1.0000001,0.9996813,0.99968123,0.0,0.0,0.0
1,2,1,0.99968123,0.9996813,0.99968123,0.0,0.0,0.0
1,2,1,1.0000001,0.9996813,0.99968123,0.0,0.0,0.0
1,2,2,1.0000001,0.9996813,0.99968123,0.0,0.0,0.0
1,2,2,0.99968123,1.0,0.99968123,0.0,0.0,0.0
1,2,2,0.99968123,1.0,0.99968123,0.0,0.0,0.0
1,2,2,1.0000001,0.9996813,1.0000001,0.0,0.0,0.0
1,2,2,0.99968123,0.9996813,1.0000001,0.0,0.0,0.0
1,2,2,1.0000001,0.9996813,0.99968123,0.0,0.0,0.0
1,2,2,0.99968123,1.0,1.0000001,0.0,0.0,0.0
1,2,2,0.99968123,0.9996813,0.99968123,0.0,0.0,0.0
1,2,2,0.99968123,1.0,0.99968123,0.0,0.0,0.0
0,0,0,0.8752425,0.8752425,0.8752425,0.0,0.0,0.0
0,0,1,0.8752425,0.8752425,0.8752425,0.0,0.0,0.0
0,0,2,0.8752425,0.9305335,0.9305335,0.0,0.4426229508196722,0.4426229508196722
1,1,1,0.90168226,0.8752425,0.8752425,0.544,0.0,0.0
1,1,1,0.87823224,0.87621975,0.90033495,0.0,0.3873873873873874,0.4299065420560748
1,1,1,0.9305335,0.87572694,0.9305335,0.4426229508196722,0.0,0.4426229508196722
1,1,1,0.9305335,0.90812343,0.9215745,0.4426229508196722,0.3773584905660377,0.4285714285714286
1,1,1,0.9095381,0.89808947,0.87270355,0.3913043478260869,0.4838709677419355,0.0
1,1,1,0.8994775,0.8997605,0.8752425,0.4719101123595506,0.4299065420560748,0.0
1,1,1,0.90784144,0.8752425,0.8927095,0.3773584905660377,0.0,0.3260869565217391
1,1,1,0.8752425,0.8714937,0.9033451,0.0,0.0,0.5378151260504201
1,1,1,0.8752425,0.91087776,0.8752425,0.0,0.3739130434782608,0.0
1,1,2,0.90033495,0.92715126,0.90954095,0.4299065420560748,0.4621848739495798,0.3246753246753247
1,1,2,0.8752425,0.8714937,0.9006237,0.0,0.0,0.5365853658536586
1,1,2,0.9183774,0.9305335,0.8752425,0.4888888888888889,0.4426229508196722,0.0
1,1,2,0.8752425,0.8650963,0.9296299,0.0,0.4320987654320988,0.4224137931034483
1,1,2,0.8752425,0.9163717,0.8752425,0.0,0.3451327433628318,0.0
1,1,2,0.9006237,0.8465462,0.9031389,0.5365853658536586,0.2954545454545454,0.5042016806722689
1,1,2,0.8752425,0.90368176,0.9062046,0.0,0.4408602150537635,0.273972602739726
1,1,2,0.8752425,0.8752425,0.9007928,0.0,0.0,0.4
1,1,2,0.8844687,0.931376,0.8752425,0.4051724137931034,0.4137931034482759,0.0
1,2,1,0.90099573,0.9305335,0.89808947,0.4454545454545454,0.4426229508196722,0.4725274725274725
1,2,1,0.89431643,0.89808947,0.89808947,0.3472222222222222,0.5051546391752577,0.4893617021276596
1,2,1,0.8752425,0.90168226,0.9305335,0.0,0.544,0.4426229508196722
1,2,1,0.8752425,0.8752425,0.8752425,0.0,0.0,0.0
1,2,1,0.90981627,0.8752425,0.88268185,0.3364485981308411,0.0,0.4065934065934066
1,2,1,0.8752425,0.9024042,0.8752425,0.0,0.3577981651376146,0.0
1,2,1,0.89431643,0.8752425,0.8714937,0.5,0.0,0.0
1,2,1,0.9305335,0.8962498,0.89431643,0.4426229508196722,0.368421052631579,0.3896103896103896
1,2,1,0.8752425,0.87579346,0.8752425,0.0,0.3267326732673267,0.0
1,2,2,0.8752425,0.8829707,0.9030133,0.0,0.0,0.4396551724137931
1,2,2,0.87565136,0.89523524,0.8752425,0.0,0.431578947368421,0.0
1,2,2,0.8752425,0.90458643,0.90469635,0.0,0.4666666666666667,0.2638888888888888
1,2,2,0.8752425,0.8752425,0.8987957,0.0,0.0,0.0
1,2,2,0.8752425,0.91565174,0.8752425,0.0,0.3983050847457627,0.0
1,2,2,0.9137082,0.9355063,0.89808947,0.0,0.4308943089430894,0.3043478260869565
1,2,2,0.8752425,0.8752425,0.87572694,0.0,0.0,0.0
1,2,2,0.91381776,0.8752425,0.9305335,0.3628318584070796,0.0,0.4426229508196722
1,2,2,0.9076488,0.8811066,0.9305335,0.4117647058823529,0.2054794520547945,0.4426229508196722
0,0,0,1.0,1.0,0.8076707,0.0,0.0,0.0
0,0,1,1.0,1.0,1.0,0.0,0.0,0.0
0,0,2,1.0,1.0,1.0,0.0,0.0,0.0
1,1,1,1.0,1.0,1.0,0.0,0.0,0.0
1,1,1,1.0,1.0,1.0,0.0,0.0,0.0
1,1,1,1.0,1.0,1.0,0.0,0.0,0.0
1,1,1,1.0,1.0,1.0,0.0,0.0,0.0
1,1,1,1.0,1.0,1.0,0.0,0.0,0.0
1,1,1,1.0,1.0,1.0,0.0,0.0,0.0
1,1,1,1.0,1.0,1.0,0.0,0.0,0.0
1,1,1,1.0,1.0,1.0,0.0,0.0,0.0
1,1,1,1.0,1.0,1.0,0.0,0.0,0.0
1,1,2,1.0,1.0,1.0,0.0,0.0,0.0
1,1,2,1.0,1.0,1.0,0.0,0.0,0.0
1,1,2,1.0,1.0,1.0,0.0,0.0,0.0
1,1,2,1.0,1.0,1.0,0.0,0.0,0.0
1,1,2,1.0,1.0,1.0,0.0,0.0,0.0
1,1,2,1.0,1.0,1.0,0.0,0.0,0.0
1,1,2,1.0,1.0,1.0,0.0,0.0,0.0
1,1,2,1.0,1.0,1.0,0.0,0.0,0.0
1,1,2,1.0,1.0,1.0,0.0,0.0,0.0
1,2,1,1.0,1.0,1.0,0.0,0.0,0.0
1,2,1,1.0,1.0,1.0,0.0,0.0,0.0
1,2,1,1.0,1.0,1.0,0.0,0.0,0.0
1,2,1,1.0,1.0,1.0,0.0,0.0,0.0
1,2,1,1.0,1.0,1.0,0.0,0.0,0.0
1,2,1,1.0,1.0,1.0,0.0,0.0,0.0
1,2,1,1.0,1.0,1.0,0.0,0.0,0.0
1,2,1,1.0,1.0,1.0,0.0,0.0,0.0
1,2,1,1.0,1.0,1.0,0.0,0.0,0.0
1,2,2,1.0,1.0,1.0,0.0,0.0,0.0
1,2,2,1.0,1.0,1.0,0.0,0.0,0.0
1,2,2,1.0,1.0,1.0,0.0,0.0,0.0
1,2,2,1.0,1.0,1.0,0.0,0.0,0.0
1,2,2,1.0,1.0,1.0,0.0,0.0,0.0
1,2,2,1.0,1.0,1.0,0.0,0.0,0.0
1,2,2,1.0,1.0,1.0,0.0,0.0,0.0
1,2,2,1.0,1.0,1.0,0.0,0.0,0.0
1,2,2,1.0,1.0,1.0,0.0,0.0,0.0
0,0,0,1.0000001,1.0000001,1.0000001,0.0,0.0,0.0
0,0,1,1.0000001,1.0000001,1.0000001,0.0,0.0,0.0
0,0,2,1.0000001,1.0000001,1.0000001,0.0,0.0,0.0
1,1,1,1.0000001,1.0000001,1.0000001,0.0,0.0,0.0
1,1,1,1.0000001,1.0000001,1.0000001,0.0,0.0,0.0
1,1,1,1.0000001,1.0000001,1.0000001,0.0,0.0,0.0
1,1,1,1.0000001,1.0000001,1.0000001,0.0,0.0,0.0
1,1,1,1.0000001,1.0000001,1.0000001,0.0,0.0,0.0
1,1,1,0.9946642,1.0000001,1.0000001,0.0,0.0,0.0
1,1,1,1.0000001,1.0000001,1.0000001,0.0,0.0,0.0
1,1,1,1.0000001,1.0000001,0.88051796,0.0,0.0,0.0
1,1,1,0.9920651,1.0000001,1.0000001,0.0,0.0,0.0
1,1,2,1.0000001,1.0000001,1.0000001,0.0,0.0,0.0
1,1,2,1.0000001,1.0000001,1.0000001,0.0,0.0,0.0
1,1,2,1.0000001,1.0000001,1.0000001,0.0,0.0,0.0
1,1,2,1.0000001,1.0000001,1.0000001,0.0,0.0,0.0
1,1,2,1.0000001,1.0000001,1.0000001,0.0,0.0,0.0
1,1,2,1.0000001,1.0000001,1.0000001,0.0,0.0,0.0
1,1,2,1.0000001,1.0000001,1.0000001,0.0,0.0,0.0
1,1,2,1.0000001,1.0000001,1.0000001,0.0,0.0,0.0
1,1,2,1.0000001,1.0000001,1.0000001,0.0,0.0,0.0
1,2,1,1.0000001,1.0000001,1.0000001,0.0,0.0,0.0
1,2,1,1.0000001,1.0000001,1.0000001,0.0,0.0,0.0
1,2,1,1.0000001,0.995796,1.0000001,0.0,0.0,0.0
1,2,1,1.0000001,1.0000001,1.0000001,0.0,0.0,0.0
1,2,1,1.0000001,1.0000001,1.0000001,0.0,0.0,0.0
1,2,1,1.0000001,1.0000001,1.0000001,0.0,0.0,0.0
1,2,1,1.0000001,1.0000001,1.0000001,0.0,0.0,0.0
1,2,1,1.0000001,1.0000001,1.0000001,0.0,0.0,0.0
1,2,1,1.0000001,1.0000001,1.0000001,0.0,0.0,0.0
1,2,2,1.0000001,1.0000001,1.0000001,0.0,0.0,0.0
1,2,2,1.0000001,1.0000001,1.0000001,0.0,0.0,0.0
1,2,2,1.0000001,1.0000001,1.0000001,0.0,0.0,0.0
1,2,2,1.0000001,1.0000001,1.0000001,0.0,0.0,0.0
1,2,2,1.0000001,1.0000001,1.0000001,0.0,0.0,0.0
1,2,2,1.0000001,1.0000001,1.0000001,0.0,0.0,0.0
1,2,2,1.0000001,1.0000001,1.0000001,0.0,0.0,0.0
1,2,2,1.0000001,1.0000001,1.0000001,0.0,0.0,0.0
1,2,2,1.0000001,1.0000001,1.0000001,0.0,0.0,0.0
0,0,0,1.0,1.0,1.0,0.0,0.0,0.0
0,0,1,1.0,1.0,1.0,0.0,0.0,0.0
0,0,2,1.0,1.0,1.0,0.0,0.0,0.0
1,1,1,1.0,1.0,1.0,0.0,0.0,0.0
1,1,1,1.0,1.0,1.0,0.0,0.0,0.0
1,1,1,1.0,1.0,1.0,0.0,0.0,0.0
1,1,1,1.0,1.0,1.0,0.0,0.0,0.0
1,1,1,1.0,1.0,1.0,0.0,0.0,0.0
1,1,1,1.0,1.0,1.0,0.0,0.0,0.0
1,1,1,1.0,1.0,1.0,0.0,0.0,0.0
1,1,1,1.0,1.0,1.0,0.0,0.0,0.0
1,1,1,1.0,1.0,1.0,0.0,0.0,0.0
1,1,2,1.0,1.0,1.0,0.0,0.0,0.0
1,1,2,1.0,1.0,1.0,0.0,0.0,0.0
1,1,2,1.0,1.0,1.0,0.0,0.0,0.0
1,1,2,1.0,1.0,1.0,0.0,0.0,0.0
1,1,2,1.0,1.0,1.0,0.0,0.0,0.0
1,1,2,1.0,1.0,1.0,0.0,0.0,0.0
1,1,2,1.0,1.0,1.0,0.0,0.0,0.0
1,1,2,1.0,1.0,1.0,0.0,0.0,0.0
1,1,2,1.0,1.0,1.0,0.0,0.0,0.0
1,2,1,1.0,1.0,1.0,0.0,0.0,0.0
1,2,1,1.0,1.0,1.0,0.0,0.0,0.0
1,2,1,1.0,1.0,1.0,0.0,0.0,0.0
1,2,1,1.0,1.0,1.0,0.0,0.0,0.0
1,2,1,1.0,1.0,1.0,0.0,0.0,0.0
1,2,1,1.0,1.0,1.0,0.0,0.0,0.0
1,2,1,1.0,1.0,1.0,0.0,0.0,0.0
1,2,1,1.0,1.0,1.0,0.0,0.0,0.0
1,2,1,1.0,1.0,1.0,0.0,0.0,0.0
1,2,2,1.0,1.0,1.0,0.0,0.0,0.0
1,2,2,1.0,1.0,1.0,0.0,0.0,0.0
1,2,2,1.0,1.0,1.0,0.0,0.0,0.0
1,2,2,1.0,1.0,1.0,0.0,0.0,0.0
1,2,2,1.0,1.0,1.0,0.0,0.0,0.0
1,2,2,1.0,1.0,1.0,0.0,0.0,0.0
1,2,2,1.0,1.0,1.0,0.0,0.0,0.0
1,2,2,1.0,1.0,1.0,0.0,0.0,0.0
1,2,2,1.0,1.0,1.0,0.0,0.0,0.0
0,0,0,1.0000001,1.0000001,1.0000001,0.0,0.0,0.0
0,0,1,1.0000001,1.0000001,0.99697345,0.0,0.0,0.0
0,0,2,1.0000001,1.0000001,0.9979282,0.0,0.0,0.0
1,1,1,1.0000001,1.0000001,0.9979282,0.0,0.0,0.0
1,1,1,1.0000001,1.0000001,1.0000001,0.0,0.0,0.0
1,1,1,1.0000001,1.0000001,0.9970765,0.0,0.0,0.0
1,1,1,1.0000001,1.0000001,0.9979282,0.0,0.0,0.0
1,1,1,1.0000001,1.0000001,0.9979282,0.0,0.0,0.0
1,1,1,0.9979282,0.9979282,0.9979282,0.0,0.0,0.0
1,1,1,1.0000001,1.0000001,0.9979282,0.0,0.0,0.0
1,1,1,1.0000001,1.0000001,0.9979282,0.0,0.0,0.0
1,1,1,1.0000001,1.0000001,0.9979282,0.0,0.0,0.0
1,1,2,1.0000001,0.9979282,0.9979282,0.0,0.0,0.0
1,1,2,1.0000001,1.0000001,0.9979282,0.0,0.0,0.0
1,1,2,1.0000001,1.0000001,0.9979282,0.0,0.0,0.0
1,1,2,0.9979282,1.0000001,0.9979282,0.0,0.0,0.0
1,1,2,1.0000001,1.0000001,0.9979282,0.0,0.0,0.0
1,1,2,0.9979282,1.0000001,0.9979282,0.0,0.0,0.0
1,1,2,1.0000001,1.0000001,0.9979282,0.0,0.0,0.0
1,1,2,0.9979282,1.0000001,0.9979282,0.0,0.0,0.0
1,1,2,1.0000001,1.0000001,0.9979282,0.0,0.0,0.0
1,2,1,1.0000001,1.0000001,0.9979282,0.0,0.0,0.0
1,2,1,1.0000001,1.0000001,0.99225444,0.0,0.0,0.0
1,2,1,1.0000001,1.0000001,0.9979282,0.0,0.0,0.0
1,2,1,1.0000001,0.9979282,0.98503673,0.0,0.0,0.0
1,2,1,1.0000001,0.9979282,1.0000001,0.0,0.0,0.0
1,2,1,0.9979282,1.0000001,0.9979282,0.0,0.0,0.0
1,2,1,1.0000001,1.0000001,0.9979282,0.0,0.0,0.0
1,2,1,1.0000001,1.0000001,0.9979282,0.0,0.0,0.0
1,2,1,1.0000001,1.0000001,0.9979282,0.0,0.0,0.0
1,2,2,0.9979282,1.0000001,0.9979282,0.0,0.0,0.0
1,2,2,1.0000001,0.9979282,0.9979282,0.0,0.0,0.0
1,2,2,1.0000001,0.9979282,0.9979282,0.0,0.0,0.0
1,2,2,1.0000001,1.0000001,0.9979282,0.0,0.0,0.0
1,2,2,1.0000001,1.0000001,0.9979282,0.0,0.0,0.0
1,2,2,1.0000001,0.9979282,0.9979282,0.0,0.0,0.0
1,2,2,1.0000001,1.0000001,0.9979282,0.0,0.0,0.0
1,2,2,1.0000001,0.9979282,0.9979282,0.0,0.0,0.0
1,2,2,1.0000001,1.0000001,0.9979282,0.0,0.0,0.0
0,0,0,1.0,0.725407,0.8294245,0.0,0.0,0.0
0,0,1,1.0,0.70244837,0.7208056,0.0,0.0,0.0
0,0,2,1.0,0.7568648,1.0,0.0,0.0,0.0
1,1,1,1.0,0.7047173,1.0,0.0,0.0,0.0
1,1,1,1.0,0.79856914,1.0,0.0,0.0,0.0
1,1,1,1.0,0.9845308,1.0,0.0,0.0,0.0
1,1,1,1.0,0.8860892,1.0,0.0,0.0,0.0
1,1,1,1.0,0.7436186,1.0,0.0,0.0,0.0
1,1,1,1.0,1.0,0.9845308,0.0,0.0,0.0
1,1,1,1.0,0.6702558,1.0,0.0,0.0,0.0
1,1,1,1.0,1.0,1.0,0.0,0.0,0.0
1,1,1,1.0,1.0,1.0,0.0,0.0,0.0
1,1,2,1.0,0.73485804,0.7382302,0.0,0.4583333333333333,0.0
1,1,2,1.0,0.7353333,1.0,0.0,0.0,0.0
1,1,2,1.0,0.69540584,0.63620377,0.0,0.3823529411764705,0.0
1,1,2,1.0,0.7122398,1.0,0.0,0.0,0.0
1,1,2,1.0,0.74256736,0.6433871,0.0,0.0,0.0
1,1,2,1.0,0.80862254,1.0,0.0,0.0,0.0
1,1,2,1.0,1.0,0.9805676,0.0,0.0,0.0
1,1,2,1.0,0.7510051,1.0,0.0,0.0,0.0
1,1,2,1.0,1.0,1.0,0.0,0.0,0.0
1,2,1,1.0,0.74594045,0.98708713,0.0,0.0,0.0
1,2,1,1.0,0.7214323,0.8294245,0.0,0.0,0.0
1,2,1,1.0,0.9559172,0.99740803,0.0,0.0,0.0
1,2,1,1.0,0.7598947,1.0,0.0,0.0,0.0
1,2,1,1.0,0.7436186,0.95721364,0.0,0.0,0.0
1,2,1,1.0,0.64835894,1.0,0.0,0.0,0.0
1,2,1,1.0,0.7060549,1.0,0.0,0.0,0.0
1,2,1,1.0,0.66636103,0.96647036,0.0,0.0,0.0
1,2,1,1.0,0.8846177,0.8294245,0.0,0.0,0.0
1,2,2,1.0,0.7185181,1.0,0.0,0.0,0.0
1,2,2,1.0,0.73652047,0.744853,0.0,0.4057971014492754,0.0
1,2,2,1.0,0.66936225,0.6753552,0.0,0.0,0.0
1,2,2,1.0,0.7809121,1.0,0.0,0.0,0.0
1,2,2,1.0,1.0,1.0,0.0,0.0,0.0
1,2,2,0.9771718,0.7507687,0.9642912,0.0,0.0,0.0
1,2,2,1.0,0.9126818,0.98708713,0.0,0.0,0.0
1,2,2,1.0,0.7843232,1.0,0.0,0.0,0.0
1,2,2,1.0,0.76514536,1.0,0.0,0.0,0.0
0,0,0,0.88917375,0.9026172,0.9781539,0.6846846846846847,0.0,0.0258620689655172
0,0,1,0.88917375,0.88917375,0.88917375,0.6846846846846847,0.6846846846846847,0.6846846846846847
0,0,2,0.88917375,0.9641645,0.96634626,0.6846846846846847,0.0,0.0
1,1,1,0.97686464,0.88917375,0.88917375,0.0,0.6846846846846847,0.6846846846846847
1,1,1,0.88917375,0.88917375,0.88917375,0.6846846846846847,0.6846846846846847,0.6846846846846847
1,1,1,0.88917375,0.88917375,0.88917375,0.6846846846846847,0.6846846846846847,0.6846846846846847
1,1,1,0.88917375,0.88917375,0.9679947,0.6846846846846847,0.6846846846846847,0.0
1,1,1,0.88917375,0.88917375,0.9039891,0.6846846846846847,0.6846846846846847,0.375
1,1,1,0.88917375,0.88917375,0.88917375,0.6846846846846847,0.6846846846846847,0.6846846846846847
1,1,1,0.88917375,0.9693228,0.9705492,0.6846846846846847,0.044642857142857,0.0
1,1,1,0.88917375,0.88917375,0.9693228,0.6846846846846847,0.6846846846846847,0.0
1,1,1,0.97686464,0.88917375,0.88917375,0.0,0.6846846846846847,0.6846846846846847
1,1,2,0.9678974,0.88917375,0.9717678,0.0,0.6846846846846847,0.0
1,1,2,0.88917375,0.88917375,0.91349024,0.6846846846846847,0.6788990825688073,0.375
1,1,2,0.88917375,0.95872533,0.88917375,0.6846846846846847,0.0,0.6846846846846847
1,1,2,0.88917375,0.9596059,0.88917375,0.6846846846846847,0.0,0.6846846846846847
1,1,2,0.88917375,0.88917375,0.88917375,0.6846846846846847,0.6846846846846847,0.6846846846846847
1,1,2,0.88917375,0.88917375,0.88917375,0.6846846846846847,0.6846846846846847,0.6846846846846847
1,1,2,0.88917375,0.88917375,0.88917375,0.6846846846846847,0.6846846846846847,0.6846846846846847
1,1,2,0.88917375,0.88917375,0.88917375,0.6846846846846847,0.6846846846846847,0.6846846846846847
1,1,2,0.88917375,0.88917375,0.88917375,0.6846846846846847,0.6846846846846847,0.6846846846846847
1,2,1,0.88917375,0.88917375,0.88917375,0.6846846846846847,0.6846846846846847,0.6846846846846847
1,2,1,0.88917375,0.88917375,0.88917375,0.6846846846846847,0.6846846846846847,0.6846846846846847
1,2,1,0.88917375,0.88917375,0.88917375,0.6846846846846847,0.6846846846846847,0.6846846846846847
1,2,1,0.97686464,0.88917375,0.93694496,0.0,0.6846846846846847,0.0
1,2,1,0.88917375,0.88917375,0.88917375,0.6846846846846847,0.6846846846846847,0.6846846846846847
1,2,1,0.88917375,0.91349024,0.88917375,0.6846846846846847,0.375,0.6846846846846847
1,2,1,0.88917375,0.9567025,0.88917375,0.6846846846846847,0.0,0.6846846846846847
1,2,1,0.88917375,0.88917375,0.88917375,0.6846846846846847,0.6846846846846847,0.6846846846846847
1,2,1,0.88917375,0.88917375,0.88917375,0.6846846846846847,0.6846846846846847,0.6846846846846847
1,2,2,0.88917375,0.88917375,0.9361397,0.6846846846846847,0.6846846846846847,0.0
1,2,2,0.88917375,0.88917375,0.88917375,0.6846846846846847,0.6846846846846847,0.6846846846846847
1,2,2,0.88917375,0.88917375,0.88917375,0.6846846846846847,0.6846846846846847,0.6846846846846847
1,2,2,0.88917375,0.88917375,0.88917375,0.6846846846846847,0.6846846846846847,0.6846846846846847
1,2,2,0.88917375,0.88917375,0.88917375,0.6846846846846847,0.6846846846846847,0.6846846846846847
1,2,2,0.9689929,0.88917375,0.88917375,0.0,0.6846846846846847,0.6846846846846847
1,2,2,0.91349024,0.91349024,0.88917375,0.375,0.375,0.6846846846846847
1,2,2,0.9622478,0.60239035,0.9724097,0.0,0.8461538461538461,0.0
1,2,2,0.88917375,0.88917375,0.88917375,0.6846846846846847,0.6846846846846847,0.6846846846846847
0,0,0,1.0000001,0.765991,0.9998425,0.0,0.0,0.0
0,0,1,1.0000001,0.99944377,0.9805974,0.0,0.0,0.0
0,0,2,0.9998425,0.9998425,1.0000001,0.0,0.0,0.0
1,1,1,0.9998425,0.9998425,0.9998425,0.0,0.0,0.0
1,1,1,0.9998425,0.9998425,0.9998425,0.0,0.0,0.0
1,1,1,0.9998425,0.9998425,1.0000001,0.0,0.0,0.0
1,1,1,1.0000001,0.99976504,0.9998425,0.0,0.0,0.0
1,1,1,0.9998425,0.9998425,0.99976504,0.0,0.0,0.0
1,1,1,0.9998425,0.9998425,0.9998425,0.0,0.0,0.0
1,1,1,0.9998425,0.9998425,0.9998425,0.0,0.0,0.0
1,1,1,0.9998425,0.99976504,0.9803939,0.0,0.0,0.0
1,1,1,0.9998425,0.98783857,1.0000001,0.0,0.0,0.0
1,1,2,1.0000001,0.9998425,0.9998425,0.0,0.0,0.0
1,1,2,1.0000001,0.9998425,0.9998425,0.0,0.0,0.0
1,1,2,1.0000001,0.9998425,0.9998425,0.0,0.0,0.0
1,1,2,0.9998425,0.9998425,0.9998425,0.0,0.0,0.0
1,1,2,0.9998425,0.9995516,1.0000001,0.0,0.0,0.0
1,1,2,0.9998425,0.9998425,0.9811553,0.0,0.0,0.0
1,1,2,0.9998425,0.95523506,0.9805974,0.0,0.0,0.0
1,1,2,0.9998425,0.9998425,0.9998425,0.0,0.0,0.0
1,1,2,0.9998425,0.8895113,0.9998425,0.0,0.0,0.0
1,2,1,0.9995516,0.98783857,0.9998425,0.0,0.0,0.0
1,2,1,1.0000001,0.9998425,0.9998425,0.0,0.0,0.0
1,2,1,0.9998425,0.9998425,0.99802816,0.0,0.0,0.0
1,2,1,0.9998425,0.9998425,0.9998425,0.0,0.0,0.0
1,2,1,0.9998425,0.9998425,0.9998425,0.0,0.0,0.0
1,2,1,1.0000001,0.9998425,0.9803939,0.0,0.0,0.0
1,2,1,0.9998425,0.9998425,1.0000001,0.0,0.0,0.0
1,2,1,0.9998425,0.9998425,0.9998425,0.0,0.0,0.0
1,2,1,0.9998425,0.9995516,0.9998425,0.0,0.0,0.0
1,2,2,0.9998425,0.95483565,0.9998425,0.0,0.0,0.0
1,2,2,1.0000001,0.99976504,0.9998425,0.0,0.0,0.0
1,2,2,1.0000001,0.9998425,0.9998425,0.0,0.0,0.0
1,2,2,0.9998425,0.9998425,0.9803939,0.0,0.0,0.0
1,2,2,0.9998425,0.975371,0.9998425,0.0,0.3928571428571429,0.0
1,2,2,1.0000001,0.9998425,0.9998425,0.0,0.0,0.0
1,2,2,1.0000001,0.9998425,0.9998425,0.0,0.0,0.0
1,2,2,0.9805974,0.9998425,0.9998425,0.0,0.0,0.0
1,2,2,0.9998425,0.9998425,1.0000001,0.0,0.0,0.0
0,0,0,0.9697149,0.9697149,0.9697149,0.4411764705882353,0.4411764705882353,0.4411764705882353
0,0,1,0.9697149,0.9697149,0.9697149,0.4411764705882353,0.4411764705882353,0.4411764705882353
0,0,2,0.9697149,0.9697149,0.9697149,0.4411764705882353,0.4411764705882353,0.4411764705882353
1,1,1,0.9697149,0.9697149,0.9697149,0.4411764705882353,0.4411764705882353,0.4411764705882353
1,1,1,0.9697149,0.9697149,0.9697149,0.4411764705882353,0.4411764705882353,0.4411764705882353
1,1,1,0.9697149,0.9697149,0.9697149,0.4411764705882353,0.4411764705882353,0.4411764705882353
1,1,1,0.9697149,0.9697149,0.9697149,0.4411764705882353,0.4411764705882353,0.4411764705882353
1,1,1,0.9697149,0.9697149,0.9697149,0.4411764705882353,0.4411764705882353,0.4411764705882353
1,1,1,0.9697149,0.9697149,0.9697149,0.4411764705882353,0.4411764705882353,0.4411764705882353
1,1,1,0.9697149,0.9697149,0.9697149,0.4411764705882353,0.4411764705882353,0.4411764705882353
1,1,1,0.9697149,0.9697149,0.9697149,0.4411764705882353,0.4411764705882353,0.4411764705882353
1,1,1,0.9697149,0.9697149,0.9697149,0.4411764705882353,0.4411764705882353,0.4411764705882353
1,1,2,0.9697149,0.9697149,0.9697149,0.4411764705882353,0.4411764705882353,0.4411764705882353
1,1,2,0.9697149,0.9697149,0.9697149,0.4411764705882353,0.4411764705882353,0.4411764705882353
1,1,2,0.9697149,0.9697149,0.9697149,0.4411764705882353,0.4411764705882353,0.4411764705882353
1,1,2,0.9697149,0.9697149,0.9697149,0.4411764705882353,0.4411764705882353,0.4411764705882353
1,1,2,0.9697149,0.9697149,0.9697149,0.4411764705882353,0.4411764705882353,0.4411764705882353
1,1,2,0.9697149,0.9697149,0.9697149,0.4411764705882353,0.4411764705882353,0.4411764705882353
1,1,2,0.9697149,0.9697149,0.9697149,0.4411764705882353,0.4411764705882353,0.4411764705882353
1,1,2,0.9697149,0.9697149,0.9697149,0.4411764705882353,0.4411764705882353,0.4411764705882353
1,1,2,0.9697149,0.9697149,0.9697149,0.4411764705882353,0.4411764705882353,0.4411764705882353
1,2,1,0.9697149,0.9697149,0.9697149,0.4411764705882353,0.4411764705882353,0.4411764705882353
1,2,1,0.9697149,0.9697149,0.9697149,0.4411764705882353,0.4411764705882353,0.4411764705882353
1,2,1,0.9697149,0.9697149,0.9697149,0.4411764705882353,0.4411764705882353,0.4411764705882353
1,2,1,0.9697149,0.9697149,0.9697149,0.4411764705882353,0.4411764705882353,0.4411764705882353
1,2,1,0.9697149,0.9697149,0.9697149,0.4411764705882353,0.4411764705882353,0.4411764705882353
1,2,1,0.9697149,0.9697149,0.9697149,0.4411764705882353,0.4411764705882353,0.4411764705882353
1,2,1,0.9697149,0.9697149,0.9697149,0.4411764705882353,0.4411764705882353,0.4411764705882353
1,2,1,0.9697149,0.9697149,0.9697149,0.4411764705882353,0.4411764705882353,0.4411764705882353
1,2,1,0.9697149,0.9697149,0.9697149,0.4411764705882353,0.4411764705882353,0.4411764705882353
1,2,2,0.9697149,0.9697149,0.9697149,0.4411764705882353,0.4411764705882353,0.4411764705882353
1,2,2,0.9697149,0.9697149,0.9697149,0.4411764705882353,0.4411764705882353,0.4411764705882353
1,2,2,0.9697149,0.9697149,0.9697149,0.4411764705882353,0.4411764705882353,0.4411764705882353
1,2,2,0.9697149,0.9697149,0.9697149,0.4411764705882353,0.4411764705882353,0.4411764705882353
1,2,2,0.9697149,0.9697149,0.9697149,0.4411764705882353,0.4411764705882353,0.4411764705882353
1,2,2,0.9697149,0.9697149,0.9697149,0.4411764705882353,0.4411764705882353,0.4411764705882353
1,2,2,0.9697149,0.9697149,0.9697149,0.4411764705882353,0.4411764705882353,0.4411764705882353
1,2,2,0.9697149,0.9697149,0.9697149,0.4411764705882353,0.4411764705882353,0.4411764705882353
1,2,2,0.9697149,0.9697149,0.9697149,0.4411764705882353,0.4411764705882353,0.4411764705882353
0,0,0,0.83428943,0.83428943,0.83428943,0.544,0.544,0.544
0,0,1,0.83428943,0.83428943,0.83428943,0.544,0.544,0.544
0,0,2,0.83428943,0.7468998,0.83428943,0.544,0.4919354838709677,0.544
1,1,1,0.83428943,0.7468998,0.83428943,0.544,0.4919354838709677,0.544
1,1,1,0.83428943,0.83428943,0.83428943,0.544,0.544,0.544
1,1,1,0.83428943,0.83428943,0.83428943,0.544,0.544,0.544
1,1,1,0.83428943,0.83428943,0.83428943,0.544,0.544,0.544
1,1,1,0.83428943,0.83428943,0.83428943,0.544,0.544,0.544
1,1,1,0.83428943,0.83428943,0.83428943,0.544,0.544,0.544
1,1,1,0.83428943,0.83428943,0.83428943,0.544,0.544,0.544
1,1,1,0.83428943,0.83428943,0.83428943,0.544,0.544,0.544
1,1,1,0.83428943,0.7300389,0.83428943,0.544,0.5123966942148761,0.544
1,1,2,0.83428943,0.83428943,0.83428943,0.544,0.544,0.544
1,1,2,0.83428943,0.83428943,0.83428943,0.544,0.544,0.544
1,1,2,0.83428943,0.83428943,0.83428943,0.544,0.544,0.544
1,1,2,0.83428943,0.83428943,0.83428943,0.544,0.544,0.544
1,1,2,0.83428943,0.83428943,0.83428943,0.544,0.544,0.544
1,1,2,0.83428943,0.71965325,0.83428943,0.544,0.4516129032258065,0.544
1,1,2,0.83428943,0.83428943,0.83428943,0.544,0.544,0.544
1,1,2,0.83428943,0.83428943,0.83428943,0.544,0.544,0.544
1,1,2,0.83428943,0.83428943,0.83428943,0.544,0.544,0.544
1,2,1,0.83428943,0.83428943,0.83428943,0.544,0.544,0.544
1,2,1,0.83428943,0.8580779,0.83428943,0.544,0.5748031496062992,0.544
1,2,1,0.83428943,0.83428943,0.83428943,0.544,0.544,0.544
1,2,1,0.83428943,0.83428943,0.83428943,0.544,0.544,0.544
1,2,1,0.83428943,0.83428943,0.83428943,0.544,0.544,0.544
1,2,1,0.83428943,0.71965325,0.83428943,0.544,0.4516129032258065,0.544
1,2,1,0.83428943,0.83428943,0.83428943,0.544,0.544,0.544
1,2,1,0.83428943,0.7217235,0.83428943,0.544,0.4516129032258065,0.544
1,2,1,0.83428943,0.83428943,0.83428943,0.544,0.544,0.544
1,2,2,0.83428943,0.83428943,0.83428943,0.544,0.544,0.544
1,2,2,0.83428943,0.83428943,0.83428943,0.544,0.544,0.544
1,2,2,0.66110945,0.83428943,0.83428943,0.4803149606299213,0.544,0.544
1,2,2,0.83428943,0.8504143,0.83428943,0.544,0.4645669291338582,0.544
1,2,2,0.83428943,0.8044522,0.83428943,0.544,0.4032258064516129,0.544
1,2,2,0.83428943,0.83428943,0.83428943,0.544,0.544,0.544
1,2,2,0.83428943,0.7217235,0.83428943,0.544,0.4516129032258065,0.544
1,2,2,0.83428943,0.83428943,0.83428943,0.544,0.544,0.544
1,2,2,0.83428943,0.83428943,0.83428943,0.544,0.544,0.544
0,0,0,0.96804726,0.96804726,0.98082304,0.6388888888888888,0.6388888888888888,0.0
0,0,1,0.96804726,0.96823597,0.96823597,0.6388888888888888,0.6363636363636364,0.4893617021276596
0,0,2,0.96804726,0.96804726,0.96823597,0.6388888888888888,0.6388888888888888,0.4893617021276596
1,1,1,0.97495735,0.96804726,0.96823597,0.5285714285714286,0.6388888888888888,0.4893617021276596
1,1,1,0.9747286,0.96804726,0.9677583,0.536231884057971,0.6388888888888888,0.5714285714285714
1,1,1,0.96823597,0.96804726,0.9677583,0.4893617021276596,0.6388888888888888,0.564516129032258
1,1,1,0.97495735,0.96823597,0.96823597,0.5285714285714286,0.6363636363636364,0.4285714285714286
1,1,1,0.96823597,0.96804726,0.9747286,0.4893617021276596,0.6338028169014085,0.536231884057971
1,1,1,0.96823597,0.96804726,0.96804726,0.4893617021276596,0.6388888888888888,0.6388888888888888
1,1,1,0.9677583,0.96804726,0.9677583,0.564516129032258,0.6388888888888888,0.564516129032258
1,1,1,0.96804726,0.96823597,0.96823597,0.6388888888888888,0.4893617021276596,0.4285714285714286
1,1,1,0.9677583,0.96804726,0.96804726,0.578125,0.6388888888888888,0.6388888888888888
1,1,2,0.97495735,0.97495735,0.9677583,0.5285714285714286,0.5285714285714286,0.564516129032258
1,1,2,0.9747286,0.96804726,0.9677583,0.536231884057971,0.6388888888888888,0.5714285714285714
1,1,2,0.96804726,0.96804726,0.96804726,0.6388888888888888,0.6388888888888888,0.6388888888888888
1,1,2,0.96804726,0.9747286,0.96823597,0.6388888888888888,0.536231884057971,0.4893617021276596
1,1,2,0.96804726,0.96804726,0.96804726,0.6388888888888888,0.6388888888888888,0.6388888888888888
1,1,2,0.96823597,0.9677583,0.83365685,0.4893617021276596,0.564516129032258,0.4861111111111111
1,1,2,0.9747286,0.96804726,0.96823597,0.536231884057971,0.6388888888888888,0.4285714285714286
1,1,2,0.9747286,0.96804726,0.96823597,0.536231884057971,0.6388888888888888,0.4285714285714286
1,1,2,0.96823597,0.96804726,0.96804726,0.5,0.6388888888888888,0.6388888888888888
1,2,1,0.96804726,0.96804726,0.96823597,0.6388888888888888,0.6388888888888888,0.4285714285714286
1,2,1,0.96823597,0.9747286,0.9677583,0.4285714285714286,0.536231884057971,0.564516129032258
1,2,1,0.96804726,0.96804726,0.96823597,0.6388888888888888,0.6388888888888888,0.4285714285714286
1,2,1,0.9747286,0.96804726,0.96804726,0.536231884057971,0.6388888888888888,0.6388888888888888
1,2,1,0.96804726,0.96804726,0.97495735,0.6388888888888888,0.6388888888888888,0.5285714285714286
1,2,1,0.96823597,0.97495735,0.9677583,0.4893617021276596,0.5285714285714286,0.578125
1,2,1,0.96804726,0.96804726,0.96823597,0.6388888888888888,0.6388888888888888,0.4285714285714286
1,2,1,0.96804726,0.96804726,0.96823597,0.6388888888888888,0.6388888888888888,0.4893617021276596
1,2,1,0.96804726,0.96823597,0.96823597,0.6388888888888888,0.4285714285714286,0.4285714285714286
1,2,2,0.96804726,0.96823597,0.96823597,0.6388888888888888,0.4893617021276596,0.4285714285714286
1,2,2,0.96823597,0.96804726,0.9677583,0.4285714285714286,0.6388888888888888,0.578125
1,2,2,0.85543823,0.96823597,0.96823597,0.5138888888888888,0.4893617021276596,0.4285714285714286
1,2,2,0.96804726,0.9677583,0.96823597,0.6388888888888888,0.578125,0.4285714285714286
1,2,2,0.96823597,0.9677583,0.9677583,0.4285714285714286,0.564516129032258,0.564516129032258
1,2,2,0.96823597,0.96804726,0.96804726,0.4893617021276596,0.6388888888888888,0.6388888888888888
1,2,2,0.9677583,0.97495735,0.9677583,0.578125,0.5285714285714286,0.578125
1,2,2,0.96804726,0.96804726,0.96823597,0.6338028169014085,0.6388888888888888,0.4285714285714286
1,2,2,0.9677583,0.96823597,0.9747286,0.564516129032258,0.4285714285714286,0.536231884057971
0,0,0,0.87130785,0.87130785,0.87130785,0.4887218045112782,0.4887218045112782,0.4887218045112782
0,0,1,0.87130785,0.87130785,0.87130785,0.4887218045112782,0.4887218045112782,0.4887218045112782
0,0,2,0.87130785,0.87130785,0.87130785,0.4887218045112782,0.4887218045112782,0.4887218045112782
1,1,1,0.87130785,0.87130785,0.87130785,0.4887218045112782,0.4887218045112782,0.4887218045112782
1,1,1,0.87130785,0.87130785,0.87130785,0.4887218045112782,0.4887218045112782,0.4887218045112782
1,1,1,0.87130785,0.87130785,0.87130785,0.4887218045112782,0.4887218045112782,0.4887218045112782
1,1,1,0.87130785,0.87130785,0.87130785,0.4887218045112782,0.4887218045112782,0.4887218045112782
1,1,1,0.87130785,0.87130785,0.87130785,0.4887218045112782,0.4887218045112782,0.4887218045112782
1,1,1,0.87130785,0.87130785,0.87130785,0.4887218045112782,0.4887218045112782,0.4887218045112782
1,1,1,0.87130785,0.87130785,0.87130785,0.4887218045112782,0.4887218045112782,0.4887218045112782
1,1,1,0.87130785,0.87130785,0.87130785,0.4887218045112782,0.4887218045112782,0.4887218045112782
1,1,1,0.87130785,0.87130785,0.87130785,0.4887218045112782,0.4887218045112782,0.4887218045112782
1,1,2,0.87130785,0.87130785,0.87130785,0.4887218045112782,0.4887218045112782,0.4887218045112782
1,1,2,0.87130785,0.87130785,0.87130785,0.4887218045112782,0.4887218045112782,0.4887218045112782
1,1,2,0.87130785,0.87130785,0.87130785,0.4887218045112782,0.4887218045112782,0.4887218045112782
1,1,2,0.87130785,0.87130785,0.87130785,0.4887218045112782,0.4887218045112782,0.4887218045112782
1,1,2,0.87130785,0.87130785,0.87130785,0.4887218045112782,0.4887218045112782,0.4887218045112782
1,1,2,0.87130785,0.87130785,0.87130785,0.4887218045112782,0.4887218045112782,0.4887218045112782
1,1,2,0.87130785,0.87130785,0.87130785,0.4887218045112782,0.4887218045112782,0.4887218045112782
1,1,2,0.87130785,0.87130785,0.87130785,0.4887218045112782,0.4887218045112782,0.4887218045112782
1,1,2,0.87130785,0.87130785,0.87130785,0.4887218045112782,0.4887218045112782,0.4887218045112782
1,2,1,0.87130785,0.87130785,0.87130785,0.4887218045112782,0.4887218045112782,0.4887218045112782
1,2,1,0.87130785,0.87130785,0.87130785,0.4887218045112782,0.4887218045112782,0.4887218045112782
1,2,1,0.87130785,0.87130785,0.87130785,0.4887218045112782,0.4887218045112782,0.4887218045112782
1,2,1,0.87130785,0.87130785,0.87130785,0.4887218045112782,0.4887218045112782,0.4887218045112782
1,2,1,0.87130785,0.87130785,0.87130785,0.4887218045112782,0.4887218045112782,0.4887218045112782
1,2,1,0.87130785,0.87130785,0.87130785,0.4887218045112782,0.4887218045112782,0.4887218045112782
1,2,1,0.87130785,0.87130785,0.87130785,0.4887218045112782,0.4887218045112782,0.4887218045112782
1,2,1,0.87130785,0.87130785,0.87130785,0.4887218045112782,0.4887218045112782,0.4887218045112782
1,2,1,0.87130785,0.87130785,0.87130785,0.4887218045112782,0.4887218045112782,0.4887218045112782
1,2,2,0.87130785,0.87130785,0.87130785,0.4887218045112782,0.4887218045112782,0.4887218045112782
1,2,2,0.87130785,0.87130785,0.87130785,0.4887218045112782,0.4887218045112782,0.4887218045112782
1,2,2,0.87130785,0.87130785,0.87130785,0.4887218045112782,0.4887218045112782,0.4887218045112782
1,2,2,0.87130785,0.87130785,0.87130785,0.4887218045112782,0.4887218045112782,0.4887218045112782
1,2,2,0.87130785,0.87130785,0.87130785,0.4887218045112782,0.4887218045112782,0.4887218045112782
1,2,2,0.87130785,0.87130785,0.87130785,0.4887218045112782,0.4887218045112782,0.4887218045112782
1,2,2,0.87130785,0.87130785,0.89096653,0.4887218045112782,0.4887218045112782,0.446969696969697
1,2,2,0.87130785,0.87130785,0.87130785,0.4887218045112782,0.4887218045112782,0.4887218045112782
1,2,2,0.87130785,0.87130785,0.87130785,0.4887218045112782,0.4887218045112782,0.4887218045112782
0,0,0,0.9856831,0.9856831,0.98463655,0.5151515151515151,0.5151515151515151,0.5151515151515151
0,0,1,0.9856831,0.9856831,0.9856831,0.5151515151515151,0.5151515151515151,0.5151515151515151
0,0,2,0.9856831,0.98448575,0.91753083,0.5151515151515151,0.5151515151515151,0.0
1,1,1,0.9854169,0.9856831,0.94847,0.5151515151515151,0.5151515151515151,0.2962962962962963
1,1,1,0.9856831,0.98448575,0.9312245,0.5151515151515151,0.5151515151515151,0.0
1,1,1,0.9854169,0.9856831,0.93500876,0.5151515151515151,0.5151515151515151,0.0
1,1,1,0.9856831,0.9856831,0.8120178,0.5151515151515151,0.5151515151515151,0.5
1,1,1,0.98463655,0.9856831,0.91209984,0.0,0.5151515151515151,0.0
1,1,1,0.9856831,0.9854169,0.98448575,0.5151515151515151,0.5151515151515151,0.5151515151515151
1,1,1,0.9856831,0.9856831,0.98448575,0.5151515151515151,0.0,0.0
1,1,1,0.98448575,0.9856831,0.93242705,0.5151515151515151,0.5151515151515151,0.0
1,1,1,0.98448575,0.9856831,0.73840344,0.5151515151515151,0.5151515151515151,0.0
1,1,2,0.9854169,0.9854169,0.98448575,0.5151515151515151,0.5151515151515151,0.0
1,1,2,0.9856831,0.9856831,0.9738623,0.5151515151515151,0.5151515151515151,0.0
1,1,2,0.98448575,0.9854169,0.9268805,0.5151515151515151,0.5151515151515151,0.0
1,1,2,0.98448575,0.98448575,0.98448575,0.5151515151515151,0.5151515151515151,0.0
1,1,2,0.9856831,0.9856831,0.9738623,0.5151515151515151,0.5151515151515151,0.576271186440678
1,1,2,0.9856831,0.9854169,0.96433,0.5151515151515151,0.5151515151515151,0.0
1,1,2,0.9856831,0.98448575,0.95948017,0.5151515151515151,0.5151515151515151,0.3260869565217391
1,1,2,0.9856831,0.9856831,0.72858626,0.5151515151515151,0.5151515151515151,0.0
1,1,2,0.9856831,0.9854169,0.9856831,0.5151515151515151,0.5151515151515151,0.0
1,2,1,0.9856831,0.9854169,0.9254598,0.5151515151515151,0.5151515151515151,0.0
1,2,1,0.9856831,0.9856831,0.54779184,0.5151515151515151,0.5151515151515151,0.0
1,2,1,0.98448575,0.98448575,0.54779184,0.5151515151515151,0.5151515151515151,0.0
1,2,1,0.9856831,0.9854169,0.73840344,0.5151515151515151,0.5151515151515151,0.0
1,2,1,0.9854169,0.98448575,0.73840344,0.5151515151515151,0.5151515151515151,0.0
1,2,1,0.98448575,0.9856831,0.98448575,0.5151515151515151,0.5151515151515151,0.0
1,2,1,0.9856831,0.98448575,0.98463655,0.5151515151515151,0.5151515151515151,0.5151515151515151
1,2,1,0.9854169,0.9856831,0.98448575,0.5151515151515151,0.5151515151515151,0.5151515151515151
1,2,1,0.98448575,0.9856831,0.90102303,0.5151515151515151,0.5151515151515151,0.0
1,2,2,0.9856831,0.9856831,0.98448575,0.5151515151515151,0.0,0.5151515151515151
1,2,2,0.9856831,0.9854169,0.97624636,0.5151515151515151,0.5151515151515151,0.0
1,2,2,0.9854169,0.98448575,0.95202255,0.5151515151515151,0.5151515151515151,0.0
1,2,2,0.9856831,0.98448575,0.9738623,0.0,0.5151515151515151,0.0
1,2,2,0.9856831,0.9856831,0.97970337,0.5151515151515151,0.5151515151515151,0.0
1,2,2,0.9856831,0.98448575,0.9618652,0.0,0.5151515151515151,0.0
1,2,2,0.9854169,0.98448575,0.98448575,0.5151515151515151,0.5151515151515151,0.5151515151515151
1,2,2,0.9856831,0.9856831,0.98448575,0.5151515151515151,0.5151515151515151,0.5151515151515151
1,2,2,0.9854169,0.9856831,0.98448575,0.5151515151515151,0.5151515151515151,0.0
0,0,0,0.9551763,0.9551763,0.9551763,0.4404761904761904,0.4404761904761904,0.4404761904761904
0,0,1,0.9551763,0.9551763,0.9551763,0.4404761904761904,0.4404761904761904,0.4404761904761904
0,0,2,0.9551763,0.9551763,0.9551763,0.4404761904761904,0.4404761904761904,0.4404761904761904
1,1,1,0.9551763,0.9551763,0.9551763,0.4404761904761904,0.4404761904761904,0.4404761904761904
1,1,1,0.9551763,0.9551763,0.9551763,0.4404761904761904,0.4404761904761904,0.4404761904761904
1,1,1,0.9551763,0.9551763,0.9551763,0.4404761904761904,0.4404761904761904,0.4404761904761904
1,1,1,0.9551763,0.9551763,0.9551763,0.4404761904761904,0.4404761904761904,0.4404761904761904
1,1,1,0.9551763,0.9551763,0.9551763,0.4404761904761904,0.4404761904761904,0.4404761904761904
1,1,1,0.9551763,0.9551763,0.9551763,0.4404761904761904,0.4404761904761904,0.4404761904761904
1,1,1,0.9551763,0.9551763,0.9551763,0.4404761904761904,0.4404761904761904,0.4404761904761904
1,1,1,0.9551763,0.9551763,0.9551763,0.4404761904761904,0.4404761904761904,0.4404761904761904
1,1,1,0.9551763,0.9551763,0.9551763,0.4404761904761904,0.4404761904761904,0.4404761904761904
1,1,2,0.9551763,0.9551763,0.9551763,0.4404761904761904,0.4404761904761904,0.4404761904761904
1,1,2,0.9551763,0.9551763,0.9547813,0.4404761904761904,0.4404761904761904,0.0
1,1,2,0.9551763,0.9551763,0.9551763,0.4404761904761904,0.4404761904761904,0.4404761904761904
1,1,2,0.9551763,0.9551763,0.9551763,0.4404761904761904,0.4404761904761904,0.4404761904761904
1,1,2,0.9551763,0.9551763,0.9551763,0.4404761904761904,0.4404761904761904,0.4404761904761904
1,1,2,0.9551763,0.9551763,0.9551763,0.4404761904761904,0.4404761904761904,0.4404761904761904
1,1,2,0.9551763,0.9551763,0.9551763,0.4404761904761904,0.4404761904761904,0.4404761904761904
1,1,2,0.9551763,0.9551763,0.9551763,0.4404761904761904,0.4404761904761904,0.4404761904761904
1,1,2,0.9551763,0.9551763,0.9551763,0.4404761904761904,0.4404761904761904,0.4404761904761904
1,2,1,0.9551763,0.9551763,0.9551763,0.4404761904761904,0.4404761904761904,0.4404761904761904
1,2,1,0.9551763,0.9551763,0.9551763,0.4404761904761904,0.4404761904761904,0.4404761904761904
1,2,1,0.9551763,0.9551763,0.9551763,0.4404761904761904,0.4404761904761904,0.4404761904761904
1,2,1,0.9551763,0.9551763,0.9551763,0.4404761904761904,0.4404761904761904,0.4404761904761904
1,2,1,0.9551763,0.9551763,0.9551763,0.4404761904761904,0.4404761904761904,0.4404761904761904
1,2,1,0.9551763,0.9551763,0.9551763,0.4404761904761904,0.4404761904761904,0.4404761904761904
1,2,1,0.9551763,0.9551763,0.9551763,0.4404761904761904,0.4404761904761904,0.4404761904761904
1,2,1,0.9551763,0.9551763,0.9551763,0.4404761904761904,0.4404761904761904,0.4404761904761904
1,2,1,0.9551763,0.9551763,0.9551763,0.4404761904761904,0.4404761904761904,0.4404761904761904
1,2,2,0.9551763,0.9551763,0.9551763,0.4404761904761904,0.4404761904761904,0.4404761904761904
1,2,2,0.9551763,0.9551763,0.9551763,0.4404761904761904,0.4404761904761904,0.4404761904761904
1,2,2,0.9551763,0.9551763,0.9551763,0.4404761904761904,0.4404761904761904,0.4404761904761904
1,2,2,0.9551763,0.9551763,0.9551763,0.4404761904761904,0.4404761904761904,0.4404761904761904
1,2,2,0.9551763,0.9551763,0.9551763,0.4404761904761904,0.4404761904761904,0.4404761904761904
1,2,2,0.9551763,0.9551763,0.9551763,0.4404761904761904,0.4404761904761904,0.4404761904761904
1,2,2,0.9551763,0.9551763,0.9551763,0.4404761904761904,0.4404761904761904,0.4404761904761904
1,2,2,0.9551763,0.9551763,0.9551763,0.4404761904761904,0.4404761904761904,0.4404761904761904
1,2,2,0.9551763,0.9551763,0.9551763,0.4404761904761904,0.4404761904761904,0.4404761904761904
0,0,0,0.8743013,0.86344135,0.8743013,0.424,0.2619047619047618,0.424
0,0,1,0.8743013,0.81152153,0.8743013,0.424,0.0,0.424
0,0,2,0.86344135,0.8743013,0.83264375,0.2619047619047618,0.424,0.4608695652173913
1,1,1,0.82380855,0.8743013,0.83264375,0.4646464646464646,0.424,0.4608695652173913
1,1,1,0.8743013,0.8743013,0.86344135,0.424,0.424,0.2619047619047618
1,1,1,0.86344135,0.8213479,0.8773448,0.2619047619047618,0.5655737704918034,0.424
1,1,1,0.8590048,0.8743013,0.86674833,0.4959349593495935,0.424,0.424
1,1,1,0.83264375,0.8743013,0.8590048,0.4608695652173913,0.424,0.4959349593495935
1,1,1,0.86344135,0.8743013,0.8053605,0.2619047619047618,0.424,0.375
1,1,1,0.8606952,0.8743013,0.8743013,0.2619047619047618,0.424,0.424
1,1,1,0.86344135,0.86674833,0.86344135,0.2619047619047618,0.424,0.2619047619047618
1,1,1,0.81152153,0.86674833,0.8743013,0.150943396226415,0.424,0.424
1,1,2,0.8606952,0.86344135,0.8743013,0.2619047619047618,0.2619047619047618,0.424
1,1,2,0.8743013,0.83264375,0.8606952,0.424,0.4608695652173913,0.2619047619047618
1,1,2,0.8743013,0.8743013,0.83264375,0.424,0.424,0.4608695652173913
1,1,2,0.8743013,0.8743013,0.86674833,0.424,0.424,0.424
1,1,2,0.8606952,0.86344135,0.8743013,0.2619047619047618,0.2619047619047618,0.424
1,1,2,0.8773448,0.86344135,0.86674833,0.424,0.2619047619047618,0.424
1,1,2,0.86674833,0.83264375,0.86674833,0.424,0.4608695652173913,0.424
1,1,2,0.86344135,0.86674833,0.8743013,0.2619047619047618,0.424,0.424
1,1,2,0.90029156,0.8743013,0.82380855,0.43,0.424,0.5691056910569106
1,2,1,0.83264375,0.86344135,0.86674833,0.4608695652173913,0.2619047619047618,0.424
1,2,1,0.8743013,0.8743013,0.8743013,0.424,0.424,0.424
1,2,1,0.86674833,0.82380855,0.8743013,0.424,0.4646464646464646,0.424
1,2,1,0.8590048,0.8606952,0.8743013,0.4959349593495935,0.2619047619047618,0.424
1,2,1,0.8743013,0.8743013,0.8743013,0.424,0.424,0.424
1,2,1,0.8606952,0.8743013,0.82380855,0.2619047619047618,0.424,0.5691056910569106
1,2,1,0.8743013,0.8743013,0.86674833,0.424,0.424,0.424
1,2,1,0.8743013,0.8743013,0.81152153,0.424,0.424,0.3571428571428571
1,2,1,0.8743013,0.8743013,0.8743013,0.424,0.424,0.424
1,2,2,0.8743013,0.8743013,0.8743013,0.424,0.424,0.424
1,2,2,0.86674833,0.8590048,0.8606952,0.424,0.4959349593495935,0.2619047619047618
1,2,2,0.8590048,0.8743013,0.8606952,0.4959349593495935,0.424,0.2619047619047618
1,2,2,0.8743013,0.86674833,0.8743013,0.424,0.424,0.424
1,2,2,0.82380855,0.8743013,0.8590048,0.5691056910569106,0.424,0.4959349593495935
1,2,2,0.8590048,0.8743013,0.8606952,0.4959349593495935,0.424,0.2619047619047618
1,2,2,0.827068,0.8743013,0.8773448,0.4608695652173913,0.424,0.424
1,2,2,0.844451,0.8743013,0.86674833,0.4545454545454546,0.424,0.424
1,2,2,0.8743013,0.8743013,0.8743013,0.424,0.424,0.424
0,0,0,0.862166,0.862166,0.7718321,0.4770642201834862,0.4770642201834862,0.0
0,0,1,0.82844377,0.7718321,0.8366829,0.5892857142857143,0.0,0.584070796460177
0,0,2,0.82844377,0.862166,0.8366829,0.5892857142857143,0.4770642201834862,0.584070796460177
1,1,1,0.82844377,0.82844377,0.82844377,0.5892857142857143,0.5892857142857143,0.5892857142857143
1,1,1,0.84853435,0.7668358,0.75237393,0.5,0.4380952380952381,0.2159090909090909
1,1,1,0.8063548,0.82844377,0.75326955,0.6330275229357798,0.5892857142857143,0.6055045871559632
1,1,1,0.82844377,0.7306359,0.85605615,0.5892857142857143,0.4259259259259259,0.2209302325581394
1,1,1,0.82844377,0.8319224,0.82844377,0.5892857142857143,0.584070796460177,0.5892857142857143
1,1,1,0.82844377,0.82844377,0.8747586,0.5892857142857143,0.5892857142857143,0.0
1,1,1,0.82844377,0.82844377,0.8964338,0.5892857142857143,0.5892857142857143,0.0
1,1,1,0.82844377,0.82844377,0.8522415,0.5892857142857143,0.5892857142857143,0.2771084337349397
1,1,1,0.8063548,0.862166,0.8802564,0.6330275229357798,0.4770642201834862,0.2395833333333333
1,1,2,0.82844377,0.82844377,0.7837723,0.5892857142857143,0.5892857142857143,0.2638888888888888
1,1,2,0.6889882,0.82844377,0.7033296,0.5377358490566038,0.5892857142857143,0.5566037735849056
1,1,2,0.82844377,0.8832239,0.7140711,0.5892857142857143,0.3457943925233645,0.4392523364485982
1,1,2,0.82844377,0.732102,0.7304785,0.5892857142857143,0.2602739726027397,0.2705882352941177
1,1,2,0.82844377,0.82844377,0.73482335,0.5892857142857143,0.5892857142857143,0.5327102803738317
1,1,2,0.68166584,0.82844377,0.8747586,0.6732673267326732,0.5892857142857143,0.0
1,1,2,0.82844377,0.82844377,0.7970305,0.5892857142857143,0.5892857142857143,0.4380952380952381
1,1,2,0.7194966,0.82844377,0.7238601,0.5858585858585859,0.5892857142857143,0.2888888888888888
1,1,2,0.7718321,0.7718321,0.7905152,0.6511627906976745,0.6153846153846154,0.0
1,2,1,0.82844377,0.82844377,0.8746326,0.5892857142857143,0.5892857142857143,0.0
1,2,1,0.82844377,0.7718321,0.7834867,0.5892857142857143,0.7142857142857143,0.5607476635514019
1,2,1,0.82844377,0.862166,0.8551278,0.5892857142857143,0.4770642201834862,0.3404255319148936
1,2,1,0.82844377,0.8319224,0.8268732,0.5892857142857143,0.584070796460177,0.6126126126126126
1,2,1,0.82844377,0.867022,0.8178767,0.5892857142857143,0.4864864864864865,0.2435897435897436
1,2,1,0.82844377,0.82844377,0.7975894,0.5892857142857143,0.5892857142857143,0.7217391304347827
1,2,1,0.82844377,0.82844377,0.82245857,0.5892857142857143,0.5892857142857143,0.2233009708737864
1,2,1,0.82844377,0.82844377,0.81383204,0.5892857142857143,0.5892857142857143,0.6055045871559632
1,2,1,0.82844377,0.6945055,0.8576956,0.5892857142857143,0.7314814814814814,0.2117647058823529
1,2,2,0.862166,0.82844377,0.82844377,0.4770642201834862,0.5892857142857143,0.5892857142857143
1,2,2,0.82844377,0.78667057,0.79621136,0.5892857142857143,0.6126126126126126,0.2857142857142857
1,2,2,0.82844377,0.7700238,0.7396944,0.5892857142857143,0.7142857142857143,0.7079646017699115
1,2,2,0.862166,0.7700238,0.7711042,0.4770642201834862,0.0,0.5607476635514019
1,2,2,0.7718321,0.7700238,0.8366829,0.0,0.625,0.584070796460177
1,2,2,0.7718321,0.7700238,0.8593284,0.0,0.6511627906976745,0.1919191919191919
1,2,2,0.82844377,0.862166,0.81717086,0.5892857142857143,0.4770642201834862,0.2948717948717948
1,2,2,0.8379562,0.82844377,0.82844377,0.5978260869565217,0.5892857142857143,0.5892857142857143
1,2,2,0.82844377,0.862166,0.7606029,0.5892857142857143,0.4770642201834862,0.6607142857142857
0,0,0,0.8205541,0.8205541,0.8205541,0.1428571428571429,0.1428571428571429,0.1428571428571429
0,0,1,0.8205541,0.8205541,0.8205541,0.1428571428571429,0.1428571428571429,0.1428571428571429
0,0,2,0.8205541,0.8205541,0.8205541,0.1428571428571429,0.1428571428571429,0.1428571428571429
1,1,1,0.8205541,0.8205541,0.8205541,0.1428571428571429,0.1428571428571429,0.1428571428571429
1,1,1,0.8205541,0.8205541,0.8205541,0.1428571428571429,0.1428571428571429,0.1428571428571429
1,1,1,0.8205541,0.8205541,0.8205541,0.1428571428571429,0.1428571428571429,0.1428571428571429
1,1,1,0.8205541,0.8205541,0.8205541,0.1428571428571429,0.1428571428571429,0.1428571428571429
1,1,1,0.8205541,0.8205541,0.8205541,0.1428571428571429,0.1428571428571429,0.1428571428571429
1,1,1,0.8205541,0.8205541,0.8205541,0.1428571428571429,0.1428571428571429,0.1428571428571429
1,1,1,0.8205541,0.8205541,0.8205541,0.1428571428571429,0.1428571428571429,0.1428571428571429
1,1,1,0.8205541,0.8205541,0.8205541,0.1428571428571429,0.1428571428571429,0.1428571428571429
1,1,1,0.8205541,0.8205541,0.8205541,0.1428571428571429,0.1428571428571429,0.1428571428571429
1,1,2,0.8205541,0.8205541,0.8205541,0.1428571428571429,0.1428571428571429,0.1428571428571429
1,1,2,0.8205541,0.8205541,0.8205541,0.1428571428571429,0.1428571428571429,0.1428571428571429
1,1,2,0.8205541,0.8205541,0.8205541,0.1428571428571429,0.1428571428571429,0.1428571428571429
1,1,2,0.8205541,0.8205541,0.8205541,0.1428571428571429,0.1428571428571429,0.1428571428571429
1,1,2,0.8205541,0.8205541,0.8205541,0.1428571428571429,0.1428571428571429,0.1428571428571429
1,1,2,0.8205541,0.8205541,0.8205541,0.1428571428571429,0.1428571428571429,0.1428571428571429
1,1,2,0.8205541,0.8205541,0.8205541,0.1428571428571429,0.1428571428571429,0.1428571428571429
1,1,2,0.8205541,0.8205541,0.8205541,0.1428571428571429,0.1428571428571429,0.1428571428571429
1,1,2,0.8205541,0.8205541,0.8205541,0.1428571428571429,0.1428571428571429,0.1428571428571429
1,2,1,0.8205541,0.8205541,0.8205541,0.1428571428571429,0.1428571428571429,0.1428571428571429
1,2,1,0.8205541,0.8205541,0.8205541,0.1428571428571429,0.1428571428571429,0.1428571428571429
1,2,1,0.8205541,0.8205541,0.8205541,0.1428571428571429,0.1428571428571429,0.1428571428571429
1,2,1,0.8205541,0.8205541,0.8205541,0.1428571428571429,0.1428571428571429,0.1428571428571429
1,2,1,0.8205541,0.8205541,0.8205541,0.1428571428571429,0.1428571428571429,0.1428571428571429
1,2,1,0.8205541,0.8205541,0.8205541,0.1428571428571429,0.1428571428571429,0.1428571428571429
1,2,1,0.8205541,0.8205541,0.8205541,0.1428571428571429,0.1428571428571429,0.1428571428571429
1,2,1,0.8205541,0.8205541,0.8205541,0.1428571428571429,0.1428571428571429,0.1428571428571429
1,2,1,0.8205541,0.8205541,0.8205541,0.1428571428571429,0.1428571428571429,0.1428571428571429
1,2,2,0.8205541,0.8205541,0.8205541,0.1428571428571429,0.1428571428571429,0.1428571428571429
1,2,2,0.8205541,0.8205541,0.8205541,0.1428571428571429,0.1428571428571429,0.1428571428571429
1,2,2,0.8205541,0.8205541,0.8205541,0.1428571428571429,0.1428571428571429,0.1428571428571429
1,2,2,0.8205541,0.8205541,0.8205541,0.1428571428571429,0.1428571428571429,0.1428571428571429
1,2,2,0.8205541,0.8205541,0.8205541,0.1428571428571429,0.1428571428571429,0.1428571428571429
1,2,2,0.8205541,0.8205541,0.8205541,0.1428571428571429,0.1428571428571429,0.1428571428571429
1,2,2,0.8205541,0.8205541,0.8205541,0.1428571428571429,0.1428571428571429,0.1428571428571429
1,2,2,0.8205541,0.8205541,0.8205541,0.1428571428571429,0.1428571428571429,0.1428571428571429
1,2,2,0.8205541,0.8205541,0.8205541,0.1428571428571429,0.1428571428571429,0.1428571428571429
0,0,0,0.97261256,0.97261256,0.97261256,0.4,0.4,0.4
0,0,1,0.97261256,0.97261256,0.97261256,0.4,0.4,0.4
0,0,2,0.97261256,0.97261256,0.97261256,0.4,0.4,0.4
1,1,1,0.97261256,0.97261256,0.97261256,0.4,0.4,0.4
1,1,1,0.97261256,0.97261256,0.97261256,0.4,0.4,0.4
1,1,1,0.97261256,0.97261256,0.97261256,0.4,0.4,0.4
1,1,1,0.97261256,0.97261256,0.97261256,0.4,0.4,0.4
1,1,1,0.97261256,0.97261256,0.97261256,0.4,0.4,0.4
1,1,1,0.97261256,0.97261256,0.97261256,0.4,0.4,0.4
1,1,1,0.97261256,0.97261256,0.97261256,0.4,0.4,0.4
1,1,1,0.97261256,0.97261256,0.97261256,0.4,0.4,0.4
1,1,1,0.97261256,0.97261256,0.97261256,0.4,0.4,0.0
1,1,2,0.97261256,0.97261256,0.97261256,0.4,0.4,0.4
1,1,2,0.97261256,0.97261256,0.97261256,0.4,0.4285714285714286,0.4
1,1,2,0.97261256,0.97261256,0.97261256,0.4,0.4,0.4
1,1,2,0.97261256,0.97261256,0.97261256,0.4,0.4,0.4
1,1,2,0.97261256,0.97261256,0.97261256,0.4,0.4,0.4
1,1,2,0.97261256,0.97261256,0.97261256,0.4,0.4,0.4
1,1,2,0.97261256,0.97261256,0.97261256,0.4,0.4,0.4
1,1,2,0.97261256,0.97261256,0.97261256,0.4,0.4,0.4
1,1,2,0.97261256,0.97261256,0.97261256,0.4,0.4,0.4
1,2,1,0.97261256,0.97261256,0.97261256,0.4,0.4,0.4
1,2,1,0.97261256,0.97261256,0.97261256,0.4,0.4,0.4
1,2,1,0.97261256,0.97261256,0.97261256,0.4,0.4,0.4
1,2,1,0.97261256,0.97261256,0.97261256,0.4,0.4,0.4
1,2,1,0.97261256,0.97261256,0.97261256,0.4,0.4,0.4
1,2,1,0.97261256,0.97261256,0.97261256,0.3513513513513513,0.4,0.4
1,2,1,0.97261256,0.97261256,0.97261256,0.4,0.4,0.4
1,2,1,0.97261256,0.97261256,0.97261256,0.4,0.4,0.4
1,2,1,0.97261256,0.97261256,0.97261256,0.4,0.4,0.4
1,2,2,0.97261256,0.97261256,0.97261256,0.4,0.4,0.4
1,2,2,0.97261256,0.97261256,0.97261256,0.4,0.4,0.4
1,2,2,0.97261256,0.97261256,0.97261256,0.4,0.4,0.4
1,2,2,0.97261256,0.97261256,0.97261256,0.4,0.4,0.4
1,2,2,0.97261256,0.97261256,0.97261256,0.4,0.4,0.4
1,2,2,0.97261256,0.97261256,0.97261256,0.3846153846153846,0.4,0.3846153846153846
1,2,2,0.97261256,0.97261256,0.97261256,0.4,0.4,0.4
1,2,2,0.97261256,0.97261256,0.97261256,0.4,0.4,0.4
1,2,2,0.97261256,0.97261256,0.97261256,0.4,0.4,0.4
0,0,0,0.86457527,0.66072404,0.9027771,0.4482758620689655,0.4032258064516129,0.3577981651376146
0,0,1,0.8970066,0.66072404,0.66072404,0.3611111111111111,0.4032258064516129,0.4032258064516129
0,0,2,0.66072404,0.85819066,0.66072404,0.4032258064516129,0.4698795180722891,0.5795454545454546
1,1,1,0.66072404,0.66072404,0.85517067,0.5375,0.4032258064516129,0.3047619047619048
1,1,1,0.66072404,0.8809717,0.82699776,0.4032258064516129,0.4,0.3
1,1,1,0.9039067,0.77762055,0.66072404,0.3861386138613861,0.4363636363636364,0.5375
1,1,1,0.85517067,0.85561645,0.85638154,0.3047619047619048,0.3181818181818182,0.308411214953271
1,1,1,0.66072404,0.66072404,0.8549755,0.5934065934065934,0.5432098765432098,0.308411214953271
1,1,1,0.8799735,0.8698997,0.66072404,0.4210526315789473,0.3,0.5375
1,1,1,0.66072404,0.78019816,0.66072404,0.4032258064516129,0.4216867469879518,0.5934065934065934
1,1,1,0.66072404,0.66072404,0.81825334,0.5432098765432098,0.6636363636363636,0.2909090909090909
1,1,1,0.8799735,0.8211709,0.8235471,0.4210526315789473,0.2882882882882883,0.2909090909090909
1,1,2,0.8227612,0.66072404,0.8757694,0.2962962962962963,0.4032258064516129,0.4431818181818182
1,1,2,0.8211709,0.85561645,0.8833846,0.2882882882882883,0.2990654205607477,0.4333333333333333
1,1,2,0.8799735,0.66072404,0.87536657,0.4210526315789473,0.4032258064516129,0.4368932038834952
1,1,2,0.8817918,0.8748617,0.8809717,0.40625,0.4431818181818182,0.415929203539823
1,1,2,0.85638154,0.859941,0.85192466,0.308411214953271,0.3796296296296296,0.3055555555555556
1,1,2,0.8604754,0.82890904,0.85446215,0.4431818181818182,0.2882882882882883,0.3076923076923077
1,1,2,0.8799735,0.7653837,0.66072404,0.4210526315789473,0.4318181818181817,0.5375
1,1,2,0.66072404,0.8924894,0.8580307,0.5888888888888889,0.3947368421052631,0.4017857142857143
1,1,2,0.66072404,0.90131044,0.818812,0.5375,0.3063063063063063,0.2909090909090909
1,2,1,0.87820023,0.86687905,0.66072404,0.4482758620689655,0.3148148148148147,0.5934065934065934
1,2,1,0.8288889,0.834058,0.66072404,0.2962962962962963,0.4731182795698925,0.4032258064516129
1,2,1,0.85508513,0.83258075,0.66072404,0.2990654205607477,0.2882882882882883,0.5375
1,2,1,0.8807672,0.83069026,0.66072404,0.4285714285714286,0.2972972972972972,0.5978260869565217
1,2,1,0.8539916,0.8411631,0.84762603,0.3113207547169812,0.2935779816513761,0.4814814814814815
1,2,1,0.83578086,0.8346671,0.66072404,0.4642857142857143,0.3027522935779816,0.4032258064516129
1,2,1,0.66072404,0.66072404,0.83533937,0.5375,0.4032258064516129,0.3063063063063063
1,2,1,0.8575853,0.66072404,0.8554356,0.3018867924528302,0.6509433962264151,0.3119266055045872
1,2,1,0.66072404,0.8245568,0.84762603,0.4032258064516129,0.3,0.4814814814814815
1,2,2,0.66072404,0.80038965,0.8809717,0.5432098765432098,0.4831460674157303,0.4
1,2,2,0.8809523,0.8655753,0.8919883,0.4588235294117647,0.4431818181818182,0.4193548387096774
1,2,2,0.66072404,0.8799735,0.77762055,0.4032258064516129,0.4210526315789473,0.38
1,2,2,0.83847535,0.859941,0.8522148,0.3018867924528302,0.3909090909090909,0.2909090909090909
1,2,2,0.66072404,0.66072404,0.8207966,0.5375,0.6105263157894737,0.2831858407079646
1,2,2,0.83578086,0.83008385,0.66072404,0.4642857142857143,0.3,0.4032258064516129
1,2,2,0.66072404,0.66072404,0.66072404,0.5795454545454546,0.4032258064516129,0.6185567010309279
1,2,2,0.8809717,0.78019816,0.66072404,0.4,0.3766233766233766,0.5795454545454546
1,2,2,0.8809717,0.87925756,0.8171946,0.4107142857142857,0.4193548387096774,0.308411214953271
0,0,0,0.77558315,0.77558315,0.78526133,0.0,0.0,0.0
0,0,1,0.77558315,0.77745944,0.77558315,0.2837837837837837,0.4571428571428572,0.0
0,0,2,0.78526133,0.77558315,0.77558315,0.0,0.1451612903225806,0.3205128205128205
1,1,1,0.77558315,0.77558315,0.78526133,0.0,0.3205128205128205,0.0
1,1,1,0.77558315,0.77745944,0.78526133,0.3205128205128205,0.4571428571428572,0.0
1,1,1,0.77558315,0.77558315,0.77558315,0.0,0.0,0.0
1,1,1,0.78526133,0.77558315,0.77558315,0.0,0.3205128205128205,0.3205128205128205
1,1,1,0.77558315,0.76252097,0.78526133,0.0,0.3150684931506849,0.0
1,1,1,0.78526133,0.77558315,0.77558315,0.1868131868131868,0.0,0.0
1,1,1,0.78526133,0.78526133,0.77558315,0.2525252525252525,0.0,0.3205128205128205
1,1,1,0.78526133,0.78526133,0.77558315,0.0,0.0,0.0
1,1,1,0.78526133,0.77558315,0.77558315,0.0,0.3205128205128205,0.0
1,1,2,0.78526133,0.92034507,0.78526133,0.0,0.2252252252252252,0.0
1,1,2,0.78526133,0.8061697,0.77558315,0.0,0.2783505154639175,0.0
1,1,2,0.77558315,0.77558315,0.78526133,0.3205128205128205,0.3205128205128205,0.0
1,1,2,0.77558315,0.77558315,0.78526133,0.0,0.0,0.0
1,1,2,0.78526133,0.77558315,0.78526133,0.0,0.3205128205128205,0.0
1,1,2,0.8061697,0.77558315,0.77745944,0.2783505154639175,0.0,0.4571428571428572
1,1,2,0.77558315,0.77558315,0.77558315,0.3205128205128205,0.3205128205128205,0.3205128205128205
1,1,2,0.77558315,0.77558315,0.78526133,0.3205128205128205,0.3205128205128205,0.0
1,1,2,0.77558315,0.7690717,0.77558315,0.3205128205128205,0.5194805194805194,0.3205128205128205
1,2,1,0.78526133,0.78526133,0.78526133,0.2525252525252525,0.0,0.0
1,2,1,0.77745944,0.92034507,0.76238644,0.4571428571428572,0.2252252252252252,0.0
1,2,1,0.77558315,0.77558315,0.78526133,0.0,0.1451612903225806,0.0
1,2,1,0.77558315,0.77558315,0.78526133,0.0,0.3205128205128205,0.0
1,2,1,0.78526133,0.77558315,0.78526133,0.0,0.1451612903225806,0.0
1,2,1,0.78526133,0.8168207,0.77558315,0.0,0.0,0.0
1,2,1,0.78526133,0.92034507,0.78526133,0.0,0.2252252252252252,0.0
1,2,1,0.78526133,0.78526133,0.77558315,0.0,0.0,0.0
1,2,1,0.78526133,0.70790356,0.78526133,0.2525252525252525,0.0,0.0
1,2,2,0.77558315,0.78526133,0.78526133,0.3205128205128205,0.0,0.0
1,2,2,0.92034507,0.7804922,0.7697793,0.2252252252252252,0.0,0.0
1,2,2,0.78526133,0.78526133,0.78526133,0.0,0.0,0.0
1,2,2,0.77558315,0.78526133,0.78526133,0.0,0.0,0.0
1,2,2,0.77558315,0.7690717,0.92034507,0.0,0.5595238095238095,0.2252252252252252
1,2,2,0.78526133,0.7697793,0.78526133,0.2525252525252525,0.3125,0.0
1,2,2,0.77558315,0.7697793,0.78526133,0.3205128205128205,0.0,0.0
1,2,2,0.78526133,0.6980096,0.78526133,0.0,0.0,0.1868131868131868
1,2,2,0.78526133,0.78526133,0.78526133,0.2525252525252525,0.0,0.0
0,0,0,0.9771769,0.9771769,0.9771769,0.2692307692307693,0.2692307692307693,0.2692307692307693
0,0,1,0.9771769,0.9771769,0.9771769,0.2692307692307693,0.2692307692307693,0.2692307692307693
0,0,2,0.9771769,0.9771769,0.95194507,0.2692307692307693,0.2692307692307693,0.0
1,1,1,0.9771769,0.9771769,0.9771769,0.2692307692307693,0.2692307692307693,0.2692307692307693
1,1,1,0.9771769,0.9771769,0.9771769,0.2692307692307693,0.2692307692307693,0.2692307692307693
1,1,1,0.9771769,0.9771769,0.9771769,0.2692307692307693,0.2692307692307693,0.2692307692307693
1,1,1,0.9771769,0.9771769,0.9771769,0.2692307692307693,0.2692307692307693,0.2692307692307693
1,1,1,0.9771769,0.9771769,0.9771769,0.2692307692307693,0.2692307692307693,0.2692307692307693
1,1,1,0.9771769,0.9771769,0.97743785,0.2692307692307693,0.2692307692307693,0.2692307692307693
1,1,1,0.9771769,0.9771769,0.9771769,0.2692307692307693,0.2692307692307693,0.2692307692307693
1,1,1,0.9771769,0.9771769,0.9771769,0.2692307692307693,0.2692307692307693,0.2692307692307693
1,1,1,0.9771769,0.9771769,0.96128446,0.2692307692307693,0.2692307692307693,0.2837837837837837
1,1,2,0.9771769,0.9771769,0.9771769,0.2692307692307693,0.2692307692307693,0.2692307692307693
1,1,2,0.9771769,0.9771769,0.9771769,0.2692307692307693,0.2692307692307693,0.2692307692307693
1,1,2,0.9771769,0.9771769,0.9771769,0.2692307692307693,0.2692307692307693,0.2692307692307693
1,1,2,0.9771769,0.9771769,0.9771769,0.2692307692307693,0.2692307692307693,0.2692307692307693
1,1,2,0.9771769,0.9771769,0.9771769,0.2692307692307693,0.2692307692307693,0.2692307692307693
1,1,2,0.9771769,0.9771769,0.9771769,0.2692307692307693,0.2692307692307693,0.2692307692307693
1,1,2,0.9771769,0.9771769,0.9771769,0.2692307692307693,0.2692307692307693,0.2692307692307693
1,1,2,0.9771769,0.9771769,0.9771769,0.2692307692307693,0.2692307692307693,0.2692307692307693
1,1,2,0.9771769,0.9771769,0.9771769,0.2692307692307693,0.2692307692307693,0.2692307692307693
1,2,1,0.9771769,0.9771769,0.95194507,0.2692307692307693,0.2692307692307693,0.0
1,2,1,0.95194507,0.9771769,0.9771769,0.0,0.2692307692307693,0.2692307692307693
1,2,1,0.9771769,0.9771769,0.9771769,0.2692307692307693,0.2692307692307693,0.2692307692307693
1,2,1,0.9771769,0.9771769,0.9771769,0.2692307692307693,0.2692307692307693,0.2692307692307693
1,2,1,0.9771769,0.9771769,0.9771769,0.2692307692307693,0.2692307692307693,0.2692307692307693
1,2,1,0.9771769,0.95194507,0.9771769,0.2692307692307693,0.0,0.2692307692307693
1,2,1,0.94361424,0.9771769,0.9771769,0.0,0.2692307692307693,0.2692307692307693
1,2,1,0.9771769,0.9771769,0.95194507,0.2692307692307693,0.2692307692307693,0.0
1,2,1,0.9771769,0.9771769,0.9771769,0.2692307692307693,0.2692307692307693,0.2692307692307693
1,2,2,0.9771769,0.9771769,0.95194507,0.2692307692307693,0.2692307692307693,0.0
1,2,2,0.9771769,0.9771769,0.9771769,0.2692307692307693,0.2692307692307693,0.2692307692307693
1,2,2,0.9771769,0.9771769,0.9771769,0.2692307692307693,0.2692307692307693,0.2692307692307693
1,2,2,0.9771769,0.9771769,0.9771769,0.2692307692307693,0.2692307692307693,0.2692307692307693
1,2,2,0.9771769,0.9771769,0.9771769,0.2692307692307693,0.2692307692307693,0.2692307692307693
1,2,2,0.9771769,0.9771769,0.95079863,0.2692307692307693,0.2692307692307693,0.0
1,2,2,0.9771769,0.9771769,0.95194507,0.2692307692307693,0.2692307692307693,0.0
1,2,2,0.9771769,0.9771769,0.9771769,0.2692307692307693,0.2692307692307693,0.2692307692307693
1,2,2,0.9771769,0.9771769,0.9771769,0.2692307692307693,0.2692307692307693,0.2692307692307693
0,0,0,0.8821448,0.9364146,0.8821448,0.0,0.6538461538461539,0.0
0,0,1,0.9524783,0.8821448,0.9611911,0.0,0.0,0.5648854961832062
0,0,2,0.9364146,0.93641454,0.9524783,0.6538461538461539,0.6538461538461539,0.0
1,1,1,0.9524783,0.9611911,0.9524783,0.0,0.5648854961832062,0.0
1,1,1,0.9524783,0.8821448,0.8821448,0.0,0.0,0.0
1,1,1,0.9524783,0.96541643,0.8821448,0.0,0.2592592592592593,0.0
1,1,1,0.9524783,0.9524783,0.9611911,0.0,0.0,0.5648854961832062
1,1,1,0.8821448,0.9524783,0.8821448,0.0,0.0,0.0
1,1,1,0.8821448,0.9524783,0.93641454,0.0,0.0,0.6538461538461539
1,1,1,0.8821448,0.92495227,0.8821448,0.0,0.0,0.0
1,1,1,0.9364146,0.92495227,0.9524783,0.6538461538461539,0.0,0.2368421052631578
1,1,1,0.8821448,0.9524783,0.92781043,0.0,0.0,0.0
1,1,2,0.8821448,0.9524783,0.9524783,0.0,0.0,0.0
1,1,2,0.9524783,0.93641454,0.9611911,0.0,0.6538461538461539,0.5648854961832062
1,1,2,0.9364146,0.9524783,0.9524783,0.6538461538461539,0.0,0.0
1,1,2,0.9611911,0.93641454,0.93641454,0.5648854961832062,0.6538461538461539,0.6538461538461539
1,1,2,0.8821448,0.9524783,0.8821448,0.0,0.0,0.0
1,1,2,0.9524783,0.9524783,0.8821448,0.0,0.0,0.0
1,1,2,0.8821448,0.8821448,0.93641454,0.0,0.0,0.6538461538461539
1,1,2,0.9524783,0.8821448,0.93641454,0.0,0.0,0.6538461538461539
1,1,2,0.8821448,0.9524783,0.93641454,0.0,0.0,0.6538461538461539
1,2,1,0.8821448,0.93641454,0.8821448,0.0,0.6538461538461539,0.0
1,2,1,0.9524783,0.9364146,0.93641454,0.0,0.6538461538461539,0.6538461538461539
1,2,1,0.9611911,0.93641454,0.9524783,0.5648854961832062,0.6538461538461539,0.0
1,2,1,0.8821448,0.8821448,0.8821448,0.0,0.0,0.0
1,2,1,0.8821448,0.9524783,0.8821448,0.0,0.0,0.0
1,2,1,0.9611911,0.8821448,0.9524783,0.5648854961832062,0.0,0.0
1,2,1,0.8821448,0.8821448,0.8821448,0.0,0.0,0.0
1,2,1,0.9364146,0.9524783,0.8821448,0.6538461538461539,0.0,0.0
1,2,1,0.8821448,0.93641454,0.93641454,0.0,0.6538461538461539,0.6538461538461539
1,2,2,0.8821448,0.9355369,0.8821448,0.0,0.5930232558139534,0.0
1,2,2,0.8821448,0.8821448,0.9524783,0.0,0.0,0.0
1,2,2,0.8821448,0.9524783,0.8821448,0.0,0.0,0.0
1,2,2,0.8821448,0.9364146,0.9611911,0.0,0.6538461538461539,0.5648854961832062
1,2,2,0.8821448,0.9524783,0.9611911,0.0,0.0,0.5648854961832062
1,2,2,0.9524783,0.9611911,0.9611911,0.0,0.5648854961832062,0.5648854961832062
1,2,2,0.9355369,0.9524783,0.9524783,0.5930232558139534,0.0,0.0
1,2,2,0.9524783,0.9364146,0.9524783,0.0,0.6538461538461539,0.0
1,2,2,0.8821448,0.9355369,0.8821448,0.0,0.5930232558139534,0.0
0,0,0,0.946965,0.946965,0.946965,0.6119402985074627,0.6119402985074627,0.6119402985074627
0,0,1,0.946965,0.946965,0.946965,0.6119402985074627,0.6119402985074627,0.6119402985074627
0,0,2,0.946965,0.946965,0.946965,0.6119402985074627,0.6119402985074627,0.6119402985074627
1,1,1,0.946965,0.946965,0.946965,0.6119402985074627,0.6119402985074627,0.6119402985074627
1,1,1,0.946965,0.815878,0.946965,0.6119402985074627,0.6029411764705883,0.6119402985074627
1,1,1,0.946965,0.946965,0.946965,0.6119402985074627,0.6119402985074627,0.6119402985074627
1,1,1,0.946965,0.946965,0.946965,0.6119402985074627,0.6119402985074627,0.6119402985074627
1,1,1,0.946965,0.946965,0.946965,0.6119402985074627,0.6119402985074627,0.4583333333333333
1,1,1,0.946965,0.946965,0.946965,0.6119402985074627,0.6119402985074627,0.6119402985074627
1,1,1,0.946965,0.946965,0.946965,0.6119402985074627,0.6119402985074627,0.6119402985074627
1,1,1,0.946965,0.946965,0.946965,0.6119402985074627,0.6119402985074627,0.6119402985074627
1,1,1,0.946965,0.946965,0.946965,0.6119402985074627,0.6119402985074627,0.6119402985074627
1,1,2,0.946965,0.946965,0.946965,0.6119402985074627,0.6119402985074627,0.6119402985074627
1,1,2,0.946965,0.946965,0.946965,0.6119402985074627,0.6119402985074627,0.6119402985074627
1,1,2,0.946965,0.946965,0.946965,0.6119402985074627,0.6119402985074627,0.6119402985074627
1,1,2,0.946965,0.946965,0.946965,0.6119402985074627,0.6119402985074627,0.6119402985074627
1,1,2,0.946965,0.946965,0.946965,0.6119402985074627,0.6119402985074627,0.6119402985074627
1,1,2,0.946965,0.946965,0.946965,0.6119402985074627,0.6119402985074627,0.6119402985074627
1,1,2,0.946965,0.946965,0.946965,0.6119402985074627,0.6119402985074627,0.6119402985074627
1,1,2,0.946965,0.946965,0.946965,0.6119402985074627,0.6119402985074627,0.6119402985074627
1,1,2,0.946965,0.946965,0.946965,0.6119402985074627,0.6119402985074627,0.6119402985074627
1,2,1,0.946965,0.946965,0.946965,0.6119402985074627,0.6119402985074627,0.6119402985074627
1,2,1,0.946965,0.946965,0.946965,0.6119402985074627,0.6119402985074627,0.6119402985074627
1,2,1,0.946965,0.946965,0.946965,0.6119402985074627,0.6119402985074627,0.6119402985074627
1,2,1,0.946965,0.946965,0.946965,0.6119402985074627,0.6119402985074627,0.6119402985074627
1,2,1,0.946965,0.946965,0.946965,0.6119402985074627,0.6119402985074627,0.6119402985074627
1,2,1,0.946965,0.946965,0.946965,0.6119402985074627,0.6119402985074627,0.6119402985074627
1,2,1,0.946965,0.946965,0.946965,0.6119402985074627,0.6119402985074627,0.6119402985074627
1,2,1,0.946965,0.946965,0.946965,0.6119402985074627,0.6119402985074627,0.6119402985074627
1,2,1,0.946965,0.946965,0.946965,0.6119402985074627,0.6119402985074627,0.6119402985074627
1,2,2,0.946965,0.946965,0.946965,0.6119402985074627,0.6119402985074627,0.6119402985074627
1,2,2,0.946965,0.946965,0.946965,0.6119402985074627,0.6119402985074627,0.6119402985074627
1,2,2,0.946965,0.946965,0.946965,0.6119402985074627,0.6119402985074627,0.6119402985074627
1,2,2,0.946965,0.946965,0.946965,0.6119402985074627,0.6119402985074627,0.6119402985074627
1,2,2,0.946965,0.946965,0.946965,0.6119402985074627,0.6119402985074627,0.6119402985074627
1,2,2,0.946965,0.946965,0.946965,0.6119402985074627,0.6119402985074627,0.6119402985074627
1,2,2,0.946965,0.946965,0.946965,0.6119402985074627,0.6119402985074627,0.6119402985074627
1,2,2,0.946965,0.946965,0.946965,0.6119402985074627,0.6119402985074627,0.6119402985074627
1,2,2,0.946965,0.946965,0.946965,0.6119402985074627,0.6119402985074627,0.6119402985074627
0,0,0,0.9437386,0.9437386,0.9437386,0.3372093023255814,0.3372093023255814,0.3372093023255814
0,0,1,0.9408618,0.94378495,0.9408618,0.3372093023255814,0.3372093023255814,0.3372093023255814
0,0,2,0.9408618,0.9432334,0.9437386,0.3372093023255814,0.3372093023255814,0.3372093023255814
1,1,1,0.9437386,0.9437386,0.9408618,0.3372093023255814,0.3372093023255814,0.3372093023255814
1,1,1,0.9408618,0.9408618,0.9437386,0.3372093023255814,0.3372093023255814,0.3372093023255814
1,1,1,0.9437386,0.94507444,0.9437386,0.3372093023255814,0.4418604651162791,0.3372093023255814
1,1,1,0.9408618,0.97770405,0.9768762,0.3372093023255814,0.4567901234567901,0.4567901234567901
1,1,1,0.9408618,0.94507444,0.9437386,0.3372093023255814,0.4,0.3372093023255814
1,1,1,0.940575,0.9437386,0.9437386,0.3411764705882353,0.3372093023255814,0.3372093023255814
1,1,1,0.9437386,0.9437386,0.9437386,0.3372093023255814,0.3372093023255814,0.3372093023255814
1,1,1,0.9437386,0.9408618,0.9408618,0.3372093023255814,0.3372093023255814,0.3372093023255814
1,1,1,0.9437386,0.9437386,0.9437386,0.3372093023255814,0.3372093023255814,0.3372093023255814
1,1,2,0.9437386,0.9768762,0.94507444,0.3372093023255814,0.4567901234567901,0.4
1,1,2,0.9408618,0.9437386,0.94084615,0.3372093023255814,0.3372093023255814,0.3372093023255814
1,1,2,0.9408618,0.9768762,0.94507444,0.3372093023255814,0.4567901234567901,0.4
1,1,2,0.9408618,0.94507444,0.9408618,0.3372093023255814,0.4074074074074074,0.3372093023255814
1,1,2,0.94084615,0.94507444,0.94084615,0.3372093023255814,0.3766233766233766,0.3372093023255814
1,1,2,0.94084615,0.9408618,0.9437386,0.3372093023255814,0.3372093023255814,0.3372093023255814
1,1,2,0.94084615,0.91352236,0.9408618,0.3372093023255814,0.3493975903614458,0.3372093023255814
1,1,2,0.94378495,0.9408618,0.9408618,0.3372093023255814,0.3372093023255814,0.3372093023255814
1,1,2,0.9432334,0.9437386,0.9432334,0.3372093023255814,0.3372093023255814,0.3372093023255814
1,2,1,0.9437386,0.94084615,0.9437386,0.3372093023255814,0.3372093023255814,0.3372093023255814
1,2,1,0.9408618,0.9432334,0.9437386,0.3372093023255814,0.3372093023255814,0.3372093023255814
1,2,1,0.94378495,0.9408618,0.9437386,0.3372093023255814,0.3372093023255814,0.3372093023255814
1,2,1,0.9437386,0.94084615,0.9437386,0.3372093023255814,0.3372093023255814,0.3372093023255814
1,2,1,0.94084615,0.9437386,0.9437386,0.3372093023255814,0.3372093023255814,0.3372093023255814
1,2,1,0.9408618,0.9437386,0.94084615,0.3372093023255814,0.3372093023255814,0.3372093023255814
1,2,1,0.9408618,0.9437386,0.9408618,0.3372093023255814,0.3372093023255814,0.3372093023255814
1,2,1,0.9437386,0.94507444,0.94507444,0.3372093023255814,0.3043478260869565,0.3924050632911392
1,2,1,0.9437386,0.9408618,0.9437386,0.3372093023255814,0.3372093023255814,0.3372093023255814
1,2,2,0.94084615,0.9456296,0.92462546,0.3372093023255814,0.0,0.3333333333333333
1,2,2,0.9437386,0.9432334,0.9432334,0.3372093023255814,0.3372093023255814,0.3372093023255814
1,2,2,0.9408618,0.9408618,0.9437386,0.3372093023255814,0.3372093023255814,0.3372093023255814
1,2,2,0.9432334,0.9437386,0.9408618,0.3372093023255814,0.3372093023255814,0.3372093023255814
1,2,2,0.9437386,0.92462546,0.9408618,0.3372093023255814,0.3333333333333333,0.3372093023255814
1,2,2,0.9408618,0.9432334,0.9437386,0.3372093023255814,0.3372093023255814,0.3372093023255814
1,2,2,0.9408618,0.9408618,0.9408618,0.3372093023255814,0.3372093023255814,0.3372093023255814
1,2,2,0.94507444,0.9408618,0.9437386,0.4,0.3372093023255814,0.3372093023255814
1,2,2,0.9437386,0.9408618,0.9408618,0.3372093023255814,0.3372093023255814,0.3372093023255814
0,0,0,0.87259704,0.87259704,0.9212056,0.4661016949152542,0.4661016949152542,0.4485294117647058
0,0,1,0.87259704,0.87259704,0.87259704,0.4661016949152542,0.4661016949152542,0.4661016949152542
0,0,2,0.80369544,0.81392425,0.81392425,0.5384615384615384,0.3823529411764705,0.3823529411764705
1,1,1,0.81392425,0.7715489,0.81392425,0.3823529411764705,0.3768115942028985,0.3823529411764705
1,1,1,0.80369544,0.81392425,0.81392425,0.5384615384615384,0.3823529411764705,0.3823529411764705
1,1,1,0.81392425,0.81392425,0.81392425,0.3823529411764705,0.3823529411764705,0.3823529411764705
1,1,1,0.81392425,0.80369544,0.80369544,0.3823529411764705,0.5384615384615384,0.5384615384615384
1,1,1,0.81392425,0.81392425,0.81392425,0.3823529411764705,0.3823529411764705,0.3823529411764705
1,1,1,0.81392425,0.81392425,0.80369544,0.3823529411764705,0.3823529411764705,0.5384615384615384
1,1,1,0.81392425,0.81392425,0.81392425,0.3823529411764705,0.3823529411764705,0.3823529411764705
1,1,1,0.81392425,0.81392425,0.81392425,0.3823529411764705,0.3823529411764705,0.3823529411764705
1,1,1,0.81392425,0.81392425,0.81392425,0.3823529411764705,0.3823529411764705,0.3823529411764705
1,1,2,0.81392425,0.81392425,0.81392425,0.3823529411764705,0.3823529411764705,0.3823529411764705
1,1,2,0.81392425,0.80369544,0.81392425,0.3823529411764705,0.5384615384615384,0.3823529411764705
1,1,2,0.81392425,0.81392425,0.78288245,0.3823529411764705,0.3823529411764705,0.3768115942028985
1,1,2,0.799733,0.81392425,0.81392425,0.3222222222222222,0.3823529411764705,0.3823529411764705
1,1,2,0.8390041,0.81392425,0.81392425,0.4032258064516129,0.3823529411764705,0.3823529411764705
1,1,2,0.81392425,0.81392425,0.69850254,0.3823529411764705,0.3823529411764705,0.5079365079365079
1,1,2,0.81392425,0.81392425,0.81392425,0.3823529411764705,0.3823529411764705,0.3823529411764705
1,1,2,0.81392425,0.81392425,0.81392425,0.3823529411764705,0.3823529411764705,0.3823529411764705
1,1,2,0.81392425,0.7631894,0.80369544,0.3823529411764705,0.3661971830985915,0.0
1,2,1,0.81392425,0.81392425,0.81392425,0.3823529411764705,0.3823529411764705,0.3823529411764705
1,2,1,0.81392425,0.81392425,0.81392425,0.3823529411764705,0.3823529411764705,0.3823529411764705
1,2,1,0.81392425,0.81392425,0.81392425,0.3823529411764705,0.3823529411764705,0.3823529411764705
1,2,1,0.81392425,0.81392425,0.81392425,0.3823529411764705,0.3823529411764705,0.3823529411764705
1,2,1,0.80369544,0.81392425,0.7886327,0.5384615384615384,0.3823529411764705,0.5942028985507246
1,2,1,0.7433117,0.81392425,0.81392425,0.4193548387096774,0.3823529411764705,0.3823529411764705
1,2,1,0.81392425,0.81392425,0.81392425,0.3823529411764705,0.3823529411764705,0.3823529411764705
1,2,1,0.81392425,0.81392425,0.81392425,0.3823529411764705,0.3823529411764705,0.3823529411764705
1,2,1,0.81392425,0.7661739,0.81392425,0.3823529411764705,0.3661971830985915,0.3823529411764705
1,2,2,0.81392425,0.81392425,0.81392425,0.3823529411764705,0.3823529411764705,0.3823529411764705
1,2,2,0.80369544,0.7497661,0.81392425,0.5384615384615384,0.3863636363636363,0.3823529411764705
1,2,2,0.81392425,0.81392425,0.81392425,0.3823529411764705,0.3823529411764705,0.3823529411764705
1,2,2,0.81392425,0.81392425,0.81392425,0.3823529411764705,0.3823529411764705,0.3823529411764705
1,2,2,0.81392425,0.81392425,0.81392425,0.3823529411764705,0.3823529411764705,0.3823529411764705
1,2,2,0.81392425,0.81392425,0.81392425,0.3823529411764705,0.3823529411764705,0.3823529411764705
1,2,2,0.81392425,0.81392425,0.81392425,0.3823529411764705,0.3823529411764705,0.3823529411764705
1,2,2,0.81392425,0.81392425,0.81392425,0.3823529411764705,0.3823529411764705,0.3823529411764705
1,2,2,0.81392425,0.81392425,0.81392425,0.3823529411764705,0.3823529411764705,0.3823529411764705
0,0,0,0.8989974,0.8989974,0.8989974,0.3673469387755101,0.3673469387755101,0.3673469387755101
0,0,1,0.8989974,0.8989974,0.8989974,0.3673469387755101,0.3673469387755101,0.3673469387755101
0,0,2,0.8989974,0.8989974,0.8989974,0.3673469387755101,0.3673469387755101,0.3673469387755101
1,1,1,0.8989974,0.8989974,0.8989974,0.3673469387755101,0.3673469387755101,0.3673469387755101
1,1,1,0.8989974,0.8989974,0.8989974,0.3673469387755101,0.3673469387755101,0.3673469387755101
1,1,1,0.8989974,0.8989974,0.8989974,0.3673469387755101,0.3673469387755101,0.3673469387755101
1,1,1,0.8989974,0.8989974,0.8989974,0.3673469387755101,0.3673469387755101,0.3673469387755101
1,1,1,0.8989974,0.8989974,0.8989974,0.3673469387755101,0.3673469387755101,0.3673469387755101
1,1,1,0.8989974,0.8989974,0.8989974,0.3673469387755101,0.3673469387755101,0.3673469387755101
1,1,1,0.8989974,0.8989974,0.8989974,0.3673469387755101,0.3673469387755101,0.3673469387755101
1,1,1,0.8989974,0.8989974,0.8989974,0.3673469387755101,0.3673469387755101,0.3673469387755101
1,1,1,0.7677,0.7910022,0.8989974,0.3461538461538461,0.339622641509434,0.3673469387755101
1,1,2,0.8989974,0.8989974,0.8989974,0.3673469387755101,0.3673469387755101,0.3673469387755101
1,1,2,0.8989974,0.8989974,0.8989974,0.3673469387755101,0.3673469387755101,0.3673469387755101
1,1,2,0.8989974,0.8989974,0.8989974,0.3673469387755101,0.3673469387755101,0.3673469387755101
1,1,2,0.8989974,0.8989974,0.8989974,0.3673469387755101,0.3673469387755101,0.3673469387755101
1,1,2,0.8989974,0.8989974,0.8989974,0.3673469387755101,0.3673469387755101,0.3673469387755101
1,1,2,0.8989974,0.8989974,0.8989974,0.3673469387755101,0.3673469387755101,0.3673469387755101
1,1,2,0.8989974,0.8989974,0.8989974,0.3673469387755101,0.3673469387755101,0.3673469387755101
1,1,2,0.8989974,0.8989974,0.8989974,0.3673469387755101,0.3673469387755101,0.3673469387755101
1,1,2,0.8989974,0.8989974,0.7857597,0.3673469387755101,0.3673469387755101,0.3461538461538461
1,2,1,0.8989974,0.8989974,0.8989974,0.3673469387755101,0.3673469387755101,0.3673469387755101
1,2,1,0.8342895,0.8989974,0.8989974,0.339622641509434,0.3673469387755101,0.3673469387755101
1,2,1,0.8989974,0.8989974,0.8989974,0.3673469387755101,0.3673469387755101,0.3673469387755101
1,2,1,0.8989974,0.8989974,0.8989974,0.3673469387755101,0.3673469387755101,0.3673469387755101
1,2,1,0.8989974,0.8989974,0.8989974,0.3673469387755101,0.3673469387755101,0.3673469387755101
1,2,1,0.8989974,0.8989974,0.82083577,0.3673469387755101,0.3673469387755101,0.3461538461538461
1,2,1,0.8989974,0.8989974,0.77735806,0.3673469387755101,0.3673469387755101,0.3461538461538461
1,2,1,0.8989974,0.8989974,0.8989974,0.3673469387755101,0.3673469387755101,0.3673469387755101
1,2,1,0.8989974,0.8989974,0.8989974,0.3673469387755101,0.3673469387755101,0.3673469387755101
1,2,2,0.8989974,0.8989974,0.8989974,0.3673469387755101,0.3673469387755101,0.3673469387755101
1,2,2,0.85981673,0.8989974,0.85981673,0.339622641509434,0.3673469387755101,0.339622641509434
1,2,2,0.8989974,0.8989974,0.8989974,0.3673469387755101,0.3673469387755101,0.3673469387755101
1,2,2,0.8989974,0.8989974,0.8989974,0.3673469387755101,0.3673469387755101,0.3673469387755101
1,2,2,0.8989974,0.8989974,0.8989974,0.3673469387755101,0.3673469387755101,0.3673469387755101
1,2,2,0.8989974,0.8989974,0.8989974,0.3673469387755101,0.3673469387755101,0.3673469387755101
1,2,2,0.8989974,0.8989974,0.8989974,0.3673469387755101,0.3673469387755101,0.3673469387755101
1,2,2,0.8989974,0.8989974,0.8989974,0.3673469387755101,0.3673469387755101,0.3673469387755101
1,2,2,0.8989974,0.8989974,0.8989974,0.3673469387755101,0.3673469387755101,0.3673469387755101
0,0,0,0.97653383,0.97653383,0.97653383,0.3636363636363636,0.3636363636363636,0.3636363636363636
0,0,1,0.97653395,0.97653395,0.97653395,0.3636363636363636,0.3636363636363636,0.3636363636363636
0,0,2,0.97653395,0.97653395,0.97653395,0.3636363636363636,0.3636363636363636,0.3636363636363636
1,1,1,0.97653395,0.97653395,0.97653395,0.3636363636363636,0.3636363636363636,0.3636363636363636
1,1,1,0.97653395,0.97653395,0.97653395,0.3636363636363636,0.3636363636363636,0.3636363636363636
1,1,1,0.97653395,0.9057908,0.97653395,0.3636363636363636,0.6379310344827587,0.3636363636363636
1,1,1,0.97653395,0.97653395,0.97653395,0.3636363636363636,0.3636363636363636,0.3636363636363636
1,1,1,0.97653395,0.97653395,0.97653395,0.3636363636363636,0.3636363636363636,0.3636363636363636
1,1,1,0.97653395,0.97653395,0.97653395,0.3636363636363636,0.3636363636363636,0.3636363636363636
1,1,1,0.97653395,0.97653395,0.97653395,0.3636363636363636,0.3636363636363636,0.3636363636363636
1,1,1,0.97653395,0.97653395,0.97653395,0.3636363636363636,0.3636363636363636,0.3636363636363636
1,1,1,0.97653395,0.97653395,0.97653395,0.3636363636363636,0.3636363636363636,0.3636363636363636
1,1,2,0.97653395,0.97653395,0.97653395,0.3636363636363636,0.3636363636363636,0.3636363636363636
1,1,2,0.97653395,0.97653395,0.97653395,0.3636363636363636,0.3636363636363636,0.3636363636363636
1,1,2,0.97653395,0.97653395,0.97653395,0.3636363636363636,0.3636363636363636,0.3636363636363636
1,1,2,0.97653395,0.97653395,0.97653395,0.3636363636363636,0.3636363636363636,0.3636363636363636
1,1,2,0.97653395,0.97653395,0.97653395,0.3636363636363636,0.3636363636363636,0.3636363636363636
1,1,2,0.97653395,0.97653395,0.97653395,0.3636363636363636,0.3636363636363636,0.3636363636363636
1,1,2,0.97653395,0.97653395,0.97653395,0.3636363636363636,0.3636363636363636,0.3636363636363636
1,1,2,0.97653395,0.97653395,0.97653395,0.3636363636363636,0.3636363636363636,0.3636363636363636
1,1,2,0.97653383,0.97653383,0.97653383,0.3636363636363636,0.3636363636363636,0.3636363636363636
1,2,1,0.97653395,0.97653395,0.97653395,0.3636363636363636,0.3636363636363636,0.3636363636363636
1,2,1,0.97653383,0.97653383,0.97653383,0.3636363636363636,0.3636363636363636,0.3636363636363636
1,2,1,0.97653383,0.97653383,0.97653383,0.3636363636363636,0.3636363636363636,0.3636363636363636
1,2,1,0.97653383,0.97653383,0.97653383,0.3636363636363636,0.3636363636363636,0.3636363636363636
1,2,1,0.97653383,0.97653383,0.97653383,0.3636363636363636,0.3636363636363636,0.3636363636363636
1,2,1,0.97653383,0.97653383,0.97653383,0.3636363636363636,0.3636363636363636,0.3636363636363636
1,2,1,0.97653383,0.97653383,0.97653383,0.3636363636363636,0.3636363636363636,0.3636363636363636
1,2,1,0.97653383,0.97653383,0.97653383,0.3636363636363636,0.3636363636363636,0.3636363636363636
1,2,1,0.97653383,0.97653383,0.97653383,0.3636363636363636,0.3636363636363636,0.3636363636363636
1,2,2,0.97653383,0.97653383,0.97653383,0.3636363636363636,0.3636363636363636,0.3636363636363636
1,2,2,0.97653383,0.97653383,0.97653383,0.3636363636363636,0.3636363636363636,0.3636363636363636
1,2,2,0.97653395,0.97653395,0.97653395,0.3636363636363636,0.3636363636363636,0.3636363636363636
1,2,2,0.97653395,0.97653395,0.97653395,0.3636363636363636,0.3636363636363636,0.3636363636363636
1,2,2,0.97653395,0.97653395,0.97653395,0.3636363636363636,0.3636363636363636,0.3636363636363636
1,2,2,0.97653395,0.97653395,0.97653395,0.3636363636363636,0.3636363636363636,0.3636363636363636
1,2,2,0.97653395,0.97653395,0.97653395,0.3636363636363636,0.3636363636363636,0.3636363636363636
1,2,2,0.97653395,0.97653395,0.97653395,0.3636363636363636,0.3636363636363636,0.3636363636363636
1,2,2,0.97653395,0.97653395,0.97653395,0.3636363636363636,0.3636363636363636,0.3636363636363636
0,0,0,0.9848181,0.9848181,0.9848181,0.42,0.42,0.42
0,0,1,0.9848181,0.9848181,0.9848181,0.42,0.42,0.42
0,0,2,0.9848181,0.9848181,0.92131644,0.42,0.42,0.0
1,1,1,0.9848181,0.9848181,0.9848181,0.42,0.42,0.42
1,1,1,0.9848181,0.9848181,0.9848181,0.42,0.42,0.42
1,1,1,0.9848181,0.9848181,0.90521663,0.42,0.42,0.5166666666666666
1,1,1,0.9848181,0.9848181,0.9827041,0.42,0.42,0.3818181818181818
1,1,1,0.9848181,0.9848181,0.9848181,0.42,0.42,0.42
1,1,1,0.9848181,0.9848181,0.9848181,0.42,0.42,0.42
1,1,1,0.9848181,0.9848181,0.9848181,0.42,0.42,0.42
1,1,1,0.9848181,0.9848181,0.9848181,0.42,0.42,0.42
1,1,1,0.9848181,0.9848181,0.9848181,0.42,0.42,0.42
1,1,2,0.9848181,0.9848181,0.9848181,0.42,0.42,0.42
1,1,2,0.9848181,0.9848181,0.9848181,0.42,0.42,0.42
1,1,2,0.9848181,0.9848181,0.8981733,0.42,0.42,0.0
1,1,2,0.9848181,0.9848181,0.9848181,0.42,0.42,0.42
1,1,2,0.9848181,0.9848181,0.9848181,0.42,0.42,0.42
1,1,2,0.9848181,0.9848181,0.9848181,0.42,0.42,0.42
1,1,2,0.9848181,0.9848181,0.9848181,0.42,0.42,0.42
1,1,2,0.9848181,0.9848181,0.90521663,0.42,0.42,0.5166666666666666
1,1,2,0.9848181,0.9848181,0.97949374,0.42,0.42,0.3818181818181818
1,2,1,0.9848181,0.9848181,0.9848181,0.42,0.42,0.42
1,2,1,0.9848181,0.9848181,0.9848181,0.42,0.42,0.42
1,2,1,0.9848181,0.9848181,0.9848181,0.42,0.42,0.42
1,2,1,0.9848181,0.9848181,0.9657566,0.42,0.42,0.4117647058823529
1,2,1,0.9848181,0.9848181,0.9848181,0.42,0.42,0.42
1,2,1,0.9848181,0.9848181,0.9848181,0.42,0.42,0.42
1,2,1,0.9848181,0.9848181,0.9848181,0.42,0.42,0.42
1,2,1,0.9848181,0.9848181,0.9848181,0.42,0.42,0.42
1,2,1,0.9848181,0.9848181,0.9848181,0.42,0.42,0.42
1,2,2,0.9848181,0.9848181,0.9657566,0.42,0.42,0.4117647058823529
1,2,2,0.9848181,0.9848181,0.9848181,0.42,0.42,0.42
1,2,2,0.9848181,0.9848181,0.9848181,0.42,0.42,0.42
1,2,2,0.9848181,0.9848181,0.9848181,0.42,0.42,0.42
1,2,2,0.9848181,0.9848181,0.9848181,0.42,0.42,0.42
1,2,2,0.9848181,0.9848181,0.9848181,0.42,0.42,0.42
1,2,2,0.9848181,0.9848181,0.9848181,0.42,0.42,0.42
1,2,2,0.9848181,0.9848181,0.9848181,0.42,0.42,0.42
1,2,2,0.9848181,0.9848181,0.9848181,0.42,0.42,0.42
0,0,0,1.0,1.0,1.0,0.0,0.0,0.0
0,0,1,1.0,1.0,1.0,0.0,0.0,0.0
0,0,2,1.0,1.0,1.0,0.0,0.0,0.0
1,1,1,1.0,1.0,1.0,0.0,0.0,0.0
1,1,1,1.0,1.0,0.9794565,0.0,0.0,0.0
1,1,1,1.0,1.0,1.0,0.0,0.0,0.0
1,1,1,1.0,1.0,1.0,0.0,0.0,0.0
1,1,1,1.0,1.0,1.0,0.0,0.0,0.0
1,1,1,1.0,1.0,1.0,0.0,0.0,0.0
1,1,1,1.0,1.0,1.0,0.0,0.0,0.0
1,1,1,1.0,1.0,1.0,0.0,0.0,0.0
1,1,1,1.0,1.0,1.0,0.0,0.0,0.0
1,1,2,1.0,1.0,1.0,0.0,0.0,0.0
1,1,2,1.0,1.0,1.0,0.0,0.0,0.0
1,1,2,1.0,1.0,1.0,0.0,0.0,0.0
1,1,2,1.0,1.0,1.0,0.0,0.0,0.0
1,1,2,1.0,0.8623799,1.0,0.0,0.0,0.0
1,1,2,1.0,1.0,1.0,0.0,0.0,0.0
1,1,2,1.0,1.0,1.0,0.0,0.0,0.0
1,1,2,1.0,1.0,0.8927702,0.0,0.0,0.0
1,1,2,1.0,1.0,1.0,0.0,0.0,0.0
1,2,1,1.0,1.0,1.0,0.0,0.0,0.0
1,2,1,1.0,1.0,1.0,0.0,0.0,0.0
1,2,1,1.0,1.0,1.0,0.0,0.0,0.0
1,2,1,1.0,1.0,0.85935014,0.0,0.0,0.0
1,2,1,1.0,1.0,1.0,0.0,0.0,0.0
1,2,1,1.0,1.0,1.0,0.0,0.0,0.0
1,2,1,1.0,1.0,1.0,0.0,0.0,0.0
1,2,1,1.0,1.0,1.0,0.0,0.0,0.0
1,2,1,1.0,1.0,1.0,0.0,0.0,0.0
1,2,2,1.0,1.0,1.0,0.0,0.0,0.0
1,2,2,1.0,1.0,1.0,0.0,0.0,0.0
1,2,2,1.0,1.0,1.0,0.0,0.0,0.0
1,2,2,1.0,1.0,1.0,0.0,0.0,0.0
1,2,2,1.0,1.0,0.85935014,0.0,0.0,0.0
1,2,2,1.0,1.0,1.0,0.0,0.0,0.0
1,2,2,1.0,1.0,1.0,0.0,0.0,0.0
1,2,2,1.0,1.0,1.0,0.0,0.0,0.0
1,2,2,1.0,0.98138404,1.0,0.0,0.0,0.0
0,0,0,1.0,1.0,1.0,0.0,0.0,0.0
0,0,1,1.0,1.0,1.0,0.0,0.0,0.0
0,0,2,1.0,1.0,1.0,0.0,0.0,0.0
1,1,1,1.0,1.0,1.0,0.0,0.0,0.0
1,1,1,1.0,1.0,1.0,0.0,0.0,0.0
1,1,1,1.0,1.0,1.0,0.0,0.0,0.0
1,1,1,1.0,0.9044151,1.0,0.0,0.0,0.0
1,1,1,1.0,1.0,1.0,0.0,0.0,0.0
1,1,1,1.0,1.0,1.0,0.0,0.0,0.0
1,1,1,1.0,1.0,1.0,0.0,0.0,0.0
1,1,1,1.0,1.0,1.0,0.0,0.0,0.0
1,1,1,1.0,1.0,0.7308203,0.0,0.0,0.639344262295082
1,1,2,1.0,1.0,1.0,0.0,0.0,0.0
1,1,2,1.0,1.0,1.0,0.0,0.0,0.0
1,1,2,1.0,0.7308203,0.7308203,0.0,0.639344262295082,0.639344262295082
1,1,2,1.0,1.0,1.0,0.0,0.0,0.0
1,1,2,1.0,1.0,1.0,0.0,0.0,0.0
1,1,2,1.0,1.0,0.7308203,0.0,0.0,0.639344262295082
1,1,2,1.0,1.0,0.89507806,0.0,0.0,0.0
1,1,2,1.0,1.0,1.0,0.0,0.0,0.0
1,1,2,1.0,1.0,1.0,0.0,0.0,0.0
1,2,1,1.0,0.99966663,1.0,0.0,0.0,0.0
1,2,1,1.0,1.0,1.0,0.0,0.0,0.0
1,2,1,1.0,1.0,1.0,0.0,0.0,0.0
1,2,1,1.0,1.0,1.0,0.0,0.0,0.0
1,2,1,1.0,0.7253517,1.0,0.0,0.639344262295082,0.0
1,2,1,1.0,1.0,1.0,0.0,0.0,0.0
1,2,1,1.0,1.0,1.0,0.0,0.0,0.0
1,2,1,1.0,1.0,1.0,0.0,0.0,0.0
1,2,1,0.9526431,1.0,1.0,0.0,0.0,0.0
1,2,2,1.0,1.0,1.0,0.0,0.0,0.0
1,2,2,1.0,0.9059124,1.0,0.0,0.0,0.0
1,2,2,1.0,1.0,1.0,0.0,0.0,0.0
1,2,2,1.0,1.0,1.0,0.0,0.0,0.0
1,2,2,1.0,1.0,1.0,0.0,0.0,0.0
1,2,2,1.0,1.0,1.0,0.0,0.0,0.0
1,2,2,1.0,0.9831356,1.0,0.0,0.0,0.0
1,2,2,1.0,1.0,1.0,0.0,0.0,0.0
1,2,2,0.9831356,1.0,1.0,0.0,0.0,0.0
0,0,0,0.9755708,0.9755708,0.9755708,0.0256410256410256,0.0256410256410256,0.0256410256410256
0,0,1,0.9755708,0.9755708,0.9754826,0.0256410256410256,0.0256410256410256,0.0256410256410256
0,0,2,0.9755708,0.9755708,0.9754826,0.0256410256410256,0.0256410256410256,0.0256410256410256
1,1,1,0.9755708,0.9754826,0.9755708,0.0256410256410256,0.0256410256410256,0.0256410256410256
1,1,1,0.9755708,0.9754826,0.9754826,0.0256410256410256,0.0256410256410256,0.0256410256410256
1,1,1,0.9755708,0.9755708,0.9754826,0.0256410256410256,0.0256410256410256,0.0256410256410256
1,1,1,0.9755708,0.9754826,0.9755708,0.0256410256410256,0.0256410256410256,0.0256410256410256
1,1,1,0.9755708,0.9755708,0.9754826,0.0256410256410256,0.0256410256410256,0.0256410256410256
1,1,1,0.9755708,0.9755708,0.9754826,0.0256410256410256,0.0256410256410256,0.0256410256410256
1,1,1,0.9755708,0.9754826,0.9755708,0.0256410256410256,0.0256410256410256,0.0256410256410256
1,1,1,0.9755708,0.9755708,0.9754826,0.0256410256410256,0.0256410256410256,0.0256410256410256
1,1,1,0.9755708,0.9754826,0.9754826,0.0256410256410256,0.0256410256410256,0.0256410256410256
1,1,2,0.9755708,0.9755708,0.9754826,0.0256410256410256,0.0256410256410256,0.0256410256410256
1,1,2,0.9755708,0.9754826,0.9754826,0.0256410256410256,0.0256410256410256,0.0256410256410256
1,1,2,0.9755708,0.9754826,0.9754826,0.0256410256410256,0.0256410256410256,0.0256410256410256
1,1,2,0.9754826,0.9754826,0.9755708,0.0256410256410256,0.0256410256410256,0.0256410256410256
1,1,2,0.9754826,0.9754826,0.9754826,0.0256410256410256,0.0256410256410256,0.0256410256410256
1,1,2,0.9754826,0.9754826,0.9754826,0.0256410256410256,0.0256410256410256,0.0256410256410256
1,1,2,0.9754826,0.9754826,0.9755708,0.0256410256410256,0.0256410256410256,0.0256410256410256
1,1,2,0.9754826,0.9755708,0.9755708,0.0256410256410256,0.0256410256410256,0.0256410256410256
1,1,2,0.9754826,0.9754826,0.9754826,0.0256410256410256,0.0256410256410256,0.0256410256410256
1,2,1,0.9755708,0.9754826,0.9754826,0.0256410256410256,0.0256410256410256,0.0256410256410256
1,2,1,0.9754826,0.9755708,0.9755708,0.0256410256410256,0.0256410256410256,0.0256410256410256
1,2,1,0.9755708,0.9754826,0.9754826,0.0256410256410256,0.0256410256410256,0.0256410256410256
1,2,1,0.9755708,0.9754826,0.9755708,0.0256410256410256,0.0256410256410256,0.0256410256410256
1,2,1,0.9754826,0.9754826,0.9754826,0.0256410256410256,0.0256410256410256,0.0256410256410256
1,2,1,0.9755708,0.9755708,0.9755708,0.0256410256410256,0.0256410256410256,0.0256410256410256
1,2,1,0.9754826,0.9755708,0.9755708,0.0256410256410256,0.0256410256410256,0.0256410256410256
1,2,1,0.9755708,0.9755708,0.7181226,0.0256410256410256,0.0256410256410256,0.375
1,2,1,0.9755708,0.9754826,0.9754826,0.0256410256410256,0.0256410256410256,0.0256410256410256
1,2,2,0.9755708,0.9754826,0.9755708,0.0256410256410256,0.0256410256410256,0.0256410256410256
1,2,2,0.9754826,0.9754826,0.9754826,0.0256410256410256,0.0256410256410256,0.0256410256410256
1,2,2,0.9754826,0.9755708,0.9754826,0.0256410256410256,0.0256410256410256,0.0256410256410256
1,2,2,0.9754826,0.9755708,0.9754826,0.0256410256410256,0.0256410256410256,0.0256410256410256
1,2,2,0.9754826,0.9755708,0.9754826,0.0256410256410256,0.0256410256410256,0.0256410256410256
1,2,2,0.9755708,0.9755708,0.9754826,0.0256410256410256,0.0256410256410256,0.0256410256410256
1,2,2,0.9754826,0.9755708,0.9755708,0.0256410256410256,0.0256410256410256,0.0256410256410256
1,2,2,0.9755708,0.9755708,0.9755708,0.0256410256410256,0.0256410256410256,0.0256410256410256
1,2,2,0.9755708,0.9755708,0.9754826,0.0256410256410256,0.0256410256410256,0.0256410256410256
0,0,0,0.9631217,0.9631217,0.9631217,0.3846153846153846,0.3846153846153846,0.3846153846153846
0,0,1,0.9631217,0.9631217,0.9631217,0.3846153846153846,0.3846153846153846,0.3846153846153846
0,0,2,0.9631217,0.9631217,0.9631217,0.3846153846153846,0.3846153846153846,0.3846153846153846
1,1,1,0.9631217,0.9631217,0.9631217,0.3846153846153846,0.3846153846153846,0.3846153846153846
1,1,1,0.9631217,0.9631217,0.9631217,0.3846153846153846,0.3846153846153846,0.3846153846153846
1,1,1,0.9631217,0.9631217,0.9631217,0.3846153846153846,0.3846153846153846,0.3846153846153846
1,1,1,0.9631217,0.9631217,0.9631217,0.3846153846153846,0.3846153846153846,0.3846153846153846
1,1,1,0.9631217,0.9631217,0.9631217,0.3846153846153846,0.3846153846153846,0.3846153846153846
1,1,1,0.9631217,0.9631217,0.9631217,0.3846153846153846,0.3846153846153846,0.3846153846153846
1,1,1,0.9631217,0.9631217,0.9631217,0.3846153846153846,0.3846153846153846,0.3846153846153846
1,1,1,0.9631217,0.9631217,0.9631217,0.3846153846153846,0.3846153846153846,0.3846153846153846
1,1,1,0.9631217,0.9631217,0.9631217,0.3846153846153846,0.3846153846153846,0.3846153846153846
1,1,2,0.9631217,0.9631217,0.9631217,0.3846153846153846,0.3846153846153846,0.3846153846153846
1,1,2,0.9631217,0.9631217,0.9631217,0.3846153846153846,0.3846153846153846,0.3846153846153846
1,1,2,0.9631217,0.9631217,0.9631217,0.3846153846153846,0.3846153846153846,0.3846153846153846
1,1,2,0.9631217,0.9471465,0.9631217,0.3846153846153846,0.3773584905660377,0.3846153846153846
1,1,2,0.9631217,0.9631217,0.9631217,0.3846153846153846,0.3846153846153846,0.3846153846153846
1,1,2,0.9631217,0.9631217,0.9631217,0.3846153846153846,0.3846153846153846,0.3846153846153846
1,1,2,0.9631217,0.9631217,0.9631217,0.3846153846153846,0.3846153846153846,0.3846153846153846
1,1,2,0.9631217,0.9631217,0.9631217,0.3846153846153846,0.3846153846153846,0.3846153846153846
1,1,2,0.9631217,0.9631217,0.9631217,0.3846153846153846,0.3846153846153846,0.3846153846153846
1,2,1,0.9631217,0.9631217,0.9631217,0.3846153846153846,0.3846153846153846,0.3846153846153846
1,2,1,0.9631217,0.9631217,0.9631217,0.3846153846153846,0.3846153846153846,0.3846153846153846
1,2,1,0.9631217,0.9631217,0.9631217,0.3846153846153846,0.3846153846153846,0.3846153846153846
1,2,1,0.9631217,0.9631217,0.9631217,0.3846153846153846,0.3846153846153846,0.3846153846153846
1,2,1,0.9631217,0.9631217,0.9631217,0.3846153846153846,0.3846153846153846,0.3846153846153846
1,2,1,0.9471465,0.9631217,0.9631217,0.3773584905660377,0.3846153846153846,0.3846153846153846
1,2,1,0.9631217,0.9631217,0.9631217,0.3846153846153846,0.3846153846153846,0.3846153846153846
1,2,1,0.9631217,0.9631217,0.9631217,0.3846153846153846,0.3846153846153846,0.3846153846153846
1,2,1,0.9631217,0.9631217,0.9631217,0.3846153846153846,0.3846153846153846,0.3846153846153846
1,2,2,0.9631217,0.9631217,0.9631217,0.3846153846153846,0.3846153846153846,0.3846153846153846
1,2,2,0.9631217,0.9631217,0.9631217,0.3846153846153846,0.3846153846153846,0.3846153846153846
1,2,2,0.9631217,0.9631217,0.9631217,0.3846153846153846,0.3846153846153846,0.3846153846153846
1,2,2,0.9631217,0.9631217,0.9631217,0.3846153846153846,0.3846153846153846,0.3846153846153846
1,2,2,0.9631217,0.9631217,0.9631217,0.3846153846153846,0.3846153846153846,0.3846153846153846
1,2,2,0.9631217,0.9631217,0.9631217,0.3846153846153846,0.3846153846153846,0.3846153846153846
1,2,2,0.9631217,0.9631217,0.9631217,0.3846153846153846,0.3846153846153846,0.3846153846153846
1,2,2,0.9631217,0.9631217,0.9631217,0.3846153846153846,0.3846153846153846,0.3846153846153846
1,2,2,0.9631217,0.9631217,0.9631217,0.3846153846153846,0.3846153846153846,0.3846153846153846
0,0,0,0.98382324,0.98382324,0.98382324,0.2058823529411765,0.2058823529411765,0.2058823529411765
0,0,1,0.98382324,0.98382324,0.98382324,0.2058823529411765,0.2058823529411765,0.2058823529411765
0,0,2,0.98382324,0.98382324,0.95208544,0.2058823529411765,0.2058823529411765,0.368421052631579
1,1,1,0.9520854,0.98382324,0.98382324,0.368421052631579,0.2058823529411765,0.2058823529411765
1,1,1,0.98382324,0.98382324,0.98382324,0.2058823529411765,0.2058823529411765,0.2058823529411765
1,1,1,0.98382324,0.98382324,0.95208544,0.2058823529411765,0.2058823529411765,0.368421052631579
1,1,1,0.98382324,0.98382324,0.98382324,0.2058823529411765,0.2058823529411765,0.2058823529411765
1,1,1,0.98382324,0.98382324,0.98382324,0.2058823529411765,0.2058823529411765,0.2058823529411765
1,1,1,0.98382324,0.98382324,0.98382324,0.2058823529411765,0.2058823529411765,0.2058823529411765
1,1,1,0.98382324,0.98382324,0.98382324,0.2058823529411765,0.2058823529411765,0.2058823529411765
1,1,1,0.98382324,0.98382324,0.98382324,0.2058823529411765,0.2058823529411765,0.2058823529411765
1,1,1,0.98382324,0.98382324,0.98382324,0.2058823529411765,0.2058823529411765,0.2058823529411765
1,1,2,0.98382324,0.98382324,0.9459764,0.2058823529411765,0.2058823529411765,0.0
1,1,2,0.98382324,0.98382324,0.98382324,0.2058823529411765,0.2058823529411765,0.2058823529411765
1,1,2,0.98382324,0.98382324,0.98382324,0.2058823529411765,0.2058823529411765,0.2058823529411765
1,1,2,0.98382324,0.98382324,0.98382324,0.2058823529411765,0.2058823529411765,0.2058823529411765
1,1,2,0.98382324,0.98382324,0.98382324,0.2058823529411765,0.2058823529411765,0.2058823529411765
1,1,2,0.98382324,0.98382324,0.98382324,0.2058823529411765,0.2058823529411765,0.2058823529411765
1,1,2,0.9459763,0.98382324,0.98382324,0.0,0.2058823529411765,0.2058823529411765
1,1,2,0.98382324,0.98382324,0.98382324,0.2058823529411765,0.2058823529411765,0.2058823529411765
1,1,2,0.98382324,0.98382324,0.98382324,0.2058823529411765,0.2058823529411765,0.2058823529411765
1,2,1,0.98382324,0.98382324,0.98382324,0.2058823529411765,0.2058823529411765,0.2058823529411765
1,2,1,0.9459763,0.98382324,0.98382324,0.0,0.2058823529411765,0.2058823529411765
1,2,1,0.98382324,0.98382324,0.98382324,0.2058823529411765,0.2058823529411765,0.2058823529411765
1,2,1,0.98382324,0.98382324,0.9459764,0.2058823529411765,0.2058823529411765,0.0
1,2,1,0.98382324,0.98382324,0.98382324,0.2058823529411765,0.2058823529411765,0.2058823529411765
1,2,1,0.98382324,0.98382324,0.98382324,0.2058823529411765,0.2058823529411765,0.2058823529411765
1,2,1,0.98382324,0.98382324,0.98382324,0.2058823529411765,0.2058823529411765,0.2058823529411765
1,2,1,0.98382324,0.98382324,0.98382324,0.2058823529411765,0.2058823529411765,0.2058823529411765
1,2,1,0.98382324,0.98382324,0.98382324,0.2058823529411765,0.2058823529411765,0.2058823529411765
1,2,2,0.98382324,0.98382324,0.98382324,0.2058823529411765,0.2058823529411765,0.2058823529411765
1,2,2,0.98382324,0.98382324,0.95208544,0.2058823529411765,0.2058823529411765,0.368421052631579
1,2,2,0.98382324,0.98382324,0.98382324,0.2058823529411765,0.2058823529411765,0.2058823529411765
1,2,2,0.98382324,0.98382324,0.9459764,0.2058823529411765,0.2058823529411765,0.0
1,2,2,0.98382324,0.98382324,0.95208544,0.2058823529411765,0.2058823529411765,0.368421052631579
1,2,2,0.98382324,0.98382324,0.9788831,0.2058823529411765,0.2058823529411765,0.1999999999999999
1,2,2,0.98382324,0.98382324,0.98382324,0.2058823529411765,0.2058823529411765,0.2058823529411765
1,2,2,0.98382324,0.9459764,0.98382324,0.2058823529411765,0.2857142857142857,0.2058823529411765
1,2,2,0.98382324,0.98382324,0.98382324,0.2058823529411765,0.2058823529411765,0.2058823529411765
0,0,0,1.0000001,1.0000001,1.0000001,0.0,0.0,0.0
0,0,1,1.0000001,1.0000001,1.0000001,0.0,0.0,0.0
0,0,2,1.0000001,1.0000001,1.0000001,0.0,0.0,0.0
1,1,1,1.0000001,1.0000001,1.0000001,0.0,0.0,0.0
1,1,1,1.0000001,1.0000001,1.0000001,0.0,0.0,0.0
1,1,1,1.0000001,1.0000001,1.0000001,0.0,0.0,0.0
1,1,1,1.0000001,1.0000001,1.0000001,0.0,0.0,0.0
1,1,1,1.0000001,1.0000001,1.0000001,0.0,0.0,0.0
1,1,1,1.0000001,1.0000001,1.0000001,0.0,0.0,0.0
1,1,1,1.0000001,1.0000001,1.0000001,0.0,0.0,0.0
1,1,1,1.0000001,1.0000001,1.0000001,0.0,0.0,0.0
1,1,1,1.0000001,1.0000001,1.0000001,0.0,0.0,0.0
1,1,2,1.0000001,1.0000001,1.0000001,0.0,0.0,0.0
1,1,2,1.0000001,1.0000001,1.0000001,0.0,0.0,0.0
1,1,2,1.0000001,1.0000001,1.0000001,0.0,0.0,0.0
1,1,2,1.0000001,1.0000001,1.0000001,0.0,0.0,0.0
1,1,2,1.0000001,1.0000001,1.0000001,0.0,0.0,0.0
1,1,2,1.0000001,1.0000001,1.0000001,0.0,0.0,0.0
1,1,2,1.0000001,1.0000001,1.0000001,0.0,0.0,0.0
1,1,2,1.0000001,1.0000001,1.0000001,0.0,0.0,0.0
1,1,2,1.0000001,1.0000001,1.0000001,0.0,0.0,0.0
1,2,1,1.0000001,1.0000001,1.0000001,0.0,0.0,0.0
1,2,1,1.0000001,1.0000001,1.0000001,0.0,0.0,0.0
1,2,1,1.0000001,1.0000001,1.0000001,0.0,0.0,0.0
1,2,1,1.0000001,1.0000001,1.0000001,0.0,0.0,0.0
1,2,1,1.0000001,1.0000001,1.0000001,0.0,0.0,0.0
1,2,1,1.0000001,1.0000001,1.0000001,0.0,0.0,0.0
1,2,1,1.0000001,1.0000001,1.0000001,0.0,0.0,0.0
1,2,1,1.0000001,0.8483349,1.0000001,0.0,0.0,0.0
1,2,1,1.0000001,1.0000001,1.0000001,0.0,0.0,0.0
1,2,2,1.0000001,1.0000001,1.0000001,0.0,0.0,0.0
1,2,2,1.0000001,1.0000001,1.0000001,0.0,0.0,0.0
1,2,2,1.0000001,1.0000001,1.0000001,0.0,0.0,0.0
1,2,2,1.0000001,1.0000001,1.0000001,0.0,0.0,0.0
1,2,2,1.0000001,1.0000001,1.0000001,0.0,0.0,0.0
1,2,2,1.0000001,1.0000001,1.0000001,0.0,0.0,0.0
1,2,2,1.0000001,1.0000001,1.0000001,0.0,0.0,0.0
1,2,2,1.0000001,1.0000001,1.0000001,0.0,0.0,0.0
1,2,2,1.0000001,1.0000001,1.0000001,0.0,0.0,0.0
0,0,0,0.93024766,0.93024766,0.8612615,0.4736842105263158,0.4736842105263158,0.3853211009174312
0,0,1,0.93024766,0.93024766,0.6795022,0.4736842105263158,0.4736842105263158,0.3888888888888888
0,0,2,0.93024766,0.8625755,0.74184895,0.4736842105263158,0.0,0.0
1,1,1,0.83346575,0.81805855,0.7496511,0.5384615384615384,0.3983050847457627,0.5350877192982456
1,1,1,0.9015126,0.8541665,0.51609445,0.2803030303030303,0.0,0.4380165289256198
1,1,1,0.75720847,0.79754305,0.647999,0.515625,0.1547619047619047,0.1940298507462686
1,1,1,0.93024766,0.82442653,0.80888194,0.4736842105263158,0.0,0.5045045045045045
1,1,1,0.9189879,0.84787387,0.7839955,0.4809160305343511,0.2671755725190839,0.4128440366972477
1,1,1,0.8350375,0.8570101,0.6598004,0.5,0.2783505154639175,0.4444444444444444
1,1,1,0.8448377,0.87172294,0.77173907,0.2959183673469387,0.2671755725190839,0.3050847457627118
1,1,1,0.8545579,0.9189879,0.70909053,0.2671755725190839,0.4809160305343511,0.3534482758620689
1,1,1,0.8186796,0.787372,0.8448377,0.0,0.504,0.3300970873786407
1,1,2,0.8450165,0.8998597,0.85574794,0.1829268292682927,0.2803030303030303,0.2868852459016393
1,1,2,0.9015126,0.8614787,0.76165146,0.2857142857142857,0.2631578947368421,0.3688524590163934
1,1,2,0.8928189,0.8928189,0.5285927,0.2803030303030303,0.2803030303030303,0.4148936170212766
1,1,2,0.8456081,0.8456081,0.797635,0.2671755725190839,0.2671755725190839,0.3209876543209876
1,1,2,0.8625755,0.87803435,0.56406283,0.4035087719298246,0.5384615384615384,0.3917525773195877
1,1,2,0.7458626,0.91259754,0.6696595,0.5344827586206897,0.4809160305343511,0.3418803418803419
1,1,2,0.88989806,0.8094622,0.7655959,0.2671755725190839,0.4146341463414634,0.4765625
1,1,2,0.8570101,0.746687,0.642689,0.0,0.5572519083969465,0.1780821917808219
1,1,2,0.910322,0.85417104,0.5921386,0.4809160305343511,0.2671755725190839,0.4432989690721649
1,2,1,0.90010977,0.905326,0.7945232,0.2671755725190839,0.2671755725190839,0.4375
1,2,1,0.8620336,0.8570181,0.7078923,0.2989690721649485,0.2604166666666666,0.2222222222222222
1,2,1,0.9015126,0.8555487,0.80334616,0.2803030303030303,0.1744186046511627,0.2477064220183485
1,2,1,0.89808744,0.83346975,0.65524465,0.2671755725190839,0.504,0.3963963963963963
1,2,1,0.8515513,0.89145243,0.7260564,0.0,0.2671755725190839,0.3736263736263736
1,2,1,0.81384325,0.8928189,0.6670418,0.504,0.2803030303030303,0.5703125
1,2,1,0.84974587,0.84974587,0.5859479,0.2365591397849462,0.1647058823529411,0.4811320754716981
1,2,1,0.8122926,0.8286456,0.7203897,0.504,0.4453125,0.4869565217391304
1,2,1,0.852246,0.8448377,0.83844495,0.2631578947368421,0.2959183673469387,0.4418604651162791
1,2,2,0.93024766,0.8998597,0.61667943,0.4736842105263158,0.2803030303030303,0.4081632653061224
1,2,2,0.8888972,0.85113376,0.67085624,0.2671755725190839,0.1585365853658537,0.2465753424657534
1,2,2,0.8448377,0.83726346,0.73067915,0.2886597938144329,0.504,0.3406593406593406
1,2,2,0.85782224,0.88755476,0.68030334,0.3106796116504854,0.2727272727272727,0.3478260869565217
1,2,2,0.8448377,0.8616904,0.69370097,0.1976744186046511,0.2604166666666666,0.3026315789473685
1,2,2,0.8963502,0.8963502,0.522179,0.2671755725190839,0.2671755725190839,0.3583333333333333
1,2,2,0.85294217,0.8298391,0.81945443,0.0,0.523076923076923,0.3859649122807017
1,2,2,0.8172829,0.93024766,0.6878752,0.504,0.4736842105263158,0.4588235294117647
1,2,2,0.89841986,0.8326682,0.7998555,0.2671755725190839,0.504,0.5433070866141732
0,0,0,0.8616997,0.8616997,0.8616997,0.5078125,0.5078125,0.5078125
0,0,1,0.8616997,0.85966206,0.84699535,0.5078125,0.5078125,0.2619047619047618
0,0,2,0.8616997,0.8616997,0.8616997,0.5078125,0.5078125,0.5078125
1,1,1,0.8616997,0.86336136,0.8616997,0.5078125,0.4488188976377952,0.5078125
1,1,1,0.8351546,0.8351546,0.8616997,0.424,0.424,0.5078125
1,1,1,0.8616997,0.79319686,0.8616997,0.5078125,0.3302752293577982,0.5078125
1,1,1,0.82704544,0.8616997,0.8616997,0.424,0.5078125,0.5078125
1,1,1,0.8616997,0.8772561,0.8616997,0.5078125,0.384,0.5078125
1,1,1,0.8616997,0.8616997,0.8616997,0.5078125,0.5078125,0.5078125
1,1,1,0.8616997,0.8616997,0.77295685,0.5078125,0.5078125,0.5166666666666666
1,1,1,0.8616997,0.8616997,0.83577394,0.5078125,0.5078125,0.424
1,1,1,0.8616997,0.8616997,0.8038157,0.5078125,0.5078125,0.3652173913043478
1,1,2,0.84248555,0.8445783,0.8669504,0.432,0.424,0.4409448818897638
1,1,2,0.8669504,0.8143224,0.8616997,0.4409448818897638,0.424,0.5078125
1,1,2,0.7841798,0.8616997,0.78475773,0.3482142857142857,0.5078125,0.3457943925233645
1,1,2,0.8616997,0.8616997,0.82086205,0.5078125,0.5078125,0.3365384615384615
1,1,2,0.8616997,0.8336309,0.7818825,0.5078125,0.432,0.4678899082568807
1,1,2,0.8616997,0.85966206,0.76789546,0.5078125,0.5078125,0.4435483870967742
1,1,2,0.8616997,0.8616997,0.8616997,0.5078125,0.5078125,0.5078125
1,1,2,0.8616997,0.8324995,0.8155492,0.5078125,0.1801801801801802,0.3467741935483871
1,1,2,0.8393078,0.8616997,0.7245989,0.424,0.5078125,0.4537037037037037
1,2,1,0.8616997,0.8435507,0.8616997,0.5078125,0.4285714285714286,0.5078125
1,2,1,0.83485353,0.8616997,0.7714243,0.3385826771653543,0.5078125,0.4545454545454546
1,2,1,0.856729,0.85498846,0.856729,0.4285714285714286,0.4523809523809523,0.4285714285714286
1,2,1,0.85263205,0.8616997,0.82428145,0.4285714285714286,0.5078125,0.3369565217391305
1,2,1,0.7969097,0.77972513,0.8616997,0.656,0.467741935483871,0.5078125
1,2,1,0.8448081,0.8448081,0.8616997,0.4285714285714286,0.4285714285714286,0.5078125
1,2,1,0.8616997,0.8616997,0.8616997,0.5078125,0.5078125,0.5078125
1,2,1,0.8616997,0.81410503,0.8616997,0.5078125,0.324074074074074,0.5078125
1,2,1,0.8616997,0.8616997,0.81147265,0.5078125,0.5078125,0.528
1,2,2,0.8616997,0.8616997,0.8669442,0.5078125,0.5078125,0.139344262295082
1,2,2,0.85796165,0.78968924,0.85796165,0.4285714285714286,0.5272727272727273,0.4285714285714286
1,2,2,0.8568194,0.85771406,0.85771406,0.4285714285714286,0.4285714285714286,0.4285714285714286
1,2,2,0.84888405,0.85966206,0.8616997,0.4285714285714286,0.5078125,0.5078125
1,2,2,0.854571,0.83125466,0.8616997,0.4285714285714286,0.3482142857142857,0.5078125
1,2,2,0.8669504,0.8572346,0.8616997,0.4409448818897638,0.4285714285714286,0.5078125
1,2,2,0.85081017,0.83401644,0.8616997,0.4285714285714286,0.528,0.5078125
1,2,2,0.8616997,0.8667301,0.8616997,0.5078125,0.4960629921259842,0.5078125
1,2,2,0.8616997,0.8616997,0.7762813,0.5078125,0.5078125,0.4772727272727273
0,0,0,0.80139714,0.8207102,0.8026168,0.352112676056338,0.4958677685950413,0.4891304347826086
0,0,1,0.8207102,0.8026168,0.8207102,0.4958677685950413,0.4891304347826086,0.4958677685950413
0,0,2,0.77705956,0.77757525,0.77705956,0.3472222222222222,0.0,0.0
1,1,1,0.80139714,0.8207102,0.77757525,0.352112676056338,0.4958677685950413,0.0
1,1,1,0.79781944,0.8207102,0.8207102,0.4787234042553191,0.4958677685950413,0.4958677685950413
1,1,1,0.8026168,0.8027358,0.8207102,0.4891304347826086,0.3424657534246575,0.4958677685950413
1,1,1,0.8207102,0.77705956,0.8207102,0.4958677685950413,0.3472222222222222,0.4958677685950413
1,1,1,0.8050868,0.8207102,0.8207102,0.4787234042553191,0.4958677685950413,0.4958677685950413
1,1,1,0.8207102,0.7928445,0.85830665,0.4958677685950413,0.5619047619047619,0.3833333333333333
1,1,1,0.8207102,0.8207102,0.8207102,0.4958677685950413,0.4958677685950413,0.4958677685950413
1,1,1,0.8207102,0.8207102,0.857415,0.4958677685950413,0.4958677685950413,0.3865546218487394
1,1,1,0.8207102,0.8026168,0.8207102,0.4958677685950413,0.4891304347826086,0.4958677685950413
1,1,2,0.8026168,0.8207102,0.7378287,0.4891304347826086,0.4958677685950413,0.5833333333333333
1,1,2,0.8207102,0.8207102,0.7404059,0.4958677685950413,0.4958677685950413,0.5882352941176471
1,1,2,0.8207102,0.8207102,0.8207102,0.4958677685950413,0.4958677685950413,0.4958677685950413
1,1,2,0.8207102,0.77757525,0.8207102,0.4958677685950413,0.4050632911392405,0.4958677685950413
1,1,2,0.8207102,0.8013971,0.8207102,0.4958677685950413,0.352112676056338,0.4958677685950413
1,1,2,0.8207102,0.81969196,0.8013971,0.4958677685950413,0.4916666666666667,0.352112676056338
1,1,2,0.80161387,0.7770595,0.85830665,0.5462962962962963,0.0,0.3833333333333333
1,1,2,0.80261683,0.8207102,0.7537124,0.4891304347826086,0.4958677685950413,0.4302325581395348
1,1,2,0.8207102,0.80261683,0.8207102,0.4958677685950413,0.4891304347826086,0.4958677685950413
1,2,1,0.8207102,0.8207102,0.8207102,0.4958677685950413,0.4958677685950413,0.4958677685950413
1,2,1,0.8207102,0.8207102,0.8207102,0.4958677685950413,0.4958677685950413,0.4958677685950413
1,2,1,0.8207102,0.8207102,0.8207102,0.4958677685950413,0.4958677685950413,0.4958677685950413
1,2,1,0.8207102,0.80261683,0.8005181,0.4958677685950413,0.4891304347826086,0.5
1,2,1,0.8207102,0.8207102,0.8207102,0.4958677685950413,0.4958677685950413,0.4958677685950413
1,2,1,0.8013971,0.8207102,0.8207102,0.0,0.4958677685950413,0.4958677685950413
1,2,1,0.8207102,0.8207102,0.8020956,0.4958677685950413,0.4958677685950413,0.3378378378378378
1,2,1,0.8207102,0.8207102,0.8207102,0.4958677685950413,0.4958677685950413,0.4958677685950413
1,2,1,0.80261683,0.8013971,0.80261683,0.4891304347826086,0.0,0.4891304347826086
1,2,2,0.8207102,0.8207102,0.8207102,0.4958677685950413,0.4958677685950413,0.4958677685950413
1,2,2,0.8207102,0.8207102,0.7770595,0.4958677685950413,0.4958677685950413,0.3472222222222222
1,2,2,0.8207102,0.8207102,0.8207102,0.4958677685950413,0.4958677685950413,0.4958677685950413
1,2,2,0.8207102,0.8207102,0.80261683,0.4958677685950413,0.4958677685950413,0.4891304347826086
1,2,2,0.8207102,0.8207102,0.8207102,0.4958677685950413,0.4958677685950413,0.4830508474576271
1,2,2,0.77757525,0.8207102,0.8207102,0.0,0.4958677685950413,0.4958677685950413
1,2,2,0.8207102,0.8207102,0.8207102,0.4958677685950413,0.4958677685950413,0.4958677685950413
1,2,2,0.80139714,0.7986418,0.8207102,0.352112676056338,0.4838709677419355,0.4958677685950413
1,2,2,0.8207102,0.8207102,0.8207102,0.4958677685950413,0.4958677685950413,0.4958677685950413
0,0,0,1.0,1.0,1.0,0.0,0.0,0.0
0,0,1,1.0,1.0,1.0,0.0,0.0,0.0
0,0,2,1.0,1.0,1.0,0.0,0.0,0.0
1,1,1,0.7924331,1.0,1.0,0.0,0.0,0.0
1,1,1,1.0,1.0,1.0,0.0,0.0,0.0
1,1,1,1.0,1.0,1.0,0.0,0.0,0.0
1,1,1,1.0,1.0,1.0,0.0,0.0,0.0
1,1,1,1.0,1.0,1.0,0.0,0.0,0.0
1,1,1,1.0,1.0,1.0,0.0,0.0,0.0
1,1,1,1.0,1.0,1.0,0.0,0.0,0.0
1,1,1,1.0,0.77525914,1.0,0.0,0.0,0.0
1,1,1,1.0,1.0,1.0,0.0,0.0,0.0
1,1,2,1.0,1.0,1.0,0.0,0.0,0.0
1,1,2,1.0,0.7294648,1.0,0.0,0.0,0.0
1,1,2,1.0,1.0,1.0,0.0,0.0,0.0
1,1,2,1.0,1.0,1.0,0.0,0.0,0.0
1,1,2,1.0,0.8358301,1.0,0.0,0.0,0.0
1,1,2,1.0,1.0,1.0,0.0,0.0,0.0
1,1,2,1.0,1.0,1.0,0.0,0.0,0.0
1,1,2,1.0,1.0,1.0,0.0,0.0,0.0
1,1,2,1.0,1.0,1.0,0.0,0.0,0.0
1,2,1,1.0,1.0,1.0,0.0,0.0,0.0
1,2,1,1.0,1.0,1.0,0.0,0.0,0.0
1,2,1,0.98651284,1.0,1.0,0.0,0.0,0.0
1,2,1,1.0,1.0,1.0,0.0,0.0,0.0
1,2,1,1.0,1.0,1.0,0.0,0.0,0.0
1,2,1,1.0,1.0,1.0,0.0,0.0,0.0
1,2,1,1.0,1.0,1.0,0.0,0.0,0.0
1,2,1,1.0,1.0,1.0,0.0,0.0,0.0
1,2,1,1.0,1.0,1.0,0.0,0.0,0.0
1,2,2,1.0,1.0,1.0,0.0,0.0,0.0
1,2,2,1.0,1.0,1.0,0.0,0.0,0.0
1,2,2,1.0,1.0,1.0,0.0,0.0,0.0
1,2,2,1.0,1.0,0.9986605,0.0,0.0,0.0
1,2,2,1.0,1.0,1.0,0.0,0.0,0.0
1,2,2,1.0,1.0,1.0,0.0,0.0,0.0
1,2,2,1.0,1.0,1.0,0.0,0.0,0.0
1,2,2,1.0,1.0,1.0,0.0,0.0,0.0
1,2,2,1.0,1.0,1.0,0.0,0.0,0.0
0,0,0,0.9284625,0.9284625,0.9284625,0.64,0.64,0.64
0,0,1,0.9284625,0.9233496,0.9284625,0.64,0.6451612903225806,0.64
0,0,2,0.9233496,0.9284625,0.9233496,0.6422764227642277,0.64,0.6451612903225806
1,1,1,0.9310651,0.8860891,0.9284625,0.6370967741935484,0.0,0.64
1,1,1,0.9216112,0.93092895,0.9233496,0.6504065040650406,0.64,0.6451612903225806
1,1,1,0.9233496,0.9233496,0.9233496,0.6451612903225806,0.6451612903225806,0.6451612903225806
1,1,1,0.9236659,0.88716,0.9233496,0.6504065040650406,0.0,0.6451612903225806
1,1,1,0.87008095,0.9233496,0.9284625,0.6557377049180328,0.6451612903225806,0.64
1,1,1,0.9284625,0.93794906,0.9233496,0.64,0.5691056910569106,0.6451612903225806
1,1,1,0.9233496,0.9233496,0.8868574,0.6451612903225806,0.6451612903225806,0.0
1,1,1,0.9233496,0.91220844,0.9310651,0.6451612903225806,0.4653465346534653,0.6370967741935484
1,1,1,0.8868574,0.91220844,0.9233496,0.3267326732673267,0.4653465346534653,0.6451612903225806
1,1,2,0.9310651,0.88716,0.9233496,0.6370967741935484,0.0,0.6451612903225806
1,1,2,0.9233496,0.78617007,0.9233496,0.6422764227642277,0.0,0.6451612903225806
1,1,2,0.9310651,0.9216112,0.9216112,0.64,0.6504065040650406,0.6504065040650406
1,1,2,0.9310651,0.9310651,0.9233496,0.6370967741935484,0.6370967741935484,0.6451612903225806
1,1,2,0.9216112,0.6015104,0.9208273,0.6504065040650406,0.3902439024390244,0.6557377049180328
1,1,2,0.9233496,0.88716,0.8826124,0.6451612903225806,0.0,0.0
1,1,2,0.9284625,0.9233496,0.8860891,0.64,0.6451612903225806,0.0
1,1,2,0.9233496,0.9233496,0.79092324,0.6451612903225806,0.6451612903225806,0.6666666666666667
1,1,2,0.9233496,0.9310651,0.9233496,0.6451612903225806,0.6370967741935484,0.6451612903225806
1,2,1,0.9216112,0.88716,0.9233496,0.6504065040650406,0.0,0.6422764227642277
1,2,1,0.9310651,0.9284625,0.9233496,0.6370967741935484,0.6341463414634146,0.6451612903225806
1,2,1,0.9233496,0.8561298,0.9233496,0.6422764227642277,0.2842105263157894,0.6451612903225806
1,2,1,0.9310651,0.9233496,0.9216112,0.6370967741935484,0.6451612903225806,0.6504065040650406
1,2,1,0.9233496,0.8868574,0.9284625,0.6451612903225806,0.0,0.64
1,2,1,0.9208273,0.9233496,0.9216112,0.6557377049180328,0.6422764227642277,0.6504065040650406
1,2,1,0.9208273,0.88716,0.9310651,0.6557377049180328,0.0,0.6370967741935484
1,2,1,0.9233496,0.8777319,0.88716,0.639344262295082,0.6557377049180328,0.0
1,2,1,0.9284625,0.9233496,0.92709374,0.64,0.6451612903225806,0.6153846153846154
1,2,2,0.9284625,0.9233496,0.9233496,0.64,0.6451612903225806,0.6451612903225806
1,2,2,0.92688257,0.8826124,0.9233496,0.5053763440860215,0.0,0.6451612903225806
1,2,2,0.9310651,0.8257385,0.9284625,0.6370967741935484,0.3333333333333333,0.64
1,2,2,0.9284625,0.9233496,0.8826124,0.64,0.6451612903225806,0.0
1,2,2,0.9233496,0.88716,0.9233496,0.6451612903225806,0.0,0.6451612903225806
1,2,2,0.9310651,0.9216112,0.9233496,0.6370967741935484,0.6504065040650406,0.6451612903225806
1,2,2,0.9208273,0.8860891,0.86104417,0.6557377049180328,0.0,0.5454545454545454
1,2,2,0.9216112,0.8730668,0.88716,0.6504065040650406,0.4019607843137255,0.0
1,2,2,0.9233496,0.8488146,0.93092895,0.6451612903225806,0.2688172043010752,0.64
0,0,0,0.8455119,0.86701,0.8501258,0.256198347107438,0.4117647058823529,0.4166666666666666
0,0,1,0.86701,0.86701,0.8255845,0.4117647058823529,0.4117647058823529,0.364406779661017
0,0,2,0.84187746,0.86701,0.8384999,0.453781512605042,0.4117647058823529,0.453781512605042
1,1,1,0.8439745,0.85349554,0.86701,0.2605042016806722,0.3949579831932773,0.4117647058823529
1,1,1,0.86701,0.7190207,0.7544296,0.4117647058823529,0.3613445378151261,0.2605042016806722
1,1,1,0.85349554,0.86701,0.85349554,0.3949579831932773,0.4117647058823529,0.3949579831932773
1,1,1,0.86701,0.7407932,0.8439745,0.4117647058823529,0.4033613445378151,0.2605042016806722
1,1,1,0.8384999,0.8255845,0.75140685,0.453781512605042,0.364406779661017,0.4033613445378151
1,1,1,0.85349554,0.88820577,0.74976027,0.3949579831932773,0.4621848739495798,0.423728813559322
1,1,1,0.8501258,0.86701,0.85349554,0.4166666666666666,0.4117647058823529,0.3949579831932773
1,1,1,0.85148805,0.85349554,0.86203957,0.3529411764705882,0.3949579831932773,0.4201680672268907
1,1,1,0.88820577,0.85349554,0.8439745,0.4621848739495798,0.3949579831932773,0.2605042016806722
1,1,2,0.85349554,0.74976027,0.8440613,0.3949579831932773,0.423728813559322,0.2605042016806722
1,1,2,0.86701,0.86701,0.85349554,0.4117647058823529,0.4117647058823529,0.3949579831932773
1,1,2,0.74976027,0.8476243,0.85148805,0.423728813559322,0.2605042016806722,0.3529411764705882
1,1,2,0.8255845,0.7496731,0.86701,0.364406779661017,0.4033613445378151,0.4117647058823529
1,1,2,0.86701,0.7927152,0.8440613,0.4117647058823529,0.4583333333333333,0.2605042016806722
1,1,2,0.85349554,0.85349554,0.85349554,0.3949579831932773,0.3949579831932773,0.3949579831932773
1,1,2,0.85349554,0.8255845,0.86701,0.3949579831932773,0.364406779661017,0.4117647058823529
1,1,2,0.8255845,0.85148805,0.8439745,0.364406779661017,0.3529411764705882,0.2605042016806722
1,1,2,0.86701,0.7190207,0.8504141,0.4117647058823529,0.3613445378151261,0.3949579831932773
1,2,1,0.8255845,0.7407932,0.8255845,0.364406779661017,0.4033613445378151,0.364406779661017
1,2,1,0.85349554,0.85349554,0.86701,0.3949579831932773,0.3949579831932773,0.4117647058823529
1,2,1,0.88820577,0.85349554,0.8501258,0.4621848739495798,0.3949579831932773,0.4166666666666666
1,2,1,0.86701,0.7407932,0.7658719,0.4117647058823529,0.4033613445378151,0.4201680672268907
1,2,1,0.88820577,0.84324425,0.75202155,0.4621848739495798,0.2605042016806722,0.4033613445378151
1,2,1,0.8439745,0.86701,0.8255845,0.2605042016806722,0.4117647058823529,0.364406779661017
1,2,1,0.85148805,0.8255845,0.8255845,0.3529411764705882,0.364406779661017,0.364406779661017
1,2,1,0.85349554,0.85148805,0.86701,0.3949579831932773,0.3529411764705882,0.4117647058823529
1,2,1,0.8255845,0.7544296,0.86701,0.364406779661017,0.2605042016806722,0.4117647058823529
1,2,2,0.86701,0.85349554,0.8255845,0.4117647058823529,0.3949579831932773,0.364406779661017
1,2,2,0.86701,0.86701,0.6716732,0.4117647058823529,0.4117647058823529,0.3277310924369747
1,2,2,0.8255845,0.74579114,0.75202155,0.364406779661017,0.4033613445378151,0.4033613445378151
1,2,2,0.86701,0.8255845,0.7927152,0.4117647058823529,0.364406779661017,0.4583333333333333
1,2,2,0.85349554,0.85349554,0.86701,0.3949579831932773,0.3949579831932773,0.4117647058823529
1,2,2,0.85349554,0.74976027,0.85015094,0.3949579831932773,0.423728813559322,0.2583333333333333
1,2,2,0.86701,0.8439745,0.7554059,0.4117647058823529,0.2605042016806722,0.2605042016806722
1,2,2,0.74899685,0.8517088,0.8439745,0.2605042016806722,0.4117647058823529,0.2605042016806722
1,2,2,0.85349554,0.77814364,0.86701,0.3949579831932773,0.2605042016806722,0.4117647058823529
0,0,0,0.8425326,0.8425326,0.8425326,0.5258620689655172,0.5258620689655172,0.5258620689655172
0,0,1,0.8068052,0.8425326,0.8425326,0.0,0.5258620689655172,0.5258620689655172
0,0,2,0.8425326,0.8425326,0.8425326,0.5258620689655172,0.5258620689655172,0.5258620689655172
1,1,1,0.8425326,0.8425326,0.8425326,0.5258620689655172,0.5258620689655172,0.5258620689655172
1,1,1,0.8425326,0.8425326,0.8425326,0.5258620689655172,0.5258620689655172,0.5258620689655172
1,1,1,0.8425326,0.8425326,0.8425326,0.5258620689655172,0.5258620689655172,0.5258620689655172
1,1,1,0.8425326,0.8425326,0.8425326,0.5258620689655172,0.5258620689655172,0.5258620689655172
1,1,1,0.8425326,0.8425326,0.8425326,0.5258620689655172,0.5258620689655172,0.5258620689655172
1,1,1,0.8425326,0.8425326,0.8425326,0.5258620689655172,0.5258620689655172,0.5258620689655172
1,1,1,0.8425326,0.8425326,0.8425326,0.5258620689655172,0.5258620689655172,0.5258620689655172
1,1,1,0.8425326,0.8425326,0.8425326,0.5258620689655172,0.5258620689655172,0.5258620689655172
1,1,1,0.8425326,0.8425326,0.8425326,0.5258620689655172,0.5258620689655172,0.5258620689655172
1,1,2,0.8425326,0.8425326,0.8425326,0.5258620689655172,0.5258620689655172,0.5258620689655172
1,1,2,0.8425326,0.8425326,0.8425326,0.5258620689655172,0.5258620689655172,0.5258620689655172
1,1,2,0.8425326,0.8425326,0.8425326,0.5258620689655172,0.5258620689655172,0.5258620689655172
1,1,2,0.8425326,0.8425326,0.8425326,0.5258620689655172,0.5258620689655172,0.5258620689655172
1,1,2,0.8425326,0.8425326,0.8425326,0.5258620689655172,0.5258620689655172,0.5258620689655172
1,1,2,0.8425326,0.8425326,0.8425326,0.5258620689655172,0.5258620689655172,0.5258620689655172
1,1,2,0.8425326,0.8425326,0.8425326,0.5258620689655172,0.5258620689655172,0.5258620689655172
1,1,2,0.8425326,0.8425326,0.8425326,0.5258620689655172,0.5258620689655172,0.5258620689655172
1,1,2,0.8425326,0.8425326,0.8425326,0.5258620689655172,0.5258620689655172,0.5258620689655172
1,2,1,0.8425326,0.8425326,0.8425326,0.5258620689655172,0.5258620689655172,0.5258620689655172
1,2,1,0.8425326,0.8425326,0.8425326,0.5258620689655172,0.5258620689655172,0.5258620689655172
1,2,1,0.8425326,0.8425326,0.8425326,0.5258620689655172,0.5258620689655172,0.5258620689655172
1,2,1,0.8425326,0.8425326,0.8425326,0.5258620689655172,0.5258620689655172,0.5258620689655172
1,2,1,0.8425326,0.8425326,0.8425326,0.5258620689655172,0.5258620689655172,0.5258620689655172
1,2,1,0.8425326,0.8425326,0.8425326,0.5258620689655172,0.5258620689655172,0.5258620689655172
1,2,1,0.837391,0.8425326,0.8425326,0.2051282051282051,0.5258620689655172,0.5258620689655172
1,2,1,0.8425326,0.8425326,0.8425326,0.5258620689655172,0.5258620689655172,0.5258620689655172
1,2,1,0.8425326,0.8425326,0.8425326,0.5258620689655172,0.5258620689655172,0.5258620689655172
1,2,2,0.8425326,0.8425326,0.8425326,0.5258620689655172,0.5258620689655172,0.5258620689655172
1,2,2,0.8425326,0.84068274,0.8425326,0.5258620689655172,0.5126050420168067,0.5258620689655172
1,2,2,0.8425326,0.8425326,0.8425326,0.5258620689655172,0.5258620689655172,0.5258620689655172
1,2,2,0.8425326,0.8425326,0.8425326,0.5258620689655172,0.5258620689655172,0.5258620689655172
1,2,2,0.8425326,0.8425326,0.8425326,0.5258620689655172,0.5258620689655172,0.5258620689655172
1,2,2,0.8425326,0.8425326,0.8425326,0.5258620689655172,0.5258620689655172,0.5258620689655172
1,2,2,0.8425326,0.8425326,0.8425326,0.5258620689655172,0.5258620689655172,0.5258620689655172
1,2,2,0.8425326,0.8425326,0.8425326,0.5258620689655172,0.5258620689655172,0.5258620689655172
1,2,2,0.8425326,0.8586034,0.8425326,0.5258620689655172,0.4568965517241379,0.5258620689655172
