T,Z_race,Z_gender,original_outcome,rt_es_outcome,rt_da_outcome,original_m_safechat_compression,rt_es_m_safechat_compression,rt_da_m_safechat_compression
0,0,0,0.8984369,0.8984369,0.8488519,0.5894736842105264,0.5894736842105264,0.4117647058823529
0,0,1,0.86773103,0.8488519,0.8984369,0.6578947368421053,0.4117647058823529,0.5894736842105264
0,0,2,0.86773103,0.8984369,0.8556612,0.6578947368421053,0.5894736842105264,0.6666666666666667
1,1,1,0.8488519,0.8984369,0.81821334,0.4117647058823529,0.5894736842105264,-0.0689655172413792
1,1,1,0.8488519,0.8984369,0.8150402,0.4117647058823529,0.5894736842105264,-0.0540540540540539
1,1,1,0.8051431,0.8984369,0.86773103,0.1333333333333333,0.5894736842105264,0.6578947368421053
1,1,1,0.8984369,0.820099,0.7892537,0.4507042253521126,0.1333333333333333,0.2285714285714285
1,1,1,0.8984369,0.8984369,0.8488519,0.5894736842105264,0.5894736842105264,0.4117647058823529
1,1,1,0.8984369,0.8984369,0.820099,0.5894736842105264,0.5894736842105264,0.2777777777777778
1,1,1,0.8984369,0.81821334,0.8556612,0.5894736842105264,-0.0689655172413792,0.6666666666666667
1,1,1,0.8488519,0.7892537,0.81628203,0.4117647058823529,0.2285714285714285,-0.0540540540540539
1,1,1,0.81057036,0.8984369,0.8984369,0.2888888888888888,0.5894736842105264,0.5894736842105264
1,1,2,0.8488519,0.86773103,0.8488519,0.4117647058823529,0.6578947368421053,0.4117647058823529
1,1,2,0.7892537,0.8488519,0.8079488,0.2285714285714285,0.4117647058823529,0.2888888888888888
1,1,2,0.8984369,0.7892537,0.8488519,0.5894736842105264,0.2285714285714285,0.4117647058823529
1,1,2,0.8984369,0.7892537,0.8488519,0.5894736842105264,0.2285714285714285,0.4117647058823529
1,1,2,0.8984369,0.8196418,0.8556612,0.5894736842105264,-0.0689655172413792,0.6
1,1,2,0.8984369,0.8488519,0.8488519,0.5894736842105264,0.4117647058823529,0.4117647058823529
1,1,2,0.86773103,0.8984369,0.86773103,0.6578947368421053,0.5894736842105264,0.6578947368421053
1,1,2,0.8488519,0.8488519,0.71746147,0.4117647058823529,0.4117647058823529,0.0
1,1,2,0.8556612,0.8984369,0.71746147,0.6,0.5894736842105264,0.0
1,2,1,0.8984369,0.7892537,0.86773103,0.4507042253521126,0.2285714285714285,0.6578947368421053
1,2,1,0.8984369,0.8984369,0.71746147,0.5894736842105264,0.5894736842105264,0.0
1,2,1,0.7787491,0.8984369,0.8984369,-0.0909090909090908,0.4507042253521126,0.5894736842105264
1,2,1,0.8488519,0.71746147,0.71746147,0.4117647058823529,0.0,0.0
1,2,1,0.80619574,0.8488519,0.8488519,0.2888888888888888,0.4117647058823529,0.4117647058823529
1,2,1,0.7892537,0.8984369,0.8984369,0.2285714285714285,0.5894736842105264,0.5894736842105264
1,2,1,0.8181888,0.8984369,0.71746147,0.025,0.5894736842105264,0.0
1,2,1,0.8488519,0.8984369,0.8984369,0.4117647058823529,0.5894736842105264,0.5894736842105264
1,2,1,0.8488519,0.71746147,0.8984369,0.4117647058823529,0.0,0.5894736842105264
1,2,2,0.8984369,0.8984369,0.71746147,0.5894736842105264,0.4507042253521126,0.0
1,2,2,0.8488519,0.86773103,0.86773103,0.4117647058823529,0.6578947368421053,0.6578947368421053
1,2,2,0.8984369,0.86773103,0.71746147,0.4507042253521126,0.6578947368421053,0.0
1,2,2,0.8984369,0.8488519,0.8488519,0.5894736842105264,0.4117647058823529,0.4117647058823529
1,2,2,0.8984369,0.8488519,0.86773103,0.5894736842105264,0.4117647058823529,0.6578947368421053
1,2,2,0.8984369,0.8984369,0.8984369,0.4507042253521126,0.4507042253521126,0.5894736842105264
1,2,2,0.8984369,0.86773103,0.8488519,0.5894736842105264,0.6578947368421053,0.4117647058823529
1,2,2,0.8984369,0.71746147,0.8984369,0.5894736842105264,0.0,0.5894736842105264
1,2,2,0.8556612,0.8984369,0.8407713,0.6,0.5894736842105264,0.3035714285714286
0,0,0,0.98524106,0.98524106,0.98524106,0.3636363636363636,0.3636363636363636,0.3636363636363636
0,0,1,0.98524106,0.98524106,0.98524106,0.3636363636363636,0.3636363636363636,0.3636363636363636
0,0,2,0.98524106,0.98524106,0.98524106,0.3636363636363636,0.3636363636363636,0.3636363636363636
1,1,1,0.98524106,0.98524106,0.98524106,0.3636363636363636,0.3636363636363636,0.3636363636363636
1,1,1,0.98524106,0.98524106,0.98524106,0.3636363636363636,0.3636363636363636,0.3636363636363636
1,1,1,0.98524106,0.98524106,0.98524106,0.3636363636363636,0.3636363636363636,0.3636363636363636
1,1,1,0.98524106,0.98524106,0.98524106,0.3636363636363636,0.3636363636363636,0.3636363636363636
1,1,1,0.98524106,0.98524106,0.98524106,0.3636363636363636,0.3636363636363636,0.3636363636363636
1,1,1,0.98524106,0.98524106,0.98524106,0.3636363636363636,0.3636363636363636,0.3636363636363636
1,1,1,0.98524106,0.98524106,0.98524106,0.3636363636363636,0.3636363636363636,0.3636363636363636
1,1,1,0.98524106,0.98524106,0.98524106,0.3636363636363636,0.3636363636363636,0.3636363636363636
1,1,1,0.98524106,0.98524106,0.98524106,0.3636363636363636,0.3636363636363636,0.3636363636363636
1,1,2,0.98524106,0.98524106,0.98524106,0.3636363636363636,0.3636363636363636,0.3636363636363636
1,1,2,0.98524106,0.98524106,0.98524106,0.3636363636363636,0.3636363636363636,0.3636363636363636
1,1,2,0.98524106,0.98524106,0.98524106,0.3636363636363636,0.3636363636363636,0.3636363636363636
1,1,2,0.98524106,0.98524106,0.98524106,0.3636363636363636,0.3636363636363636,0.3636363636363636
1,1,2,0.98524106,0.98524106,0.98524106,0.3636363636363636,0.3636363636363636,0.3636363636363636
1,1,2,0.98524106,0.98524106,0.98524106,0.3636363636363636,0.3636363636363636,0.3636363636363636
1,1,2,0.98524106,0.98524106,0.98176163,0.3636363636363636,0.3636363636363636,0.3454545454545454
1,1,2,0.98524106,0.98524106,0.98524106,0.3636363636363636,0.3636363636363636,0.3636363636363636
1,1,2,0.98524106,0.98524106,0.98524106,0.3636363636363636,0.3636363636363636,0.3636363636363636
1,2,1,0.98524106,0.98524106,0.98524106,0.3636363636363636,0.3636363636363636,0.3636363636363636
1,2,1,0.98524106,0.98524106,0.98524106,0.3636363636363636,0.3636363636363636,0.3636363636363636
1,2,1,0.98524106,0.98524106,0.97572356,0.3636363636363636,0.3636363636363636,0.375
1,2,1,0.98524106,0.98524106,0.98524106,0.3636363636363636,0.3636363636363636,0.3636363636363636
1,2,1,0.98524106,0.98524106,0.98524106,0.3636363636363636,0.3636363636363636,0.3636363636363636
1,2,1,0.98524106,0.98524106,0.98524106,0.3636363636363636,0.3636363636363636,0.3636363636363636
1,2,1,0.98524106,0.98524106,0.98524106,0.3636363636363636,0.3636363636363636,0.3636363636363636
1,2,1,0.98524106,0.98524106,0.98524106,0.3636363636363636,0.3636363636363636,0.3636363636363636
1,2,1,0.98524106,0.98524106,0.98524106,0.3636363636363636,0.3636363636363636,0.3636363636363636
1,2,2,0.98524106,0.98524106,0.98524106,0.3636363636363636,0.3636363636363636,0.3636363636363636
1,2,2,0.98524106,0.98524106,0.98524106,0.3636363636363636,0.3636363636363636,0.3636363636363636
1,2,2,0.98524106,0.98524106,0.98524106,0.3636363636363636,0.3636363636363636,0.3636363636363636
1,2,2,0.98524106,0.98524106,0.98176163,0.3636363636363636,0.3636363636363636,0.3454545454545454
1,2,2,0.98524106,0.98524106,0.98524106,0.3636363636363636,0.3636363636363636,0.3636363636363636
1,2,2,0.98524106,0.98524106,0.98524106,0.3636363636363636,0.3636363636363636,0.3636363636363636
1,2,2,0.98524106,0.98524106,0.98524106,0.3636363636363636,0.3636363636363636,0.3636363636363636
1,2,2,0.98524106,0.98524106,0.98524106,0.3636363636363636,0.3636363636363636,0.3636363636363636
1,2,2,0.98524106,0.98524106,0.98524106,0.3636363636363636,0.3636363636363636,0.3636363636363636
0,0,0,0.86924994,0.77422696,0.77422696,0.5869565217391304,0.696969696969697,0.696969696969697
0,0,1,0.77422696,0.77422696,0.77422696,0.696969696969697,0.696969696969697,0.696969696969697
0,0,2,0.86924994,0.86924994,0.77422696,0.5869565217391304,0.5869565217391304,0.696969696969697
1,1,1,0.77422696,0.77422696,0.77422696,0.696969696969697,0.696969696969697,0.696969696969697
1,1,1,0.8478919,0.77422696,0.77422696,0.7099236641221374,0.696969696969697,0.696969696969697
1,1,1,0.7754959,0.77422696,0.86924994,0.7099236641221374,0.696969696969697,0.5869565217391304
1,1,1,0.7754959,0.77422696,0.77422696,0.7099236641221374,0.696969696969697,0.696969696969697
1,1,1,0.77422696,0.75632465,0.77422696,0.696969696969697,0.7045454545454546,0.696969696969697
1,1,1,0.7754959,0.7754959,0.77422696,0.7099236641221374,0.7099236641221374,0.696969696969697
1,1,1,0.86924994,0.86924994,0.86924994,0.5869565217391304,0.5869565217391304,0.5869565217391304
1,1,1,0.77422696,0.77422696,0.7754959,0.696969696969697,0.696969696969697,0.7099236641221374
1,1,1,0.7754959,0.7754959,0.7754959,0.7099236641221374,0.7099236641221374,0.7099236641221374
1,1,2,0.7754959,0.7754959,0.77422696,0.7099236641221374,0.7099236641221374,0.696969696969697
1,1,2,0.7754959,0.77422696,0.77422696,0.7099236641221374,0.696969696969697,0.696969696969697
1,1,2,0.77422696,0.77422696,0.7754959,0.696969696969697,0.696969696969697,0.7099236641221374
1,1,2,0.77422696,0.77422696,0.77422696,0.696969696969697,0.696969696969697,0.696969696969697
1,1,2,0.77422696,0.7754959,0.7754959,0.696969696969697,0.7099236641221374,0.7099236641221374
1,1,2,0.77422696,0.7754959,0.77422696,0.696969696969697,0.7099236641221374,0.696969696969697
1,1,2,0.86924994,0.77422696,0.7754959,0.5869565217391304,0.696969696969697,0.7099236641221374
1,1,2,0.77422696,0.86924994,0.77422696,0.696969696969697,0.5869565217391304,0.696969696969697
1,1,2,0.77422696,0.7754959,0.86924994,0.696969696969697,0.7099236641221374,0.5869565217391304
1,2,1,0.86924994,0.77422696,0.77422696,0.5869565217391304,0.696969696969697,0.696969696969697
1,2,1,0.86924994,0.77422696,0.7754959,0.5869565217391304,0.696969696969697,0.7099236641221374
1,2,1,0.7754959,0.77422696,0.7754959,0.7099236641221374,0.696969696969697,0.7099236641221374
1,2,1,0.7754959,0.7754959,0.77422696,0.7099236641221374,0.7099236641221374,0.696969696969697
1,2,1,0.77422696,0.86924994,0.86924994,0.696969696969697,0.5869565217391304,0.5869565217391304
1,2,1,0.77422696,0.77422696,0.86924994,0.696969696969697,0.696969696969697,0.5869565217391304
1,2,1,0.7754959,0.77422696,0.77422696,0.7099236641221374,0.696969696969697,0.696969696969697
1,2,1,0.86924994,0.86924994,0.77422696,0.5869565217391304,0.5869565217391304,0.696969696969697
1,2,1,0.7754959,0.77422696,0.7754959,0.7099236641221374,0.696969696969697,0.7099236641221374
1,2,2,0.7754959,0.77422696,0.86924994,0.7099236641221374,0.696969696969697,0.5869565217391304
1,2,2,0.77422696,0.77422696,0.7754959,0.696969696969697,0.696969696969697,0.7099236641221374
1,2,2,0.77422696,0.77422696,0.7754959,0.696969696969697,0.696969696969697,0.7099236641221374
1,2,2,0.7754959,0.77422696,0.7754959,0.7099236641221374,0.696969696969697,0.7099236641221374
1,2,2,0.7754959,0.77422696,0.7754959,0.7099236641221374,0.696969696969697,0.7099236641221374
1,2,2,0.7754959,0.77422696,0.7754959,0.7099236641221374,0.696969696969697,0.7099236641221374
1,2,2,0.86924994,0.86924994,0.77422696,0.5869565217391304,0.5869565217391304,0.696969696969697
1,2,2,0.77422696,0.77422696,0.7754959,0.696969696969697,0.696969696969697,0.7099236641221374
1,2,2,0.7754959,0.77422696,0.77422696,0.7099236641221374,0.696969696969697,0.696969696969697
0,0,0,0.8206707,0.8206707,0.8206707,0.175,-0.064516129032258,-0.064516129032258
0,0,1,0.8206707,0.8206707,0.8206707,0.175,-0.064516129032258,-0.064516129032258
0,0,2,0.8206707,0.8206707,0.8206707,0.175,-0.064516129032258,0.175
1,1,1,0.8622241,0.8206707,0.8206707,0.3207547169811321,0.175,0.175
1,1,1,0.7911798,0.8574382,0.8495865,0.3064516129032257,0.65,0.5421686746987953
1,1,1,0.823706,0.8206707,0.8206707,0.1842105263157895,0.175,-0.064516129032258
1,1,1,0.8382044,0.8206707,0.73123133,0.4657534246575342,0.175,0.4029850746268657
1,1,1,0.8206707,0.8206707,0.8206707,0.175,0.175,-0.064516129032258
1,1,1,0.8206707,0.8206707,0.73446035,0.175,0.175,0.5125
1,1,1,0.8206707,0.8206707,0.8206707,-0.064516129032258,0.175,0.175
1,1,1,0.8157756,0.73893034,0.75820357,0.3384615384615385,0.547945205479452,0.6847826086956521
1,1,1,0.8206707,0.8206707,0.8132933,-0.064516129032258,-0.064516129032258,0.4444444444444444
1,1,2,0.83641964,0.8206707,0.8386903,0.2641509433962264,0.175,0.4935064935064935
1,1,2,0.8206707,0.84947383,0.8206707,0.175,0.2352941176470588,-0.064516129032258
1,1,2,0.8206707,0.8206707,0.74632895,0.175,-0.064516129032258,0.52
1,1,2,0.8206707,0.8473591,0.70362717,0.175,0.3275862068965517,0.3333333333333333
1,1,2,0.71487606,0.8206707,0.64278823,0.3389830508474576,-0.064516129032258,0.3666666666666667
1,1,2,0.8206707,0.8206707,0.8206707,0.175,0.175,0.175
1,1,2,0.8206707,0.8206707,0.8206707,0.175,0.175,-0.064516129032258
1,1,2,0.8206707,0.8206707,0.8222585,0.175,0.175,0.1621621621621621
1,1,2,0.73422056,0.8206707,0.73938495,0.1627906976744185,0.175,0.5294117647058824
1,2,1,0.8160963,0.8206707,0.72740066,0.12,-0.064516129032258,0.5555555555555556
1,2,1,0.8206707,0.8206707,0.75841165,0.175,0.5147058823529411,0.5616438356164384
1,2,1,0.8206707,0.8206707,0.8206707,0.175,0.175,0.175
1,2,1,0.79413575,0.8206707,0.8206707,0.2549019607843137,0.5875,-0.064516129032258
1,2,1,0.8206707,0.8206707,0.7356022,0.175,0.175,0.525
1,2,1,0.8206707,0.8206707,0.8206707,-0.064516129032258,0.175,-0.064516129032258
1,2,1,0.8447658,0.8206707,0.8206707,0.2833333333333333,0.175,0.175
1,2,1,0.8206707,0.8206707,0.8206707,0.175,0.175,0.5875
1,2,1,0.8030675,0.782858,0.73751014,0.5697674418604651,0.2833333333333333,0.3617021276595744
1,2,2,0.8206707,0.8206707,0.69245005,-0.064516129032258,-0.064516129032258,0.368421052631579
1,2,2,0.8206707,0.85171014,0.8575858,0.175,0.4032258064516129,0.2549019607843137
1,2,2,0.8206707,0.8206707,0.8206707,-0.064516129032258,0.175,-0.064516129032258
1,2,2,0.8159721,0.84420824,0.8510566,0.6554621848739496,0.2641509433962264,0.5
1,2,2,0.8206707,0.8206707,0.83319783,0.175,0.175,0.4571428571428572
1,2,2,0.8206707,0.8280307,0.78996,0.175,0.5681818181818181,-0.0625
1,2,2,0.8206707,0.8447658,0.8206707,0.175,0.6018518518518519,0.175
1,2,2,0.8206707,0.8206707,0.82155144,0.175,0.175,0.4202898550724637
1,2,2,0.8206707,0.8206707,0.8206707,0.175,0.175,0.175
0,0,0,0.96700233,0.96700233,0.96700233,0.2727272727272727,0.2727272727272727,0.2727272727272727
0,0,1,0.96700233,0.96700233,0.96700233,0.2727272727272727,0.2727272727272727,0.2727272727272727
0,0,2,0.96700233,0.96700233,0.96700233,0.2727272727272727,0.2727272727272727,0.2727272727272727
1,1,1,0.96700233,0.96700233,0.96700233,0.2727272727272727,0.2727272727272727,0.2727272727272727
1,1,1,0.96700233,0.96700233,0.96700233,0.2727272727272727,0.2727272727272727,0.2727272727272727
1,1,1,0.96700233,0.96700233,0.96700233,0.2727272727272727,0.2727272727272727,0.2727272727272727
1,1,1,0.96700233,0.96700233,0.96700233,0.2727272727272727,0.2727272727272727,0.2727272727272727
1,1,1,0.96700233,0.96700233,0.96700233,0.2727272727272727,0.2727272727272727,0.2727272727272727
1,1,1,0.96700233,0.96700233,0.96700233,0.2727272727272727,0.2727272727272727,0.2727272727272727
1,1,1,0.96700233,0.96700233,0.96700233,0.2727272727272727,0.2727272727272727,0.2727272727272727
1,1,1,0.96700233,0.96700233,0.96700233,0.2727272727272727,0.2727272727272727,0.2727272727272727
1,1,1,0.96700233,0.96700233,0.96700233,0.2727272727272727,0.2727272727272727,0.2727272727272727
1,1,2,0.96700233,0.96700233,0.96700233,0.2727272727272727,0.2727272727272727,0.2727272727272727
1,1,2,0.96700233,0.96700233,0.96700233,0.2727272727272727,0.2727272727272727,0.2727272727272727
1,1,2,0.96700233,0.96700233,0.96700233,0.2727272727272727,0.2727272727272727,0.2727272727272727
1,1,2,0.96700233,0.96700233,0.96700233,0.2727272727272727,0.2727272727272727,0.2727272727272727
1,1,2,0.96700233,0.96700233,0.96700233,0.2727272727272727,0.2727272727272727,0.2727272727272727
1,1,2,0.96700233,0.96700233,0.96700233,0.2727272727272727,0.2727272727272727,0.2727272727272727
1,1,2,0.96700233,0.96700233,0.96700233,0.2727272727272727,0.2727272727272727,0.2727272727272727
1,1,2,0.96700233,0.96700233,0.96700233,0.2727272727272727,0.2727272727272727,0.2727272727272727
1,1,2,0.96700233,0.96700233,0.96700233,0.2727272727272727,0.2727272727272727,0.2727272727272727
1,2,1,0.96700233,0.96700233,0.96700233,0.2727272727272727,0.2727272727272727,0.2727272727272727
1,2,1,0.96700233,0.96700233,0.96700233,0.2727272727272727,0.2727272727272727,0.2727272727272727
1,2,1,0.96700233,0.96700233,0.96700233,0.2727272727272727,0.2727272727272727,0.2727272727272727
1,2,1,0.96700233,0.96700233,0.96700233,0.2727272727272727,0.2727272727272727,0.2727272727272727
1,2,1,0.96700233,0.96700233,0.96700233,0.2727272727272727,0.2727272727272727,0.2727272727272727
1,2,1,0.96700233,0.96700233,0.96700233,0.2727272727272727,0.2727272727272727,0.2727272727272727
1,2,1,0.96700233,0.96700233,0.96700233,0.2727272727272727,0.2727272727272727,0.2727272727272727
1,2,1,0.96700233,0.96700233,0.9715762,0.2727272727272727,0.2727272727272727,0.2727272727272727
1,2,1,0.96700233,0.96700233,0.96700233,0.2727272727272727,0.2727272727272727,0.2727272727272727
1,2,2,0.96700233,0.96700233,0.96700233,0.2727272727272727,0.2727272727272727,0.2727272727272727
1,2,2,0.96700233,0.96700233,0.9416244,0.2727272727272727,0.2727272727272727,0.1034482758620689
1,2,2,0.96700233,0.96700233,0.96700233,0.2727272727272727,0.2727272727272727,0.2727272727272727
1,2,2,0.96700233,0.9715762,0.96700233,0.2727272727272727,0.2727272727272727,0.2727272727272727
1,2,2,0.96700233,0.96700233,0.96700233,0.2727272727272727,0.2727272727272727,0.2727272727272727
1,2,2,0.96700233,0.96700233,0.96700233,0.2727272727272727,0.2727272727272727,0.2727272727272727
1,2,2,0.96700233,0.96700233,0.96700233,0.2727272727272727,0.2727272727272727,0.2727272727272727
1,2,2,0.96700233,0.96700233,0.96700233,0.2727272727272727,0.2727272727272727,0.2727272727272727
1,2,2,0.96700233,0.96700233,0.96700233,0.2727272727272727,0.2727272727272727,0.2727272727272727
0,0,0,0.99968123,1.0000001,1.0000001,-0.0625,-0.0625,-0.0625
0,0,1,0.99968123,0.99968123,0.99968123,-0.0625,-0.0625,-0.0625
0,0,2,1.0000001,0.99968123,1.0000001,-0.0625,-0.0625,-0.0625
1,1,1,0.99968123,0.99968123,0.99968123,-0.0625,-0.0625,-0.0625
1,1,1,0.99968123,0.99968123,1.0000001,-0.0625,-0.0625,-0.0625
1,1,1,0.99968123,0.99968123,0.99968123,-0.0625,-0.0625,-0.0625
1,1,1,1.0000001,0.99968123,0.99968123,-0.0625,-0.0625,-0.0625
1,1,1,0.99968123,1.0000001,0.99968123,-0.0625,-0.0625,-0.0625
1,1,1,0.99968123,0.99968123,0.99968123,-0.0625,-0.0625,-0.0625
1,1,1,0.99968123,0.99968123,0.99968123,-0.0625,-0.0625,-0.0625
1,1,1,0.99968123,1.0000001,0.99968123,-0.0625,-0.0625,-0.0625
1,1,1,0.99968123,0.99968123,1.0000001,-0.0625,-0.0625,-0.0625
1,1,2,0.99968123,1.0000001,0.99968123,-0.0625,-0.0625,-0.0625
1,1,2,1.0000001,0.99968123,1.0000001,-0.0625,-0.0625,-0.0625
1,1,2,1.0000001,0.99968123,0.99968123,-0.0625,-0.0625,-0.0625
1,1,2,0.99968123,0.99968123,0.99968123,-0.0625,-0.0625,-0.0625
1,1,2,1.0000001,1.0000001,0.99968123,-0.0625,-0.0625,-0.0625
1,1,2,0.99968123,0.99968123,0.99968123,-0.0625,-0.0625,-0.0625
1,1,2,0.99968123,1.0000001,0.99968123,-0.0625,-0.0625,-0.0625
1,1,2,0.99968123,0.99968123,0.99968123,-0.0625,-0.0625,-0.0625
1,1,2,0.99968123,1.0000001,0.99968123,-0.0625,-0.0625,-0.0625
1,2,1,1.0000001,1.0000001,1.0000001,-0.0625,-0.0625,-0.0625
1,2,1,0.99968123,1.0000001,0.99968123,-0.0625,-0.0625,-0.0625
1,2,1,0.99968123,0.99968123,1.0000001,-0.0625,-0.0625,-0.0625
1,2,1,0.99968123,1.0000001,0.99968123,-0.0625,-0.0625,-0.0625
1,2,1,0.99968123,0.9996813,0.99968123,-0.0625,-0.0625,-0.0625
1,2,1,1.0000001,0.9996813,0.99968123,-0.0625,-0.0625,-0.0625
1,2,1,1.0000001,0.99968123,0.99968123,-0.0625,-0.0625,-0.0625
1,2,1,0.99968123,0.99968123,0.99968123,-0.0625,-0.0625,-0.0625
1,2,1,1.0000001,0.99968123,0.99968123,-0.0625,-0.0625,-0.0625
1,2,2,1.0000001,0.99968123,0.99968123,-0.0625,-0.0625,-0.0625
1,2,2,0.99968123,1.0000001,0.99968123,-0.0625,-0.0625,-0.0625
1,2,2,0.99968123,1.0000001,0.99968123,-0.0625,-0.0625,-0.0625
1,2,2,1.0000001,0.99968123,1.0000001,-0.0625,-0.0625,-0.0625
1,2,2,0.99968123,0.99968123,1.0000001,-0.0625,-0.0625,-0.0625
1,2,2,1.0000001,0.99968123,0.99968123,-0.0625,-0.0625,-0.0625
1,2,2,0.99968123,1.0000001,1.0000001,-0.0625,-0.0625,-0.0625
1,2,2,0.99968123,0.99968123,0.99968123,-0.0625,-0.0625,-0.0625
1,2,2,0.99968123,1.0000001,0.99968123,-0.0625,-0.0625,-0.0625
0,0,0,0.8718195,0.8718195,0.8718195,-0.125,-0.125,-0.125
0,0,1,0.8718195,0.8718195,0.8718195,-0.125,-0.125,-0.125
0,0,2,0.8718195,0.8870398,0.8870398,-0.125,0.7049180327868853,0.7049180327868853
1,1,1,0.89264697,0.8718195,0.8718195,0.712,-0.125,-0.125
1,1,1,0.8718195,0.8652829,0.8466054,0.1219512195121951,0.6756756756756757,0.6542056074766356
1,1,1,0.8870398,0.8695061,0.8870398,0.7049180327868853,-0.1290322580645162,0.7049180327868853
1,1,1,0.8870398,0.8617531,0.89982057,0.7049180327868853,0.7075471698113207,0.7394957983193278
1,1,1,0.85652125,0.83994985,0.8718195,0.7304347826086957,0.6129032258064516,-0.125
1,1,1,0.8797202,0.86784136,0.8718195,0.6067415730337078,0.6448598130841121,-0.125
1,1,1,0.8689078,0.8718195,0.875533,0.6981132075471699,-0.125,0.6086956521739131
1,1,1,0.8718195,0.86854815,0.8870398,-0.125,-0.09375,0.6974789915966386
1,1,1,0.8718195,0.89982057,0.8718195,-0.125,0.7304347826086957,-0.125
1,1,2,0.8466054,0.8939139,0.83438146,0.6542056074766356,0.6974789915966386,0.5324675324675325
1,1,2,0.8718195,0.86854815,0.86784136,-0.125,-0.09375,0.6910569105691057
1,1,2,0.8870398,0.8870398,0.8718195,0.6,0.7049180327868853,-0.125
1,1,2,0.8718195,0.875533,0.84682417,-0.125,0.5555555555555556,0.7068965517241379
1,1,2,0.8718195,0.856768,0.8718195,-0.125,0.7256637168141593,-0.125
1,1,2,0.86784136,0.87884533,0.8870398,0.6910569105691057,0.159090909090909,0.6974789915966386
1,1,2,0.8718195,0.83994985,0.878203,-0.125,0.6129032258064516,0.4931506849315068
1,1,2,0.8718195,0.8718195,0.85943496,-0.125,-0.125,0.5647058823529412
1,1,2,0.8689078,0.85652125,0.8718195,0.7241379310344828,0.7327586206896552,-0.125
1,2,1,0.856768,0.8870398,0.8521676,0.7181818181818183,0.7049180327868853,0.6153846153846154
1,2,1,0.85652125,0.8466054,0.83994985,0.5694444444444444,0.6185567010309279,0.6170212765957447
1,2,1,0.8718195,0.89264697,0.8870398,-0.125,0.712,0.7049180327868853
1,2,1,0.8718195,0.8718195,0.8718195,-0.125,-0.125,-0.125
1,2,1,0.87205446,0.8718195,0.8515229,0.6448598130841121,-0.125,0.7582417582417582
1,2,1,0.8718195,0.85652125,0.8718195,-0.125,0.7155963302752293,-0.125
1,2,1,0.85652125,0.8718195,0.86854815,0.6702127659574468,-0.125,-0.09375
1,2,1,0.8870398,0.8723505,0.87149334,0.7049180327868853,0.6210526315789473,0.5974025974025974
1,2,1,0.8718195,0.8666547,0.8718195,-0.125,0.6831683168316831,-0.125
1,2,2,0.8718195,0.8354839,0.8652829,-0.125,0.6382978723404256,0.6896551724137931
1,2,2,0.8660192,0.8706533,0.8718195,-0.0294117647058822,0.6210526315789473,-0.125
1,2,2,0.8718195,0.8437508,0.8927536,-0.125,0.7166666666666667,0.5
1,2,2,0.8718195,0.8718195,0.850498,-0.125,-0.125,0.5490196078431373
1,2,2,0.8718195,0.83994985,0.8718195,-0.125,0.6949152542372881,-0.125
1,2,2,0.87875855,0.8873793,0.850498,0.3898305084745762,0.6991869918699187,0.6666666666666667
1,2,2,0.8718195,0.8718195,0.8695061,-0.125,-0.125,-0.1290322580645162
1,2,2,0.8581244,0.8718195,0.8870398,0.6725663716814159,-0.125,0.7049180327868853
1,2,2,0.856768,0.86717117,0.8870398,0.7394957983193278,0.547945205479452,0.7049180327868853
0,0,0,0.9551592,0.9551592,0.8076707,-0.0416666666666667,-0.0416666666666667,-0.0833333333333332
0,0,1,0.9551592,0.9551592,0.9551592,-0.0416666666666667,-0.0416666666666667,-0.0416666666666667
0,0,2,0.9551592,0.9551592,0.9551592,-0.0416666666666667,-0.0416666666666667,-0.0416666666666667
1,1,1,0.9551592,0.9551592,0.9551592,-0.0416666666666667,-0.0416666666666667,-0.0416666666666667
1,1,1,0.9551592,0.9551592,0.9551592,-0.0416666666666667,-0.0416666666666667,-0.0416666666666667
1,1,1,0.95515925,0.95515925,0.95515925,-0.0416666666666667,-0.0416666666666667,-0.0416666666666667
1,1,1,0.95515925,0.95515925,0.95515925,-0.0416666666666667,-0.0416666666666667,-0.0416666666666667
1,1,1,0.9551592,0.9551592,0.9551592,-0.0416666666666667,-0.0416666666666667,-0.0416666666666667
1,1,1,0.95515925,0.95515925,0.95515925,-0.0416666666666667,-0.0416666666666667,-0.0416666666666667
1,1,1,0.95515925,0.95515925,0.95515925,-0.0416666666666667,-0.0416666666666667,-0.0416666666666667
1,1,1,0.95515925,0.95515925,0.95515925,-0.0416666666666667,-0.0416666666666667,-0.0416666666666667
1,1,1,0.95515925,0.95515925,0.95515925,-0.0416666666666667,-0.0416666666666667,-0.0416666666666667
1,1,2,0.95515925,0.95515925,0.95515925,-0.0416666666666667,-0.0416666666666667,-0.0416666666666667
1,1,2,0.95515925,0.95515925,0.95515925,-0.0416666666666667,-0.0416666666666667,-0.0416666666666667
1,1,2,0.95515925,0.95515925,0.95515925,-0.0416666666666667,-0.0416666666666667,-0.0416666666666667
1,1,2,0.95515925,0.95515925,0.95515925,-0.0416666666666667,-0.0416666666666667,-0.0416666666666667
1,1,2,0.95515925,0.95515925,0.95515925,-0.0416666666666667,-0.0416666666666667,-0.0416666666666667
1,1,2,0.9551592,0.9551592,0.9551592,-0.0416666666666667,-0.0416666666666667,-0.0416666666666667
1,1,2,0.9551592,0.9551592,0.9551592,-0.0416666666666667,-0.0416666666666667,-0.0416666666666667
1,1,2,0.9551592,0.9551592,0.9551592,-0.0416666666666667,-0.0416666666666667,-0.0416666666666667
1,1,2,0.9551592,0.9551592,0.9551592,-0.0416666666666667,-0.0416666666666667,-0.0416666666666667
1,2,1,0.9551592,0.9551592,0.9551592,-0.0416666666666667,-0.0416666666666667,-0.0416666666666667
1,2,1,0.95515925,0.9551592,0.9551592,-0.0416666666666667,-0.0416666666666667,-0.0416666666666667
1,2,1,0.9551592,0.9551592,0.9551592,-0.0416666666666667,-0.0416666666666667,-0.0416666666666667
1,2,1,0.95515925,0.9551592,0.9551592,-0.0416666666666667,-0.0416666666666667,-0.0416666666666667
1,2,1,0.9551592,0.9551592,0.9551592,-0.0416666666666667,-0.0416666666666667,-0.0416666666666667
1,2,1,0.9551592,0.9551592,0.9551592,-0.0416666666666667,-0.0416666666666667,-0.0416666666666667
1,2,1,0.9551592,0.9551592,0.9551592,-0.0416666666666667,-0.0416666666666667,-0.0416666666666667
1,2,1,0.9551592,0.9551592,0.9551592,-0.0416666666666667,-0.0416666666666667,-0.0416666666666667
1,2,1,0.9551592,0.9551592,0.9551592,-0.0416666666666667,-0.0416666666666667,-0.0416666666666667
1,2,2,0.9551592,0.9551592,0.9551592,-0.0416666666666667,-0.0416666666666667,-0.0416666666666667
1,2,2,0.9551592,0.9551592,0.9551592,-0.0416666666666667,-0.0416666666666667,-0.0416666666666667
1,2,2,0.9551592,0.9551592,0.9551592,-0.0416666666666667,-0.0416666666666667,-0.0416666666666667
1,2,2,0.9551592,0.9551592,0.9551592,-0.0416666666666667,-0.0416666666666667,-0.0416666666666667
1,2,2,0.9551592,0.9551592,0.9551592,-0.0416666666666667,-0.0416666666666667,-0.0416666666666667
1,2,2,0.9551592,0.9551592,0.9551592,-0.0416666666666667,-0.0416666666666667,-0.0416666666666667
1,2,2,0.95515925,0.9551592,0.9551592,-0.0416666666666667,-0.0416666666666667,-0.0416666666666667
1,2,2,0.9551593,0.95515925,0.95515925,-0.0416666666666667,-0.0416666666666667,-0.0416666666666667
1,2,2,0.95515925,0.9551592,0.9551592,-0.0416666666666667,-0.0416666666666667,-0.0416666666666667
0,0,0,0.9980079,0.9980079,0.9980079,0.0512820512820513,0.0512820512820513,0.0512820512820513
0,0,1,0.9980079,0.9980079,0.9980079,0.0512820512820513,0.0512820512820513,0.0512820512820513
0,0,2,0.9980079,0.9980079,0.9980079,0.0512820512820513,0.0512820512820513,0.0512820512820513
1,1,1,0.9980079,0.9980079,0.9980079,0.0512820512820513,0.0512820512820513,0.0512820512820513
1,1,1,0.9980079,0.9980079,0.9980079,0.0512820512820513,0.0512820512820513,0.0512820512820513
1,1,1,0.9980079,0.9980079,0.9980079,0.0512820512820513,0.0512820512820513,0.0512820512820513
1,1,1,0.9980079,0.9980079,0.9980079,0.0512820512820513,0.0512820512820513,0.0512820512820513
1,1,1,0.9980079,0.9980079,0.9980079,0.0512820512820513,0.0512820512820513,0.0512820512820513
1,1,1,0.9567832,0.9980079,0.9980079,0.0,0.0512820512820513,0.0512820512820513
1,1,1,0.9980079,0.9980079,0.9980079,0.0512820512820513,0.0512820512820513,0.0512820512820513
1,1,1,0.9980079,0.9980079,0.87227213,0.0512820512820513,0.0512820512820513,0.1041666666666666
1,1,1,0.9907161,0.9980079,0.9980079,0.0,0.0512820512820513,0.0512820512820513
1,1,2,0.9980079,0.9980079,0.9980079,0.0512820512820513,0.0512820512820513,0.0512820512820513
1,1,2,0.9980079,0.9980079,0.9980079,0.0512820512820513,0.0512820512820513,0.0512820512820513
1,1,2,0.9980079,0.9980079,0.9980079,0.0512820512820513,0.0512820512820513,0.0512820512820513
1,1,2,0.9980079,0.9980079,0.9980079,0.0512820512820513,0.0512820512820513,0.0512820512820513
1,1,2,0.9980079,0.9980079,0.9980079,0.0512820512820513,0.0512820512820513,0.0512820512820513
1,1,2,0.9980079,0.9980079,0.9980079,0.0512820512820513,0.0512820512820513,0.0512820512820513
1,1,2,0.9980079,0.9980079,0.9980079,0.0512820512820513,0.0512820512820513,0.0512820512820513
1,1,2,0.9980079,0.9980079,0.9980079,0.0512820512820513,0.0512820512820513,0.0512820512820513
1,1,2,0.9980079,0.9980079,0.9980079,0.0512820512820513,0.0512820512820513,0.0512820512820513
1,2,1,0.9980079,0.9980079,0.9980079,0.0512820512820513,0.0512820512820513,0.0512820512820513
1,2,1,0.9980079,0.9980079,0.9980079,0.0512820512820513,0.0512820512820513,0.0512820512820513
1,2,1,0.9980079,0.99163854,0.9980079,0.0512820512820513,0.0526315789473684,0.0512820512820513
1,2,1,0.9980079,0.9980079,0.9980079,0.0512820512820513,0.0512820512820513,0.0512820512820513
1,2,1,0.9980079,0.9980079,0.9980079,0.0512820512820513,0.0512820512820513,0.0512820512820513
1,2,1,0.9980079,0.9980079,0.9980079,0.0512820512820513,0.0512820512820513,0.0512820512820513
1,2,1,0.9980079,0.9980079,0.9980079,0.0512820512820513,0.0512820512820513,0.0512820512820513
1,2,1,0.9980079,0.9980079,0.9980079,0.0512820512820513,0.0512820512820513,0.0512820512820513
1,2,1,0.9980079,0.9980079,0.9980079,0.0512820512820513,0.0512820512820513,0.0512820512820513
1,2,2,0.9980079,0.9980079,0.9980079,0.0512820512820513,0.0512820512820513,0.0512820512820513
1,2,2,0.9980079,0.9980079,0.9980079,0.0512820512820513,0.0512820512820513,0.0512820512820513
1,2,2,0.9980079,0.9980079,0.9980079,0.0512820512820513,0.0512820512820513,0.0512820512820513
1,2,2,0.9980079,0.9980079,0.9980079,0.0512820512820513,0.0512820512820513,0.0512820512820513
1,2,2,0.9980079,0.9980079,0.9980079,0.0512820512820513,0.0512820512820513,0.0512820512820513
1,2,2,0.9980079,0.9980079,0.9980079,0.0512820512820513,0.0512820512820513,0.0512820512820513
1,2,2,0.9980079,0.9980079,0.9980079,0.0512820512820513,0.0512820512820513,0.0512820512820513
1,2,2,0.9980079,0.9980079,0.9980079,0.0512820512820513,0.0512820512820513,0.0512820512820513
1,2,2,0.9980079,0.9980079,0.9980079,0.0512820512820513,0.0512820512820513,0.0512820512820513
0,0,0,1.0,1.0,1.0,-0.0666666666666666,-0.0666666666666666,-0.0666666666666666
0,0,1,1.0,1.0,1.0,-0.0666666666666666,-0.0666666666666666,-0.0666666666666666
0,0,2,1.0,1.0,1.0,-0.0666666666666666,-0.0666666666666666,-0.0666666666666666
1,1,1,1.0,1.0,1.0,-0.0666666666666666,-0.0666666666666666,-0.0666666666666666
1,1,1,1.0,1.0,1.0,-0.0666666666666666,-0.0666666666666666,-0.0666666666666666
1,1,1,1.0,1.0,1.0,-0.0666666666666666,-0.0666666666666666,-0.0666666666666666
1,1,1,1.0,1.0,1.0,-0.0666666666666666,-0.0666666666666666,-0.0666666666666666
1,1,1,1.0,1.0,1.0,-0.0666666666666666,-0.0666666666666666,-0.0666666666666666
1,1,1,1.0,1.0,1.0,-0.0666666666666666,-0.0666666666666666,-0.0666666666666666
1,1,1,1.0,1.0,1.0,-0.0666666666666666,-0.0666666666666666,-0.0666666666666666
1,1,1,1.0,1.0,1.0,-0.0666666666666666,-0.0666666666666666,-0.0666666666666666
1,1,1,1.0,1.0,1.0,-0.0666666666666666,-0.0666666666666666,-0.0666666666666666
1,1,2,1.0,1.0,1.0,-0.0666666666666666,-0.0666666666666666,-0.0666666666666666
1,1,2,1.0,1.0,1.0,-0.0666666666666666,-0.0666666666666666,-0.0666666666666666
1,1,2,1.0,1.0,1.0,-0.0666666666666666,-0.0666666666666666,-0.0666666666666666
1,1,2,1.0,1.0,1.0,-0.0666666666666666,-0.0666666666666666,-0.0666666666666666
1,1,2,1.0,1.0,1.0,-0.0666666666666666,-0.0666666666666666,-0.0666666666666666
1,1,2,1.0,1.0,1.0,-0.0666666666666666,-0.0666666666666666,-0.0666666666666666
1,1,2,1.0,1.0,1.0,-0.0666666666666666,-0.0666666666666666,-0.0666666666666666
1,1,2,1.0,1.0,1.0,-0.0666666666666666,-0.0666666666666666,-0.0666666666666666
1,1,2,1.0,1.0,1.0,-0.0666666666666666,-0.0666666666666666,-0.0666666666666666
1,2,1,1.0,1.0,1.0,-0.0666666666666666,-0.0666666666666666,-0.0666666666666666
1,2,1,1.0,1.0,1.0,-0.0666666666666666,-0.0666666666666666,-0.0666666666666666
1,2,1,1.0,1.0,1.0,-0.0666666666666666,-0.0666666666666666,-0.0666666666666666
1,2,1,1.0,1.0,1.0,-0.0666666666666666,-0.0666666666666666,-0.0666666666666666
1,2,1,1.0,1.0,1.0,-0.0666666666666666,-0.0666666666666666,-0.0666666666666666
1,2,1,1.0,1.0,1.0,-0.0666666666666666,-0.0666666666666666,-0.0666666666666666
1,2,1,1.0,1.0,1.0,-0.0666666666666666,-0.0666666666666666,-0.0666666666666666
1,2,1,1.0,1.0,1.0,-0.0666666666666666,-0.0666666666666666,-0.0666666666666666
1,2,1,1.0,1.0,1.0,-0.0666666666666666,-0.0666666666666666,-0.0666666666666666
1,2,2,1.0,1.0,1.0,-0.0666666666666666,-0.0666666666666666,-0.0666666666666666
1,2,2,1.0,1.0,1.0,-0.0666666666666666,-0.0666666666666666,-0.0666666666666666
1,2,2,1.0,1.0,1.0,-0.0666666666666666,-0.0666666666666666,-0.0666666666666666
1,2,2,1.0,1.0,1.0,-0.0666666666666666,-0.0666666666666666,-0.0666666666666666
1,2,2,1.0,1.0,1.0,-0.0666666666666666,-0.0666666666666666,-0.0666666666666666
1,2,2,1.0,1.0,1.0,-0.0666666666666666,-0.0666666666666666,-0.0666666666666666
1,2,2,1.0,1.0,1.0,-0.0666666666666666,-0.0666666666666666,-0.0666666666666666
1,2,2,1.0,1.0,1.0,-0.0666666666666666,-0.0666666666666666,-0.0666666666666666
1,2,2,1.0,1.0,1.0,-0.0666666666666666,-0.0666666666666666,-0.0666666666666666
0,0,0,0.9961922,0.9961922,0.9961922,0.119047619047619,0.119047619047619,0.119047619047619
0,0,1,0.9961922,0.9961922,0.98894304,0.119047619047619,0.119047619047619,0.0
0,0,2,0.9961922,0.9961922,0.9932519,0.119047619047619,0.119047619047619,0.1219512195121951
1,1,1,0.9961922,0.9961922,0.9932519,0.119047619047619,0.119047619047619,0.1219512195121951
1,1,1,0.9961922,0.9961922,0.9961922,0.119047619047619,0.119047619047619,0.119047619047619
1,1,1,0.9961922,0.9961922,0.9912114,0.119047619047619,0.119047619047619,0.0714285714285714
1,1,1,0.9961922,0.9961922,0.9932519,0.119047619047619,0.119047619047619,0.1219512195121951
1,1,1,0.9961922,0.9961922,0.9932519,0.119047619047619,0.119047619047619,0.1219512195121951
1,1,1,0.9932519,0.9932519,0.9932519,0.1219512195121951,0.1219512195121951,0.1219512195121951
1,1,1,0.9961922,0.9961922,0.9932519,0.119047619047619,0.119047619047619,0.1219512195121951
1,1,1,0.9961922,0.9961922,0.9932519,0.119047619047619,0.119047619047619,0.1219512195121951
1,1,1,0.9961922,0.9961922,0.9932519,0.119047619047619,0.119047619047619,0.1219512195121951
1,1,2,0.9961922,0.9932519,0.9932519,0.119047619047619,0.1219512195121951,0.1219512195121951
1,1,2,0.9961922,0.9961922,0.9932519,0.119047619047619,0.119047619047619,0.1219512195121951
1,1,2,0.9961922,0.9961922,0.9932519,0.119047619047619,0.119047619047619,0.1219512195121951
1,1,2,0.9932519,0.9961922,0.9932519,0.1219512195121951,0.119047619047619,0.1219512195121951
1,1,2,0.9961922,0.9961922,0.9932519,0.119047619047619,0.119047619047619,0.1219512195121951
1,1,2,0.9932519,0.9961922,0.9932519,0.1219512195121951,0.119047619047619,0.1219512195121951
1,1,2,0.9961922,0.9961922,0.9932519,0.119047619047619,0.119047619047619,0.1219512195121951
1,1,2,0.9932519,0.9961922,0.9932519,0.1219512195121951,0.119047619047619,0.1219512195121951
1,1,2,0.9961922,0.9961922,0.9932519,0.119047619047619,0.119047619047619,0.1219512195121951
1,2,1,0.9961922,0.9961922,0.9932519,0.119047619047619,0.119047619047619,0.1219512195121951
1,2,1,0.9961922,0.9961922,0.9881373,0.119047619047619,0.119047619047619,0.119047619047619
1,2,1,0.9961922,0.9961922,0.9932519,0.119047619047619,0.119047619047619,0.1219512195121951
1,2,1,0.9961922,0.9932519,0.98503673,0.119047619047619,0.1219512195121951,-0.0689655172413792
1,2,1,0.9961922,0.9932519,0.9961922,0.119047619047619,0.1219512195121951,0.119047619047619
1,2,1,0.9932519,0.9961922,0.9932519,0.1219512195121951,0.119047619047619,0.1219512195121951
1,2,1,0.9961922,0.9961922,0.9932519,0.119047619047619,0.119047619047619,0.1219512195121951
1,2,1,0.9961922,0.9961922,0.9932519,0.119047619047619,0.119047619047619,0.1219512195121951
1,2,1,0.9961922,0.9961922,0.9932519,0.119047619047619,0.119047619047619,0.1219512195121951
1,2,2,0.9932519,0.9961922,0.9932519,0.1219512195121951,0.119047619047619,0.1219512195121951
1,2,2,0.9961922,0.9932519,0.9932519,0.119047619047619,0.1219512195121951,0.1219512195121951
1,2,2,0.9961922,0.9932519,0.9932519,0.119047619047619,0.1219512195121951,0.1219512195121951
1,2,2,0.9961922,0.9961922,0.9932519,0.119047619047619,0.119047619047619,0.1219512195121951
1,2,2,0.9961922,0.9961922,0.9932519,0.119047619047619,0.119047619047619,0.1219512195121951
1,2,2,0.9961922,0.9932519,0.9932519,0.119047619047619,0.1219512195121951,0.1219512195121951
1,2,2,0.9961922,0.9961922,0.9932519,0.119047619047619,0.119047619047619,0.1219512195121951
1,2,2,0.9961922,0.9932519,0.9932519,0.119047619047619,0.1219512195121951,0.1219512195121951
1,2,2,0.9961922,0.9961922,0.9932519,0.119047619047619,0.119047619047619,0.1219512195121951
0,0,0,0.965736,0.6893566,0.8294245,0.2222222222222222,-0.024390243902439,-0.0526315789473683
0,0,1,0.965736,0.66119134,0.7550547,0.2222222222222222,0.1346153846153845,-0.0256410256410255
0,0,2,0.965736,0.6675149,0.965736,0.2222222222222222,0.3835616438356164,0.2222222222222222
1,1,1,0.965736,0.731969,0.965736,0.2222222222222222,0.2641509433962264,0.2222222222222222
1,1,1,0.965736,0.847201,0.965736,0.2222222222222222,0.3333333333333333,0.2222222222222222
1,1,1,0.965736,0.89263,0.965736,0.2222222222222222,0.1666666666666666,0.2222222222222222
1,1,1,0.965736,0.8860892,0.965736,0.2222222222222222,-0.0689655172413792,0.2222222222222222
1,1,1,0.965736,0.7263968,0.965736,0.2222222222222222,-0.0238095238095237,0.2222222222222222
1,1,1,0.965736,0.965736,0.89263,0.2222222222222222,0.2222222222222222,0.1666666666666666
1,1,1,0.965736,0.6839304,0.965736,0.2222222222222222,0.1666666666666666,0.2222222222222222
1,1,1,0.965736,0.965736,0.965736,0.2222222222222222,0.2222222222222222,0.2222222222222222
1,1,1,0.965736,0.965736,0.965736,0.2222222222222222,0.2222222222222222,0.2222222222222222
1,1,2,0.965736,0.73085904,0.77357626,0.2222222222222222,0.375,-0.0263157894736842
1,1,2,0.965736,0.66441727,0.965736,0.2222222222222222,0.2105263157894736,0.2222222222222222
1,1,2,0.965736,0.7919584,0.72004,0.2222222222222222,0.4852941176470589,0.0465116279069767
1,1,2,0.965736,0.7542799,0.965736,0.2222222222222222,-0.0256410256410255,0.2222222222222222
1,1,2,0.965736,0.67941105,0.57419866,0.2222222222222222,0.4042553191489362,0.0
1,1,2,0.965736,0.80862254,0.965736,0.2222222222222222,-0.0454545454545454,0.2222222222222222
1,1,2,0.965736,0.965736,0.96189475,0.2222222222222222,0.2222222222222222,0.2222222222222222
1,1,2,0.965736,0.77502096,0.965736,0.2222222222222222,0.2372881355932203,0.2222222222222222
1,1,2,0.965736,0.965736,0.965736,0.2222222222222222,0.2222222222222222,0.2222222222222222
1,2,1,0.965736,0.711558,0.9693773,0.2222222222222222,0.0212765957446808,0.0952380952380952
1,2,1,0.965736,0.66221786,0.8294245,0.2222222222222222,0.38,-0.0526315789473683
1,2,1,0.965736,0.84721184,0.9607291,0.2222222222222222,0.18,0.2272727272727273
1,2,1,0.965736,0.7598947,0.965736,0.2222222222222222,-0.0434782608695651,0.2222222222222222
1,2,1,0.965736,0.7263968,0.88042426,0.2222222222222222,-0.0238095238095237,0.1666666666666666
1,2,1,0.965736,0.6368633,0.965736,0.2222222222222222,0.2666666666666667,0.2222222222222222
1,2,1,0.965736,0.66081095,0.965736,0.2222222222222222,0.1666666666666666,0.2222222222222222
1,2,1,0.965736,0.65342164,0.83057,0.2222222222222222,0.4339622641509434,0.18
1,2,1,0.965736,0.97383815,0.8294245,0.2222222222222222,0.2083333333333333,-0.0526315789473683
1,2,2,0.965736,0.66686034,0.965736,0.2222222222222222,0.4230769230769231,0.2222222222222222
1,2,2,0.965736,0.7587169,0.79072034,0.2222222222222222,0.4057971014492754,-0.0270270270270269
1,2,2,0.965736,0.67336905,0.7550547,0.2222222222222222,0.1282051282051282,0.0697674418604651
1,2,2,0.965736,0.7477083,0.965736,0.2222222222222222,0.0851063829787234,0.2222222222222222
1,2,2,0.965736,0.965736,0.965736,0.2222222222222222,0.2222222222222222,0.2222222222222222
1,2,2,0.9713384,0.7071552,0.90240073,0.1555555555555555,0.0425531914893616,0.1666666666666666
1,2,2,0.965736,0.84996414,0.9693773,0.2222222222222222,0.1875,0.0952380952380952
1,2,2,0.965736,0.76874775,0.965736,0.2222222222222222,0.0,0.2222222222222222
1,2,2,0.965736,0.7503196,0.965736,0.2222222222222222,-0.0882352941176469,0.2222222222222222
0,0,0,0.8718089,0.8636675,0.8730413,0.6846846846846847,0.5151515151515151,0.7327586206896552
0,0,1,0.8718089,0.8718089,0.8718089,0.6846846846846847,0.6846846846846847,0.6846846846846847
0,0,2,0.8718089,0.8730413,0.8636675,0.6846846846846847,0.7181818181818183,0.7009345794392523
1,1,1,0.8520666,0.8718089,0.8718089,0.6696428571428572,0.6846846846846847,0.6846846846846847
1,1,1,0.8718089,0.8718089,0.8718089,0.6846846846846847,0.6846846846846847,0.6846846846846847
1,1,1,0.8718089,0.8718089,0.8718089,0.6846846846846847,0.6846846846846847,0.6846846846846847
1,1,1,0.8718089,0.8718089,0.8730413,0.6846846846846847,0.6846846846846847,0.7232142857142857
1,1,1,0.8730535,0.8718089,0.8636675,0.6756756756756757,0.6846846846846847,0.7142857142857143
1,1,1,0.8718089,0.8718089,0.8718089,0.6846846846846847,0.6846846846846847,0.6846846846846847
1,1,1,0.8718089,0.8636675,0.8636675,0.6846846846846847,0.7142857142857143,0.7192982456140351
1,1,1,0.8718089,0.8718089,0.8636675,0.6846846846846847,0.6846846846846847,0.7009345794392523
1,1,1,0.8520666,0.8718089,0.8718089,0.6696428571428572,0.6846846846846847,0.6846846846846847
1,1,2,0.8520666,0.8718089,0.8730413,0.6725663716814159,0.6846846846846847,0.7232142857142857
1,1,2,0.8718089,0.8718089,0.8730413,0.6846846846846847,0.6788990825688073,0.7232142857142857
1,1,2,0.8718089,0.8636675,0.8718089,0.6846846846846847,0.7009345794392523,0.6846846846846847
1,1,2,0.8718089,0.8636675,0.8718089,0.6846846846846847,0.6831683168316831,0.6846846846846847
1,1,2,0.8718089,0.8718089,0.8718089,0.6846846846846847,0.6846846846846847,0.6846846846846847
1,1,2,0.8718089,0.8718089,0.8718089,0.6846846846846847,0.6846846846846847,0.6846846846846847
1,1,2,0.8718089,0.8718089,0.8718089,0.6846846846846847,0.6846846846846847,0.6846846846846847
1,1,2,0.8718089,0.8718089,0.8718089,0.6846846846846847,0.6846846846846847,0.6846846846846847
1,1,2,0.8718089,0.8718089,0.8718089,0.6846846846846847,0.6846846846846847,0.6846846846846847
1,2,1,0.8718089,0.8718089,0.8718089,0.6846846846846847,0.6846846846846847,0.6846846846846847
1,2,1,0.8718089,0.8718089,0.8718089,0.6846846846846847,0.6846846846846847,0.6846846846846847
1,2,1,0.8718089,0.8718089,0.8718089,0.6846846846846847,0.6846846846846847,0.6846846846846847
1,2,1,0.8520666,0.8730535,0.8636675,0.6696428571428572,0.6756756756756757,0.632183908045977
1,2,1,0.8718089,0.8718089,0.8718089,0.6846846846846847,0.6846846846846847,0.6846846846846847
1,2,1,0.8718089,0.8730413,0.8730535,0.6846846846846847,0.7232142857142857,0.6756756756756757
1,2,1,0.8718089,0.8636675,0.8718089,0.6846846846846847,0.7009345794392523,0.6846846846846847
1,2,1,0.8718089,0.8718089,0.8718089,0.6846846846846847,0.6846846846846847,0.6846846846846847
1,2,1,0.8718089,0.8718089,0.8718089,0.6846846846846847,0.6846846846846847,0.6846846846846847
1,2,2,0.8718089,0.8718089,0.8636675,0.6846846846846847,0.6846846846846847,0.6559139784946236
1,2,2,0.8718089,0.8730535,0.8718089,0.6846846846846847,0.6756756756756757,0.6846846846846847
1,2,2,0.8718089,0.8718089,0.8718089,0.6846846846846847,0.6846846846846847,0.6846846846846847
1,2,2,0.8718089,0.8718089,0.8718089,0.6846846846846847,0.6846846846846847,0.6846846846846847
1,2,2,0.8718089,0.8718089,0.8718089,0.6846846846846847,0.6846846846846847,0.6846846846846847
1,2,2,0.8730413,0.8718089,0.8718089,0.7256637168141593,0.6846846846846847,0.6846846846846847
1,2,2,0.8730413,0.8730413,0.8718089,0.7232142857142857,0.7232142857142857,0.6846846846846847
1,2,2,0.8730413,0.8636675,0.8730413,0.7256637168141593,0.7264957264957265,0.7304347826086957
1,2,2,0.8718089,0.8718089,0.8718089,0.6846846846846847,0.6846846846846847,0.6846846846846847
0,0,0,0.98783857,0.73304737,0.98783857,0.4603174603174603,0.0294117647058823,0.4516129032258065
0,0,1,0.98783857,0.97326624,0.9322051,0.4603174603174603,0.3709677419354839,0.396551724137931
0,0,2,0.98783857,0.98783857,0.98783857,0.4516129032258065,0.4516129032258065,0.4603174603174603
1,1,1,0.98783857,0.98783857,0.98783857,0.4516129032258065,0.4516129032258065,0.4516129032258065
1,1,1,0.98783857,0.98783857,0.98783857,0.4516129032258065,0.4516129032258065,0.4516129032258065
1,1,1,0.98783857,0.98783857,0.98783857,0.4516129032258065,0.4516129032258065,0.4603174603174603
1,1,1,0.98783857,0.9672041,0.98783857,0.4603174603174603,0.3650793650793651,0.4516129032258065
1,1,1,0.98783857,0.98783857,0.9672041,0.4516129032258065,0.4516129032258065,0.3650793650793651
1,1,1,0.98783857,0.98783857,0.98783857,0.4516129032258065,0.4516129032258065,0.4516129032258065
1,1,1,0.98783857,0.98783857,0.98783857,0.4516129032258065,0.4516129032258065,0.4516129032258065
1,1,1,0.98783857,0.9672041,0.9322051,0.4516129032258065,0.3650793650793651,0.4067796610169492
1,1,1,0.98783857,0.968187,0.98783857,0.4516129032258065,0.09375,0.4603174603174603
1,1,2,0.98783857,0.98783857,0.98783857,0.4603174603174603,0.4516129032258065,0.4516129032258065
1,1,2,0.98783857,0.98783857,0.98783857,0.4603174603174603,0.4516129032258065,0.4516129032258065
1,1,2,0.98783857,0.98783857,0.98783857,0.4603174603174603,0.4516129032258065,0.4516129032258065
1,1,2,0.98783857,0.98783857,0.98783857,0.4516129032258065,0.4516129032258065,0.4516129032258065
1,1,2,0.98783857,0.97326624,0.98783857,0.4516129032258065,0.3709677419354839,0.4603174603174603
1,1,2,0.98783857,0.98783857,0.969986,0.4516129032258065,0.4516129032258065,0.3333333333333333
1,1,2,0.98783857,0.9656199,0.9322051,0.4516129032258065,0.3728813559322034,0.396551724137931
1,1,2,0.98783857,0.98783857,0.98783857,0.4516129032258065,0.4516129032258065,0.4516129032258065
1,1,2,0.98783857,0.8564095,0.98783857,0.4516129032258065,0.417910447761194,0.4516129032258065
1,2,1,0.97326624,0.968187,0.98783857,0.3709677419354839,0.09375,0.4516129032258065
1,2,1,0.98783857,0.98783857,0.98783857,0.4603174603174603,0.4516129032258065,0.4516129032258065
1,2,1,0.98783857,0.98783857,0.98783857,0.4516129032258065,0.4516129032258065,0.4516129032258065
1,2,1,0.98783857,0.98783857,0.98783857,0.4516129032258065,0.4516129032258065,0.4516129032258065
1,2,1,0.98783857,0.98783857,0.98783857,0.4516129032258065,0.4516129032258065,0.4516129032258065
1,2,1,0.98783857,0.98783857,0.9322051,0.4603174603174603,0.4516129032258065,0.4067796610169492
1,2,1,0.98783857,0.98783857,0.98783857,0.4516129032258065,0.4516129032258065,0.4603174603174603
1,2,1,0.98783857,0.98783857,0.98783857,0.4516129032258065,0.4516129032258065,0.4516129032258065
1,2,1,0.98783857,0.97326624,0.98783857,0.4516129032258065,0.3709677419354839,0.4516129032258065
1,2,2,0.98783857,0.9374933,0.98783857,0.4516129032258065,0.4516129032258065,0.4516129032258065
1,2,2,0.98783857,0.9672041,0.98783857,0.4603174603174603,0.3650793650793651,0.4516129032258065
1,2,2,0.98783857,0.98783857,0.98783857,0.4603174603174603,0.4516129032258065,0.4516129032258065
1,2,2,0.98783857,0.98783857,0.9322051,0.4516129032258065,0.4516129032258065,0.4067796610169492
1,2,2,0.98783857,0.9724488,0.98783857,0.4516129032258065,0.5,0.4516129032258065
1,2,2,0.98783857,0.98783857,0.98783857,0.4603174603174603,0.4516129032258065,0.4516129032258065
1,2,2,0.98783857,0.98783857,0.98783857,0.4603174603174603,0.4516129032258065,0.4516129032258065
1,2,2,0.9322051,0.98783857,0.98783857,0.396551724137931,0.4516129032258065,0.4516129032258065
1,2,2,0.98783857,0.98783857,0.98783857,0.4516129032258065,0.4516129032258065,0.4603174603174603
0,0,0,0.96297497,0.96297497,0.96297497,0.4705882352941176,0.4705882352941176,0.4705882352941176
0,0,1,0.96297497,0.96297497,0.96297497,0.4705882352941176,0.4705882352941176,0.4705882352941176
0,0,2,0.96297497,0.96297497,0.96297497,0.4705882352941176,0.4705882352941176,0.4705882352941176
1,1,1,0.96297497,0.96297497,0.96297497,0.4705882352941176,0.4705882352941176,0.4705882352941176
1,1,1,0.96297497,0.96297497,0.96297497,0.4705882352941176,0.4705882352941176,0.4705882352941176
1,1,1,0.96297497,0.96297497,0.96297497,0.4705882352941176,0.4705882352941176,0.4705882352941176
1,1,1,0.96297497,0.96297497,0.96297497,0.4705882352941176,0.4705882352941176,0.4705882352941176
1,1,1,0.96297497,0.96297497,0.96297497,0.4705882352941176,0.4705882352941176,0.4705882352941176
1,1,1,0.96297497,0.96297497,0.96297497,0.4705882352941176,0.4705882352941176,0.4705882352941176
1,1,1,0.96297497,0.96297497,0.96297497,0.4705882352941176,0.4705882352941176,0.4705882352941176
1,1,1,0.96297497,0.96297497,0.96297497,0.4705882352941176,0.4705882352941176,0.4705882352941176
1,1,1,0.96297497,0.96297497,0.96297497,0.4705882352941176,0.4705882352941176,0.4705882352941176
1,1,2,0.96297497,0.96297497,0.96297497,0.4705882352941176,0.4705882352941176,0.4705882352941176
1,1,2,0.96297497,0.96297497,0.96297497,0.4705882352941176,0.4705882352941176,0.4705882352941176
1,1,2,0.96297497,0.96297497,0.96297497,0.4705882352941176,0.4705882352941176,0.4705882352941176
1,1,2,0.96297497,0.96297497,0.96297497,0.4705882352941176,0.4705882352941176,0.4705882352941176
1,1,2,0.96297497,0.96297497,0.96297497,0.4705882352941176,0.4705882352941176,0.4705882352941176
1,1,2,0.96297497,0.96297497,0.96297497,0.4705882352941176,0.4705882352941176,0.4705882352941176
1,1,2,0.96297497,0.96297497,0.96297497,0.4705882352941176,0.4705882352941176,0.4705882352941176
1,1,2,0.96297497,0.96297497,0.96297497,0.4705882352941176,0.4705882352941176,0.4705882352941176
1,1,2,0.96297497,0.96297497,0.96297497,0.4705882352941176,0.4705882352941176,0.4705882352941176
1,2,1,0.96297497,0.96297497,0.96297497,0.4705882352941176,0.4705882352941176,0.4705882352941176
1,2,1,0.96297497,0.96297497,0.96297497,0.4705882352941176,0.4705882352941176,0.4705882352941176
1,2,1,0.96297497,0.96297497,0.96297497,0.4705882352941176,0.4705882352941176,0.4705882352941176
1,2,1,0.96297497,0.96297497,0.96297497,0.4705882352941176,0.4705882352941176,0.4705882352941176
1,2,1,0.96297497,0.96297497,0.96297497,0.4705882352941176,0.4705882352941176,0.4705882352941176
1,2,1,0.96297497,0.96297497,0.96297497,0.4705882352941176,0.4705882352941176,0.4705882352941176
1,2,1,0.96297497,0.96297497,0.96297497,0.4705882352941176,0.4705882352941176,0.4705882352941176
1,2,1,0.96297497,0.96297497,0.96297497,0.4705882352941176,0.4705882352941176,0.4705882352941176
1,2,1,0.96297497,0.96297497,0.96297497,0.4705882352941176,0.4705882352941176,0.4705882352941176
1,2,2,0.96297497,0.96297497,0.96297497,0.4705882352941176,0.4705882352941176,0.4705882352941176
1,2,2,0.96297497,0.96297497,0.96297497,0.4705882352941176,0.4705882352941176,0.4705882352941176
1,2,2,0.96297497,0.96297497,0.96297497,0.4705882352941176,0.4705882352941176,0.4705882352941176
1,2,2,0.96297497,0.96297497,0.96297497,0.4705882352941176,0.4705882352941176,0.4705882352941176
1,2,2,0.96297497,0.96297497,0.96297497,0.4705882352941176,0.4705882352941176,0.4705882352941176
1,2,2,0.96297497,0.96297497,0.96297497,0.4705882352941176,0.4705882352941176,0.4705882352941176
1,2,2,0.96297497,0.96297497,0.96297497,0.4705882352941176,0.4705882352941176,0.4705882352941176
1,2,2,0.96297497,0.96297497,0.96297497,0.4705882352941176,0.4705882352941176,0.4705882352941176
1,2,2,0.96297497,0.96297497,0.96297497,0.4705882352941176,0.4705882352941176,0.4705882352941176
0,0,0,0.8298882,0.8298882,0.8298882,0.6799999999999999,0.6799999999999999,0.6799999999999999
0,0,1,0.8298882,0.8298882,0.8298882,0.6799999999999999,0.6799999999999999,0.6799999999999999
0,0,2,0.8298882,0.83944756,0.8298882,0.6799999999999999,0.6935483870967742,0.6799999999999999
1,1,1,0.8298882,0.83944756,0.8298882,0.6799999999999999,0.6935483870967742,0.6799999999999999
1,1,1,0.8298882,0.8298882,0.8298882,0.6799999999999999,0.6799999999999999,0.6799999999999999
1,1,1,0.8298882,0.8298882,0.8298882,0.6799999999999999,0.6799999999999999,0.6799999999999999
1,1,1,0.8298882,0.8298882,0.8298882,0.6799999999999999,0.6799999999999999,0.6799999999999999
1,1,1,0.8298882,0.8298882,0.8298882,0.6799999999999999,0.6799999999999999,0.6799999999999999
1,1,1,0.8298882,0.8298882,0.8298882,0.6799999999999999,0.6799999999999999,0.6799999999999999
1,1,1,0.8298882,0.8298882,0.8298882,0.6799999999999999,0.6799999999999999,0.6799999999999999
1,1,1,0.8298882,0.8298882,0.8298882,0.6799999999999999,0.6799999999999999,0.6799999999999999
1,1,1,0.8298882,0.8086165,0.8298882,0.6799999999999999,0.7603305785123967,0.6799999999999999
1,1,2,0.8298882,0.8298882,0.8298882,0.6799999999999999,0.6799999999999999,0.6799999999999999
1,1,2,0.8298882,0.8298882,0.8298882,0.6799999999999999,0.6799999999999999,0.6799999999999999
1,1,2,0.8298882,0.8298882,0.8298882,0.6799999999999999,0.6799999999999999,0.6799999999999999
1,1,2,0.8298882,0.8298882,0.8298882,0.6799999999999999,0.6799999999999999,0.6799999999999999
1,1,2,0.8298882,0.8298882,0.8298882,0.6799999999999999,0.6799999999999999,0.6799999999999999
1,1,2,0.8298882,0.83944756,0.8298882,0.6799999999999999,0.6935483870967742,0.6799999999999999
1,1,2,0.8298882,0.8298882,0.8298882,0.6799999999999999,0.6799999999999999,0.6799999999999999
1,1,2,0.8298882,0.8298882,0.8298882,0.6799999999999999,0.6799999999999999,0.6799999999999999
1,1,2,0.8298882,0.8298882,0.8298882,0.6799999999999999,0.6799999999999999,0.6799999999999999
1,2,1,0.8298882,0.8298882,0.8298882,0.6799999999999999,0.6799999999999999,0.6799999999999999
1,2,1,0.8298882,0.84720236,0.8298882,0.6799999999999999,0.6929133858267716,0.6799999999999999
1,2,1,0.8298882,0.8298882,0.8298882,0.6799999999999999,0.6799999999999999,0.6799999999999999
1,2,1,0.8298882,0.8298882,0.8298882,0.6799999999999999,0.6799999999999999,0.6799999999999999
1,2,1,0.8298882,0.8298882,0.8298882,0.6799999999999999,0.6799999999999999,0.6799999999999999
1,2,1,0.8298882,0.83944756,0.8298882,0.6799999999999999,0.6935483870967742,0.6799999999999999
1,2,1,0.8298882,0.8298882,0.8298882,0.6799999999999999,0.6799999999999999,0.6799999999999999
1,2,1,0.8298882,0.83944756,0.8298882,0.6799999999999999,0.6935483870967742,0.6799999999999999
1,2,1,0.8298882,0.8298882,0.8298882,0.6799999999999999,0.6799999999999999,0.6799999999999999
1,2,2,0.8298882,0.8298882,0.8298882,0.6799999999999999,0.6799999999999999,0.6799999999999999
1,2,2,0.8298882,0.8298882,0.8298882,0.6799999999999999,0.6799999999999999,0.6799999999999999
1,2,2,0.6251037,0.8298882,0.8298882,0.6535433070866141,0.6799999999999999,0.6799999999999999
1,2,2,0.8298882,0.8235831,0.8298882,0.6799999999999999,0.6929133858267716,0.6799999999999999
1,2,2,0.8298882,0.83222026,0.8298882,0.6799999999999999,0.7096774193548387,0.6799999999999999
1,2,2,0.8298882,0.8298882,0.8298882,0.6799999999999999,0.6799999999999999,0.6799999999999999
1,2,2,0.8298882,0.83944756,0.8298882,0.6799999999999999,0.6935483870967742,0.6799999999999999
1,2,2,0.8298882,0.8298882,0.8298882,0.6799999999999999,0.6799999999999999,0.6799999999999999
1,2,2,0.8298882,0.8298882,0.8298882,0.6799999999999999,0.6799999999999999,0.6799999999999999
0,0,0,0.903908,0.903908,0.97397727,0.4722222222222222,0.4722222222222222,-0.0270270270270269
0,0,1,0.903908,0.9751277,0.9751277,0.4722222222222222,0.409090909090909,0.1702127659574468
0,0,2,0.903908,0.903908,0.9751277,0.4722222222222222,0.4722222222222222,0.1702127659574468
1,1,1,0.9751277,0.903908,0.9751277,0.4428571428571428,0.4722222222222222,0.1702127659574468
1,1,1,0.9751277,0.903908,0.9740362,0.4347826086956522,0.4722222222222222,0.3968253968253968
1,1,1,0.9751277,0.903908,0.9740362,0.1702127659574468,0.4722222222222222,0.3870967741935484
1,1,1,0.9751277,0.9751277,0.9800892,0.4428571428571428,0.409090909090909,0.119047619047619
1,1,1,0.9751277,0.9007083,0.9751277,0.1702127659574468,0.4507042253521126,0.4347826086956522
1,1,1,0.9751277,0.903908,0.903908,0.1702127659574468,0.4722222222222222,0.4722222222222222
1,1,1,0.9740362,0.903908,0.9740362,0.3870967741935484,0.4722222222222222,0.3870967741935484
1,1,1,0.903908,0.9751277,0.9800892,0.4722222222222222,0.1702127659574468,0.119047619047619
1,1,1,0.9740362,0.903908,0.903908,0.40625,0.4722222222222222,0.4722222222222222
1,1,2,0.9751277,0.9751277,0.9740362,0.4428571428571428,0.4428571428571428,0.3870967741935484
1,1,2,0.9751277,0.903908,0.972583,0.4347826086956522,0.4722222222222222,0.3968253968253968
1,1,2,0.903908,0.903908,0.903908,0.4722222222222222,0.4722222222222222,0.4722222222222222
1,1,2,0.903908,0.9751277,0.9751277,0.4722222222222222,0.4347826086956522,0.1702127659574468
1,1,2,0.903908,0.903908,0.903908,0.4722222222222222,0.4722222222222222,0.4722222222222222
1,1,2,0.9751277,0.9740362,0.8327477,0.1702127659574468,0.3870967741935484,0.4861111111111111
1,1,2,0.9751277,0.903908,0.9800892,0.4347826086956522,0.4722222222222222,0.119047619047619
1,1,2,0.9751277,0.903908,0.9800892,0.4347826086956522,0.4722222222222222,0.119047619047619
1,1,2,0.9751277,0.903908,0.903908,0.1875,0.4722222222222222,0.4722222222222222
1,2,1,0.903908,0.903908,0.9800892,0.4722222222222222,0.4722222222222222,0.119047619047619
1,2,1,0.9800892,0.9751277,0.9740362,0.119047619047619,0.4347826086956522,0.3870967741935484
1,2,1,0.903908,0.903908,0.9800892,0.4722222222222222,0.4722222222222222,0.119047619047619
1,2,1,0.9751277,0.903908,0.903908,0.4347826086956522,0.4722222222222222,0.4722222222222222
1,2,1,0.903908,0.903908,0.9751277,0.4722222222222222,0.4722222222222222,0.4428571428571428
1,2,1,0.9751277,0.9751277,0.9740362,0.1702127659574468,0.4428571428571428,0.40625
1,2,1,0.903908,0.903908,0.9800892,0.4722222222222222,0.4722222222222222,0.119047619047619
1,2,1,0.903908,0.903908,0.9751277,0.4722222222222222,0.4722222222222222,0.1702127659574468
1,2,1,0.903908,0.9800892,0.9800892,0.4722222222222222,0.119047619047619,0.119047619047619
1,2,2,0.903908,0.9751277,0.9800892,0.4722222222222222,0.1702127659574468,0.119047619047619
1,2,2,0.9800892,0.903908,0.9740362,0.119047619047619,0.4722222222222222,0.40625
1,2,2,0.8517735,0.9751277,0.9800892,0.5138888888888888,0.1702127659574468,0.119047619047619
1,2,2,0.903908,0.9740362,0.9800892,0.4722222222222222,0.40625,0.119047619047619
1,2,2,0.9800892,0.9740362,0.9740362,0.119047619047619,0.3870967741935484,0.3870967741935484
1,2,2,0.9751277,0.903908,0.903908,0.1702127659574468,0.4722222222222222,0.4722222222222222
1,2,2,0.9740362,0.9751277,0.9740362,0.40625,0.4428571428571428,0.40625
1,2,2,0.9007083,0.903908,0.9800892,0.4507042253521126,0.4722222222222222,0.119047619047619
1,2,2,0.9740362,0.9800892,0.9751277,0.3870967741935484,0.119047619047619,0.4347826086956522
0,0,0,0.8733851,0.8733851,0.8733851,0.6917293233082706,0.6917293233082706,0.6917293233082706
0,0,1,0.8733851,0.8733851,0.8733851,0.6917293233082706,0.6917293233082706,0.6917293233082706
0,0,2,0.8733851,0.8733851,0.8733851,0.6917293233082706,0.6917293233082706,0.6917293233082706
1,1,1,0.8733851,0.8733851,0.8733851,0.6917293233082706,0.6917293233082706,0.6917293233082706
1,1,1,0.8733851,0.8733851,0.8733851,0.6917293233082706,0.6917293233082706,0.6917293233082706
1,1,1,0.8733851,0.8733851,0.8733851,0.6917293233082706,0.6917293233082706,0.6917293233082706
1,1,1,0.8733851,0.8733851,0.8733851,0.6917293233082706,0.6917293233082706,0.6917293233082706
1,1,1,0.8733851,0.8733851,0.8733851,0.6917293233082706,0.6917293233082706,0.6917293233082706
1,1,1,0.8733851,0.8733851,0.8733851,0.6917293233082706,0.6917293233082706,0.6917293233082706
1,1,1,0.8733851,0.8733851,0.8733851,0.6917293233082706,0.6917293233082706,0.6917293233082706
1,1,1,0.8733851,0.8733851,0.8733851,0.6917293233082706,0.6917293233082706,0.6917293233082706
1,1,1,0.8733851,0.8733851,0.8733851,0.6917293233082706,0.6917293233082706,0.6917293233082706
1,1,2,0.8733851,0.8733851,0.8733851,0.6917293233082706,0.6917293233082706,0.6917293233082706
1,1,2,0.8733851,0.8733851,0.8733851,0.6917293233082706,0.6917293233082706,0.6917293233082706
1,1,2,0.8733851,0.8733851,0.8733851,0.6917293233082706,0.6917293233082706,0.6917293233082706
1,1,2,0.8733851,0.8733851,0.8733851,0.6917293233082706,0.6917293233082706,0.6917293233082706
1,1,2,0.8733851,0.8733851,0.8733851,0.6917293233082706,0.6917293233082706,0.6917293233082706
1,1,2,0.8733851,0.8733851,0.8733851,0.6917293233082706,0.6917293233082706,0.6917293233082706
1,1,2,0.8733851,0.8733851,0.8733851,0.6917293233082706,0.6917293233082706,0.6917293233082706
1,1,2,0.8733851,0.8733851,0.8733851,0.6917293233082706,0.6917293233082706,0.6917293233082706
1,1,2,0.8733851,0.8733851,0.8733851,0.6917293233082706,0.6917293233082706,0.6917293233082706
1,2,1,0.8733851,0.8733851,0.8733851,0.6917293233082706,0.6917293233082706,0.6917293233082706
1,2,1,0.8733851,0.8733851,0.8733851,0.6917293233082706,0.6917293233082706,0.6917293233082706
1,2,1,0.8733851,0.8733851,0.8733851,0.6917293233082706,0.6917293233082706,0.6917293233082706
1,2,1,0.8733851,0.8733851,0.8733851,0.6917293233082706,0.6917293233082706,0.6917293233082706
1,2,1,0.8733851,0.8733851,0.8733851,0.6917293233082706,0.6917293233082706,0.6917293233082706
1,2,1,0.8733851,0.8733851,0.8733851,0.6917293233082706,0.6917293233082706,0.6917293233082706
1,2,1,0.8733851,0.8733851,0.8733851,0.6917293233082706,0.6917293233082706,0.6917293233082706
1,2,1,0.8733851,0.8733851,0.8733851,0.6917293233082706,0.6917293233082706,0.6917293233082706
1,2,1,0.8733851,0.8733851,0.8733851,0.6917293233082706,0.6917293233082706,0.6917293233082706
1,2,2,0.8733851,0.8733851,0.8733851,0.6917293233082706,0.6917293233082706,0.6917293233082706
1,2,2,0.8733851,0.8733851,0.8733851,0.6917293233082706,0.6917293233082706,0.6917293233082706
1,2,2,0.8733851,0.8733851,0.8733851,0.6917293233082706,0.6917293233082706,0.6917293233082706
1,2,2,0.8733851,0.8733851,0.8733851,0.6917293233082706,0.6917293233082706,0.6917293233082706
1,2,2,0.8733851,0.8733851,0.8733851,0.6917293233082706,0.6917293233082706,0.6917293233082706
1,2,2,0.8733851,0.8733851,0.8733851,0.6917293233082706,0.6917293233082706,0.6917293233082706
1,2,2,0.8733851,0.8733851,0.8732747,0.6917293233082706,0.6917293233082706,0.696969696969697
1,2,2,0.8733851,0.8733851,0.8733851,0.6917293233082706,0.6917293233082706,0.6917293233082706
1,2,2,0.8733851,0.8733851,0.8733851,0.6917293233082706,0.6917293233082706,0.6917293233082706
0,0,0,0.98444057,0.98444057,0.98323095,0.5303030303030303,0.5303030303030303,0.5303030303030303
0,0,1,0.98444057,0.98444057,0.98444057,0.5303030303030303,0.5303030303030303,0.5303030303030303
0,0,2,0.98444057,0.98306304,0.8330716,0.5303030303030303,0.5303030303030303,0.0645161290322581
1,1,1,0.984214,0.98444057,0.91538936,0.5303030303030303,0.5303030303030303,0.3518518518518518
1,1,1,0.98444057,0.98306304,0.8997482,0.5303030303030303,0.5303030303030303,0.25
1,1,1,0.984214,0.98444057,0.83413386,0.5303030303030303,0.5303030303030303,0.1351351351351351
1,1,1,0.98444057,0.98444057,0.8053969,0.5303030303030303,0.5303030303030303,0.5147058823529411
1,1,1,0.8924321,0.98444057,0.9437994,-0.03125,0.5303030303030303,0.1860465116279069
1,1,1,0.98444057,0.984214,0.98306304,0.5303030303030303,0.5303030303030303,0.5303030303030303
1,1,1,0.98444057,0.8946607,0.8911164,0.5303030303030303,-0.03125,-0.03125
1,1,1,0.98306304,0.98444057,0.7993888,0.5303030303030303,0.5303030303030303,0.2888888888888888
1,1,1,0.98306304,0.98444057,0.73840344,0.5303030303030303,0.5303030303030303,0.0
1,1,2,0.984214,0.984214,0.8911164,0.5303030303030303,0.5303030303030303,-0.03125
1,1,2,0.98444057,0.98444057,0.86336696,0.5303030303030303,0.5303030303030303,0.0
1,1,2,0.98306304,0.984214,0.9605698,0.5303030303030303,0.5303030303030303,-0.1428571428571428
1,1,2,0.98306304,0.98306304,0.8911164,0.5303030303030303,0.5303030303030303,-0.03125
1,1,2,0.98444057,0.98444057,0.97036225,0.5303030303030303,0.5303030303030303,0.3389830508474576
1,1,2,0.98444057,0.984214,0.9712275,0.5303030303030303,0.5303030303030303,0.0749999999999999
1,1,2,0.98444057,0.98306304,0.95708793,0.5303030303030303,0.5303030303030303,0.2391304347826086
1,1,2,0.98444057,0.98444057,0.74619836,0.5303030303030303,0.5303030303030303,0.1999999999999999
1,1,2,0.98444057,0.984214,0.8946607,0.5303030303030303,0.5303030303030303,-0.03125
1,2,1,0.98444057,0.984214,0.88729507,0.5303030303030303,0.5303030303030303,0.3770491803278688
1,2,1,0.98444057,0.98444057,0.54779184,0.5303030303030303,0.5303030303030303,0.0
1,2,1,0.98306304,0.98306304,0.54779184,0.5303030303030303,0.5303030303030303,0.0
1,2,1,0.98444057,0.984214,0.73840344,0.5303030303030303,0.5303030303030303,0.0
1,2,1,0.984214,0.98306304,0.73840344,0.5303030303030303,0.5303030303030303,0.0
1,2,1,0.98306304,0.98444057,0.8911164,0.5303030303030303,0.5303030303030303,-0.03125
1,2,1,0.98444057,0.98306304,0.98323095,0.5303030303030303,0.5303030303030303,0.5303030303030303
1,2,1,0.984214,0.98444057,0.98306304,0.5303030303030303,0.5303030303030303,0.5303030303030303
1,2,1,0.98306304,0.98444057,0.90367484,0.5303030303030303,0.5303030303030303,0.2181818181818181
1,2,2,0.98444057,0.8946607,0.98306304,0.5303030303030303,-0.03125,0.5303030303030303
1,2,2,0.98444057,0.984214,0.971268,0.5303030303030303,0.5303030303030303,0.2452830188679244
1,2,2,0.984214,0.98306304,0.95202255,0.5303030303030303,0.5303030303030303,-0.032258064516129
1,2,2,0.8946607,0.98306304,0.86336696,-0.03125,0.5303030303030303,0.0
1,2,2,0.98444057,0.98444057,0.9740622,0.5303030303030303,0.5303030303030303,0.3809523809523809
1,2,2,0.8946607,0.98306304,0.9618652,-0.03125,0.5303030303030303,-0.0434782608695651
1,2,2,0.984214,0.98306304,0.98306304,0.5303030303030303,0.5303030303030303,0.5303030303030303
1,2,2,0.98444057,0.98444057,0.98306304,0.5303030303030303,0.5303030303030303,0.5303030303030303
1,2,2,0.984214,0.98444057,0.8911164,0.5303030303030303,0.5303030303030303,-0.03125
0,0,0,0.77369934,0.77369934,0.77369934,0.6547619047619048,0.6547619047619048,0.6547619047619048
0,0,1,0.77369934,0.77369934,0.77369934,0.6547619047619048,0.6547619047619048,0.6547619047619048
0,0,2,0.77369934,0.77369934,0.77369934,0.6547619047619048,0.6547619047619048,0.6547619047619048
1,1,1,0.77369934,0.77369934,0.77369934,0.6547619047619048,0.6547619047619048,0.6547619047619048
1,1,1,0.77369934,0.77369934,0.77369934,0.6547619047619048,0.6547619047619048,0.6547619047619048
1,1,1,0.77369934,0.77369934,0.77369934,0.6547619047619048,0.6547619047619048,0.6547619047619048
1,1,1,0.77369934,0.77369934,0.77369934,0.6547619047619048,0.6547619047619048,0.6547619047619048
1,1,1,0.77369934,0.77369934,0.77369934,0.6547619047619048,0.6547619047619048,0.6547619047619048
1,1,1,0.77369934,0.77369934,0.77369934,0.6547619047619048,0.6547619047619048,0.6547619047619048
1,1,1,0.77369934,0.77369934,0.77369934,0.6547619047619048,0.6547619047619048,0.6547619047619048
1,1,1,0.77369934,0.77369934,0.77369934,0.6547619047619048,0.6547619047619048,0.6547619047619048
1,1,1,0.77369934,0.77369934,0.77369934,0.6547619047619048,0.6547619047619048,0.6547619047619048
1,1,2,0.77369934,0.77369934,0.77369934,0.6547619047619048,0.6547619047619048,0.6547619047619048
1,1,2,0.77369934,0.77369934,0.9443898,0.6547619047619048,0.6547619047619048,0.3584905660377359
1,1,2,0.77369934,0.77369934,0.77369934,0.6547619047619048,0.6547619047619048,0.6547619047619048
1,1,2,0.77369934,0.77369934,0.77369934,0.6547619047619048,0.6547619047619048,0.6547619047619048
1,1,2,0.77369934,0.77369934,0.77369934,0.6547619047619048,0.6547619047619048,0.6547619047619048
1,1,2,0.77369934,0.77369934,0.77369934,0.6547619047619048,0.6547619047619048,0.6547619047619048
1,1,2,0.77369934,0.77369934,0.77369934,0.6547619047619048,0.6547619047619048,0.6547619047619048
1,1,2,0.77369934,0.77369934,0.77369934,0.6547619047619048,0.6547619047619048,0.6547619047619048
1,1,2,0.77369934,0.77369934,0.77369934,0.6547619047619048,0.6547619047619048,0.6547619047619048
1,2,1,0.77369934,0.77369934,0.77369934,0.6547619047619048,0.6547619047619048,0.6547619047619048
1,2,1,0.77369934,0.77369934,0.77369934,0.6547619047619048,0.6547619047619048,0.6547619047619048
1,2,1,0.77369934,0.77369934,0.77369934,0.6547619047619048,0.6547619047619048,0.6547619047619048
1,2,1,0.77369934,0.77369934,0.77369934,0.6547619047619048,0.6547619047619048,0.6547619047619048
1,2,1,0.77369934,0.77369934,0.77369934,0.6547619047619048,0.6547619047619048,0.6547619047619048
1,2,1,0.77369934,0.77369934,0.77369934,0.6547619047619048,0.6547619047619048,0.6547619047619048
1,2,1,0.77369934,0.77369934,0.77369934,0.6547619047619048,0.6547619047619048,0.6547619047619048
1,2,1,0.77369934,0.77369934,0.77369934,0.6547619047619048,0.6547619047619048,0.6547619047619048
1,2,1,0.77369934,0.77369934,0.77369934,0.6547619047619048,0.6547619047619048,0.6547619047619048
1,2,2,0.77369934,0.77369934,0.77369934,0.6547619047619048,0.6547619047619048,0.6547619047619048
1,2,2,0.77369934,0.77369934,0.77369934,0.6547619047619048,0.6547619047619048,0.6547619047619048
1,2,2,0.77369934,0.77369934,0.77369934,0.6547619047619048,0.6547619047619048,0.6547619047619048
1,2,2,0.77369934,0.77369934,0.77369934,0.6547619047619048,0.6547619047619048,0.6547619047619048
1,2,2,0.77369934,0.77369934,0.77369934,0.6547619047619048,0.6547619047619048,0.6547619047619048
1,2,2,0.77369934,0.77369934,0.77369934,0.6547619047619048,0.6547619047619048,0.6547619047619048
1,2,2,0.77369934,0.77369934,0.77369934,0.6547619047619048,0.6547619047619048,0.6547619047619048
1,2,2,0.77369934,0.77369934,0.77369934,0.6547619047619048,0.6547619047619048,0.6547619047619048
1,2,2,0.77369934,0.77369934,0.77369934,0.6547619047619048,0.6547619047619048,0.6547619047619048
0,0,0,0.82690835,0.8257675,0.82690835,0.6799999999999999,0.6825396825396826,0.6799999999999999
0,0,1,0.82690835,0.79770005,0.82690835,0.6799999999999999,0.3777777777777777,0.6799999999999999
0,0,2,0.8257675,0.82690835,0.8257675,0.6825396825396826,0.6799999999999999,0.6521739130434783
1,1,1,0.847615,0.82690835,0.8257675,0.6464646464646464,0.6799999999999999,0.6521739130434783
1,1,1,0.82690835,0.82690835,0.8257675,0.6799999999999999,0.6799999999999999,0.6825396825396826
1,1,1,0.8257675,0.847615,0.8257675,0.6825396825396826,0.7131147540983607,0.6799999999999999
1,1,1,0.8596822,0.82690835,0.81438893,0.7154471544715447,0.6799999999999999,0.6799999999999999
1,1,1,0.8257675,0.82690835,0.8596822,0.6521739130434783,0.6799999999999999,0.7154471544715447
1,1,1,0.8257675,0.82690835,0.8326174,0.6825396825396826,0.6799999999999999,0.4722222222222222
1,1,1,0.82690835,0.82690835,0.82690835,0.6825396825396826,0.6799999999999999,0.6799999999999999
1,1,1,0.8257675,0.81438893,0.8257675,0.6825396825396826,0.6799999999999999,0.6825396825396826
1,1,1,0.81890446,0.81438893,0.82690835,0.5283018867924528,0.6799999999999999,0.6799999999999999
1,1,2,0.82690835,0.8257675,0.82690835,0.6825396825396826,0.6825396825396826,0.6799999999999999
1,1,2,0.82690835,0.8257675,0.82690835,0.6799999999999999,0.6521739130434783,0.6825396825396826
1,1,2,0.82690835,0.82690835,0.8257675,0.6799999999999999,0.6799999999999999,0.6521739130434783
1,1,2,0.82690835,0.82690835,0.81438893,0.6799999999999999,0.6799999999999999,0.6799999999999999
1,1,2,0.82690835,0.8257675,0.82690835,0.6825396825396826,0.6825396825396826,0.6799999999999999
1,1,2,0.8257675,0.8257675,0.81438893,0.6799999999999999,0.6825396825396826,0.6799999999999999
1,1,2,0.81438893,0.8257675,0.81438893,0.6799999999999999,0.6521739130434783,0.6799999999999999
1,1,2,0.8257675,0.81438893,0.82690835,0.6825396825396826,0.6799999999999999,0.6799999999999999
1,1,2,0.8431838,0.82690835,0.847615,0.6599999999999999,0.6799999999999999,0.7154471544715447
1,2,1,0.8257675,0.8257675,0.81438893,0.6521739130434783,0.6825396825396826,0.6799999999999999
1,2,1,0.82690835,0.82690835,0.82690835,0.6799999999999999,0.6799999999999999,0.6799999999999999
1,2,1,0.81438893,0.847615,0.82690835,0.6799999999999999,0.6464646464646464,0.6799999999999999
1,2,1,0.8596822,0.82690835,0.82690835,0.7154471544715447,0.6825396825396826,0.6799999999999999
1,2,1,0.82690835,0.82690835,0.82690835,0.6799999999999999,0.6799999999999999,0.6799999999999999
1,2,1,0.82690835,0.82690835,0.847615,0.6825396825396826,0.6799999999999999,0.7154471544715447
1,2,1,0.82690835,0.82690835,0.81438893,0.6799999999999999,0.6799999999999999,0.6799999999999999
1,2,1,0.82690835,0.82690835,0.82381195,0.6799999999999999,0.6799999999999999,0.4285714285714286
1,2,1,0.82690835,0.82690835,0.82690835,0.6799999999999999,0.6799999999999999,0.6799999999999999
1,2,2,0.82690835,0.82690835,0.82690835,0.6799999999999999,0.6799999999999999,0.6799999999999999
1,2,2,0.81438893,0.8596822,0.82690835,0.6799999999999999,0.7154471544715447,0.6825396825396826
1,2,2,0.8596822,0.82690835,0.82690835,0.7154471544715447,0.6799999999999999,0.6825396825396826
1,2,2,0.82690835,0.81438893,0.82690835,0.6799999999999999,0.6799999999999999,0.6799999999999999
1,2,2,0.847615,0.82690835,0.8596822,0.7154471544715447,0.6799999999999999,0.7154471544715447
1,2,2,0.8596822,0.82690835,0.82690835,0.7154471544715447,0.6799999999999999,0.6825396825396826
1,2,2,0.8129584,0.82690835,0.8257675,0.6521739130434783,0.6799999999999999,0.6799999999999999
1,2,2,0.8567071,0.82690835,0.81438893,0.71900826446281,0.6799999999999999,0.6799999999999999
1,2,2,0.82690835,0.82690835,0.82690835,0.6799999999999999,0.6799999999999999,0.6799999999999999
0,0,0,0.7970892,0.7970892,0.76681685,0.6788990825688073,0.6788990825688073,-0.0666666666666666
0,0,1,0.84513867,0.76681685,0.84513867,0.6875,-0.0666666666666666,0.6902654867256637
0,0,2,0.84513867,0.7970892,0.84513867,0.6875,0.6788990825688073,0.6902654867256637
1,1,1,0.84513867,0.84513867,0.84513867,0.6875,0.6875,0.6875
1,1,1,0.8458369,0.760031,0.6666035,0.6607142857142857,0.6666666666666667,0.6136363636363636
1,1,1,0.84513867,0.84513867,0.6339043,0.6788990825688073,0.6875,0.7064220183486238
1,1,1,0.84513867,0.62894726,0.7899921,0.6875,0.6851851851851851,0.627906976744186
1,1,1,0.84513867,0.84513867,0.84513867,0.6875,0.6902654867256637,0.6875
1,1,1,0.84513867,0.84513867,0.7943046,0.6875,0.6875,0.4805194805194805
1,1,1,0.84513867,0.84513867,0.7398907,0.6875,0.6875,0.5822784810126582
1,1,1,0.84513867,0.84513867,0.8069836,0.6875,0.6875,0.6024096385542168
1,1,1,0.84513867,0.7970892,0.7998611,0.6788990825688073,0.6788990825688073,0.59375
1,1,2,0.84513867,0.84513867,0.7042078,0.6875,0.6875,0.5555555555555556
1,1,2,0.68822014,0.84513867,0.69873613,0.7075471698113207,0.6875,0.6886792452830188
1,1,2,0.84513867,0.8495187,0.63742244,0.6875,0.6542056074766356,0.691588785046729
1,1,2,0.84513867,0.6822262,0.64703345,0.6875,0.5205479452054795,0.611764705882353
1,1,2,0.84513867,0.84513867,0.70909464,0.6875,0.6875,0.691588785046729
1,1,2,0.8329884,0.84513867,0.7943046,0.6336633663366337,0.6875,0.4805194805194805
1,1,2,0.84513867,0.84513867,0.7240118,0.6875,0.6875,0.7238095238095238
1,1,2,0.66816425,0.84513867,0.6759376,0.7070707070707071,0.6875,0.6444444444444444
1,1,2,0.83315253,0.83315253,0.6684025,0.5581395348837209,0.5128205128205128,0.6404494382022472
1,2,1,0.84513867,0.84513867,0.79980826,0.6875,0.6875,0.6548672566371682
1,2,1,0.84513867,0.82185256,0.7377194,0.6875,0.638095238095238,0.6728971962616823
1,2,1,0.84513867,0.7970892,0.7505524,0.6875,0.6788990825688073,0.6276595744680851
1,2,1,0.84513867,0.84513867,0.67692465,0.6875,0.6902654867256637,0.6936936936936937
1,2,1,0.8594072,0.76610196,0.70334524,0.6696428571428572,0.7207207207207207,0.5512820512820513
1,2,1,0.84513867,0.84513867,0.8467914,0.6875,0.6875,0.6695652173913044
1,2,1,0.84513867,0.84513867,0.7324365,0.6875,0.6875,0.6601941747572815
1,2,1,0.84513867,0.84513867,0.6828131,0.6875,0.6875,0.6880733944954128
1,2,1,0.84513867,0.760031,0.78273046,0.6875,0.6759259259259259,0.6235294117647059
1,2,2,0.7970892,0.84513867,0.84513867,0.6788990825688073,0.6875,0.6875
1,2,2,0.84513867,0.7217081,0.7076871,0.6875,0.6936936936936937,0.5454545454545454
1,2,2,0.84513867,0.83315253,0.77472466,0.6875,0.638095238095238,0.663716814159292
1,2,2,0.7970892,0.7715557,0.7226875,0.6788990825688073,-0.0666666666666666,0.6822429906542056
1,2,2,0.76681685,0.8408645,0.84513867,-0.0666666666666666,0.525,0.6902654867256637
1,2,2,0.76681685,0.84010243,0.7518999,-0.0666666666666666,0.5465116279069768,0.6464646464646464
1,2,2,0.84513867,0.7970892,0.73876894,0.6875,0.6788990825688073,0.5384615384615384
1,2,2,0.8408645,0.84513867,0.8594072,0.5869565217391304,0.6875,0.6696428571428572
1,2,2,0.84513867,0.7970892,0.78224266,0.6875,0.6788990825688073,0.7053571428571428
0,0,0,0.98881334,0.98881334,0.98881334,0.0238095238095238,0.0238095238095238,0.0238095238095238
0,0,1,0.98881334,0.98881334,0.98881334,0.0238095238095238,0.0238095238095238,0.0238095238095238
0,0,2,0.98881334,0.98881334,0.98881334,0.0238095238095238,0.0238095238095238,0.0238095238095238
1,1,1,0.98881334,0.98881334,0.98881334,0.0238095238095238,0.0238095238095238,0.0238095238095238
1,1,1,0.98881334,0.98881334,0.98881334,0.0238095238095238,0.0238095238095238,0.0238095238095238
1,1,1,0.98881334,0.98881334,0.98881334,0.0238095238095238,0.0238095238095238,0.0238095238095238
1,1,1,0.98881334,0.98881334,0.98881334,0.0238095238095238,0.0238095238095238,0.0238095238095238
1,1,1,0.98881334,0.98881334,0.98881334,0.0238095238095238,0.0238095238095238,0.0238095238095238
1,1,1,0.98881334,0.98881334,0.98881334,0.0238095238095238,0.0238095238095238,0.0238095238095238
1,1,1,0.98881334,0.98881334,0.98881334,0.0238095238095238,0.0238095238095238,0.0238095238095238
1,1,1,0.98881334,0.98881334,0.98881334,0.0238095238095238,0.0238095238095238,0.0238095238095238
1,1,1,0.98881334,0.98881334,0.98881334,0.0238095238095238,0.0238095238095238,0.0238095238095238
1,1,2,0.98881334,0.98881334,0.98881334,0.0238095238095238,0.0238095238095238,0.0238095238095238
1,1,2,0.98881334,0.98881334,0.98881334,0.0238095238095238,0.0238095238095238,0.0238095238095238
1,1,2,0.98881334,0.98881334,0.98881334,0.0238095238095238,0.0238095238095238,0.0238095238095238
1,1,2,0.98881334,0.98881334,0.98881334,0.0238095238095238,0.0238095238095238,0.0238095238095238
1,1,2,0.98881334,0.98881334,0.98881334,0.0238095238095238,0.0238095238095238,0.0238095238095238
1,1,2,0.98881334,0.98881334,0.98881334,0.0238095238095238,0.0238095238095238,0.0238095238095238
1,1,2,0.98881334,0.98881334,0.98881334,0.0238095238095238,0.0238095238095238,0.0238095238095238
1,1,2,0.98881334,0.98881334,0.98881334,0.0238095238095238,0.0238095238095238,0.0238095238095238
1,1,2,0.98881334,0.98881334,0.98881334,0.0238095238095238,0.0238095238095238,0.0238095238095238
1,2,1,0.98881334,0.98881334,0.98881334,0.0238095238095238,0.0238095238095238,0.0238095238095238
1,2,1,0.98881334,0.98881334,0.98881334,0.0238095238095238,0.0238095238095238,0.0238095238095238
1,2,1,0.98881334,0.98881334,0.98881334,0.0238095238095238,0.0238095238095238,0.0238095238095238
1,2,1,0.98881334,0.98881334,0.98881334,0.0238095238095238,0.0238095238095238,0.0238095238095238
1,2,1,0.98881334,0.98881334,0.98881334,0.0238095238095238,0.0238095238095238,0.0238095238095238
1,2,1,0.98881334,0.98881334,0.98881334,0.0238095238095238,0.0238095238095238,0.0238095238095238
1,2,1,0.98881334,0.98881334,0.98881334,0.0238095238095238,0.0238095238095238,0.0238095238095238
1,2,1,0.98881334,0.98881334,0.98881334,0.0238095238095238,0.0238095238095238,0.0238095238095238
1,2,1,0.98881334,0.98881334,0.98881334,0.0238095238095238,0.0238095238095238,0.0238095238095238
1,2,2,0.98881334,0.98881334,0.98881334,0.0238095238095238,0.0238095238095238,0.0238095238095238
1,2,2,0.98881334,0.98881334,0.98881334,0.0238095238095238,0.0238095238095238,0.0238095238095238
1,2,2,0.98881334,0.98881334,0.98881334,0.0238095238095238,0.0238095238095238,0.0238095238095238
1,2,2,0.98881334,0.98881334,0.98881334,0.0238095238095238,0.0238095238095238,0.0238095238095238
1,2,2,0.98881334,0.98881334,0.98881334,0.0238095238095238,0.0238095238095238,0.0238095238095238
1,2,2,0.98881334,0.98881334,0.98881334,0.0238095238095238,0.0238095238095238,0.0238095238095238
1,2,2,0.98881334,0.98881334,0.98881334,0.0238095238095238,0.0238095238095238,0.0238095238095238
1,2,2,0.98881334,0.98881334,0.98881334,0.0238095238095238,0.0238095238095238,0.0238095238095238
1,2,2,0.98881334,0.98881334,0.98881334,0.0238095238095238,0.0238095238095238,0.0238095238095238
0,0,0,0.97261256,0.97261256,0.97261256,0.35,0.35,0.35
0,0,1,0.97261256,0.97261256,0.97261256,0.35,0.35,0.35
0,0,2,0.97261256,0.97261256,0.97261256,0.35,0.35,0.35
1,1,1,0.97261256,0.97261256,0.97261256,0.35,0.35,0.35
1,1,1,0.97261256,0.97261256,0.97261256,0.35,0.35,0.35
1,1,1,0.97261256,0.97261256,0.97261256,0.35,0.35,0.35
1,1,1,0.97261256,0.97261256,0.97261256,0.35,0.35,0.35
1,1,1,0.97261256,0.97261256,0.97261256,0.35,0.35,0.35
1,1,1,0.97261256,0.97261256,0.97261256,0.35,0.35,0.35
1,1,1,0.97261256,0.97261256,0.97261256,0.35,0.35,0.35
1,1,1,0.97261256,0.97261256,0.97261256,0.35,0.35,0.35
1,1,1,0.97261256,0.97261256,0.97261256,0.35,0.35,-0.0833333333333332
1,1,2,0.97261256,0.97261256,0.97261256,0.35,0.35,0.35
1,1,2,0.97261256,0.87863743,0.97261256,0.35,0.0952380952380952,0.35
1,1,2,0.97261256,0.97261256,0.97261256,0.35,0.35,0.35
1,1,2,0.97261256,0.97261256,0.97261256,0.35,0.35,0.35
1,1,2,0.97261256,0.97261256,0.97261256,0.35,0.35,0.35
1,1,2,0.97261256,0.97261256,0.97261256,0.35,0.35,0.35
1,1,2,0.97261256,0.97261256,0.97261256,0.35,0.35,0.35
1,1,2,0.97261256,0.97261256,0.97261256,0.35,0.35,0.35
1,1,2,0.97261256,0.97261256,0.97261256,0.35,0.35,0.35
1,2,1,0.97261256,0.97261256,0.97261256,0.35,0.35,0.35
1,2,1,0.97261256,0.97261256,0.97261256,0.35,0.35,0.35
1,2,1,0.97261256,0.97261256,0.97261256,0.35,0.35,0.35
1,2,1,0.97261256,0.97261256,0.97261256,0.35,0.35,0.35
1,2,1,0.97261256,0.97261256,0.97261256,0.35,0.35,0.35
1,2,1,0.97261256,0.97261256,0.97261256,0.2972972972972972,0.35,0.35
1,2,1,0.97261256,0.97261256,0.97261256,0.35,0.35,0.35
1,2,1,0.97261256,0.97261256,0.97261256,0.35,0.35,0.35
1,2,1,0.97261256,0.97261256,0.97261256,0.35,0.35,0.35
1,2,2,0.97261256,0.97261256,0.97261256,0.35,0.35,0.35
1,2,2,0.97261256,0.97261256,0.97261256,0.35,0.35,0.35
1,2,2,0.97261256,0.97261256,0.97261256,0.35,0.35,0.35
1,2,2,0.97261256,0.97261256,0.97261256,0.35,0.35,0.35
1,2,2,0.97261256,0.97261256,0.97261256,0.35,0.35,0.35
1,2,2,0.9939289,0.97261256,0.9939289,-0.0512820512820513,0.35,-0.0512820512820513
1,2,2,0.97261256,0.97261256,0.97261256,0.35,0.35,0.35
1,2,2,0.97261256,0.97261256,0.97261256,0.35,0.35,0.35
1,2,2,0.97261256,0.97261256,0.97261256,0.35,0.35,0.35
0,0,0,0.77707386,0.73601234,0.7603733,0.5977011494252873,0.6129032258064516,0.6330275229357798
0,0,1,0.74305785,0.73304474,0.73601234,0.6296296296296297,0.6129032258064516,0.6129032258064516
0,0,2,0.73601234,0.7538073,0.74689347,0.6129032258064516,0.5662650602409638,0.6022727272727273
1,1,1,0.7603733,0.73601234,0.83502156,0.5,0.6129032258064516,0.6285714285714286
1,1,1,0.73601234,0.7587373,0.7587373,0.6129032258064516,0.6545454545454545,0.6545454545454545
1,1,1,0.7603733,0.72432804,0.7603733,0.6039603960396039,0.6454545454545455,0.5
1,1,1,0.8065778,0.8104135,0.8127986,0.6285714285714286,0.6272727272727272,0.6168224299065421
1,1,1,0.82856345,0.74455184,0.77034426,0.6923076923076923,0.5925925925925926,0.6635514018691588
1,1,1,0.82273746,0.8564342,0.8363766,0.7017543859649122,0.6363636363636364,0.6375
1,1,1,0.73601234,0.7916075,0.8363766,0.6129032258064516,0.4939759036144578,0.6813186813186813
1,1,1,0.74455184,0.7603733,0.7424419,0.5925925925925926,0.6363636363636364,0.6454545454545455
1,1,1,0.82273746,0.74305785,0.7424419,0.7017543859649122,0.6396396396396397,0.6454545454545455
1,1,2,0.7424419,0.73601234,0.7603733,0.6388888888888888,0.6129032258064516,0.5454545454545454
1,1,2,0.74305785,0.8060757,0.8363766,0.6396396396396397,0.6168224299065421,0.6777777777777778
1,1,2,0.82273746,0.73601234,0.7603733,0.7017543859649122,0.6129032258064516,0.6116504854368932
1,1,2,0.8363766,0.74689347,0.7616573,0.6979166666666667,0.6022727272727273,0.6548672566371682
1,1,2,0.8127986,0.7603733,0.7830051,0.6168224299065421,0.6296296296296297,0.6296296296296297
1,1,2,0.7546431,0.7587373,0.8069081,0.6022727272727273,0.6576576576576576,0.6346153846153846
1,1,2,0.82273746,0.7868898,0.7603733,0.7017543859649122,0.5227272727272727,0.5
1,1,2,0.8363766,0.7615698,0.74490285,0.6777777777777778,0.7017543859649122,0.6428571428571428
1,1,2,0.7603733,0.8013418,0.7424419,0.5,0.6846846846846847,0.6454545454545455
1,2,1,0.73601234,0.7788364,0.8363766,0.7241379310344828,0.6944444444444444,0.6813186813186813
1,2,1,0.7603733,0.8317244,0.73601234,0.6296296296296297,0.6021505376344086,0.6129032258064516
1,2,1,0.7554387,0.78222924,0.7603733,0.6542056074766356,0.6486486486486487,0.5
1,2,1,0.7849886,0.7603733,0.82856345,0.6703296703296704,0.6396396396396397,0.6956521739130435
1,2,1,0.8432134,0.76360875,0.7538073,0.6320754716981132,0.6605504587155964,0.5555555555555556
1,2,1,0.8452661,0.7556561,0.73601234,0.5595238095238095,0.6605504587155964,0.6129032258064516
1,2,1,0.7603733,0.73601234,0.7201936,0.5,0.6129032258064516,0.6306306306306306
1,2,1,0.8034631,0.74305785,0.8388612,0.6320754716981132,0.6226415094339622,0.7064220183486238
1,2,1,0.73601234,0.7786415,0.7538073,0.6129032258064516,0.6545454545454545,0.5555555555555556
1,2,2,0.8363766,0.807019,0.7889596,0.6419753086419753,0.5842696629213483,0.6909090909090909
1,2,2,0.7603733,0.73601234,0.8363766,0.5294117647058824,0.7272727272727273,0.6881720430107527
1,2,2,0.73601234,0.82273746,0.7603733,0.6129032258064516,0.7017543859649122,0.6
1,2,2,0.8068679,0.80648917,0.7511676,0.6132075471698113,0.6181818181818182,0.6272727272727272
1,2,2,0.8363766,0.7558887,0.7771926,0.6375,0.631578947368421,0.6902654867256637
1,2,2,0.8452661,0.7587373,0.73601234,0.5595238095238095,0.6545454545454545,0.6129032258064516
1,2,2,0.82856345,0.73601234,0.7603733,0.6818181818181819,0.6129032258064516,0.5876288659793815
1,2,2,0.74305785,0.78631544,0.82856345,0.6363636363636364,0.4545454545454546,0.6818181818181819
1,2,2,0.74305785,0.8363766,0.7652359,0.6428571428571428,0.6881720430107527,0.6261682242990654
0,0,0,0.67961913,0.67961913,0.7795403,0.3584905660377359,0.3584905660377359,0.472972972972973
0,0,1,0.7795403,0.60205305,0.67961913,0.472972972972973,0.6285714285714286,0.3584905660377359
0,0,2,0.7795403,0.63304996,0.77683926,0.472972972972973,0.4516129032258065,0.5
1,1,1,0.67961913,0.77683926,0.7795403,0.3584905660377359,0.5,0.472972972972973
1,1,1,0.77683926,0.60205305,0.7795403,0.5,0.6285714285714286,0.472972972972973
1,1,1,0.67961913,0.67961913,0.67961913,0.3584905660377359,0.3584905660377359,0.3584905660377359
1,1,1,0.7795403,0.77683926,0.77683926,0.472972972972973,0.5,0.5
1,1,1,0.67961913,0.6585047,0.7795403,0.3584905660377359,0.6164383561643836,0.472972972972973
1,1,1,0.63058925,0.67961913,0.67961913,0.6263736263736264,0.3584905660377359,0.3584905660377359
1,1,1,0.77683926,0.7795403,0.77683926,0.6060606060606061,0.472972972972973,0.5
1,1,1,0.7795403,0.7795403,0.67961913,0.472972972972973,0.472972972972973,0.3584905660377359
1,1,1,0.7795403,0.77683926,0.67961913,0.472972972972973,0.5,0.3584905660377359
1,1,2,0.7795403,0.77683926,0.7795403,0.472972972972973,0.6486486486486487,0.472972972972973
1,1,2,0.7795403,0.85528123,0.67961913,0.472972972972973,0.6494845360824743,0.3584905660377359
1,1,2,0.77683926,0.77683926,0.7795403,0.5,0.5,0.472972972972973
1,1,2,0.67961913,0.67961913,0.7795403,0.3584905660377359,0.3584905660377359,0.472972972972973
1,1,2,0.7795403,0.77683926,0.7795403,0.472972972972973,0.5,0.472972972972973
1,1,2,0.85528123,0.67961913,0.60205305,0.6494845360824743,0.3584905660377359,0.6285714285714286
1,1,2,0.77683926,0.77683926,0.77683926,0.5,0.5,0.5
1,1,2,0.77683926,0.77683926,0.7795403,0.5,0.5,0.472972972972973
1,1,2,0.77683926,0.71503675,0.77683926,0.5,0.5454545454545454,0.5
1,2,1,0.77683926,0.7795403,0.7795403,0.6060606060606061,0.472972972972973,0.472972972972973
1,2,1,0.60205305,0.77683926,0.66094077,0.6285714285714286,0.6486486486486487,0.4489795918367347
1,2,1,0.67961913,0.63304996,0.7795403,0.3584905660377359,0.4516129032258065,0.472972972972973
1,2,1,0.67961913,0.77683926,0.7795403,0.3584905660377359,0.5,0.472972972972973
1,2,1,0.7795403,0.63304996,0.7795403,0.472972972972973,0.4516129032258065,0.472972972972973
1,2,1,0.7795403,0.81359166,0.67961913,0.472972972972973,0.4647887323943662,0.3584905660377359
1,2,1,0.7795403,0.77683926,0.7795403,0.472972972972973,0.6486486486486487,0.472972972972973
1,2,1,0.7795403,0.7795403,0.67961913,0.472972972972973,0.472972972972973,0.3584905660377359
1,2,1,0.77683926,0.66094077,0.7795403,0.6060606060606061,0.4599999999999999,0.472972972972973
1,2,2,0.77683926,0.7795403,0.7795403,0.5,0.472972972972973,0.472972972972973
1,2,2,0.77683926,0.6311022,0.76791954,0.6486486486486487,0.4499999999999999,0.2727272727272727
1,2,2,0.7795403,0.7795403,0.7795403,0.472972972972973,0.472972972972973,0.472972972972973
1,2,2,0.67961913,0.7795403,0.7795403,0.3584905660377359,0.472972972972973,0.472972972972973
1,2,2,0.67961913,0.6269899,0.77683926,0.3584905660377359,0.5952380952380952,0.6486486486486487
1,2,2,0.77683926,0.76791954,0.7795403,0.6060606060606061,0.5,0.472972972972973
1,2,2,0.77683926,0.76791954,0.7795403,0.5,0.2727272727272727,0.472972972972973
1,2,2,0.7795403,0.77738166,0.63058925,0.472972972972973,0.4805194805194805,0.6263736263736264
1,2,2,0.77683926,0.7795403,0.7795403,0.6060606060606061,0.472972972972973,0.472972972972973
0,0,0,0.960997,0.960997,0.960997,0.4358974358974359,0.4358974358974359,0.4358974358974359
0,0,1,0.960997,0.960997,0.960997,0.4358974358974359,0.4358974358974359,0.4358974358974359
0,0,2,0.960997,0.960997,0.94247437,0.4358974358974359,0.4358974358974359,0.0222222222222222
1,1,1,0.960997,0.960997,0.960997,0.4358974358974359,0.4358974358974359,0.4358974358974359
1,1,1,0.960997,0.960997,0.960997,0.4358974358974359,0.4358974358974359,0.4358974358974359
1,1,1,0.960997,0.960997,0.960997,0.4358974358974359,0.4358974358974359,0.4358974358974359
1,1,1,0.960997,0.960997,0.960997,0.4358974358974359,0.4358974358974359,0.4358974358974359
1,1,1,0.960997,0.960997,0.960997,0.4358974358974359,0.4358974358974359,0.4358974358974359
1,1,1,0.960997,0.960997,0.9118127,0.4358974358974359,0.4358974358974359,0.4358974358974359
1,1,1,0.960997,0.960997,0.960997,0.4358974358974359,0.4358974358974359,0.4358974358974359
1,1,1,0.960997,0.960997,0.960997,0.4358974358974359,0.4358974358974359,0.4358974358974359
1,1,1,0.960997,0.960997,0.9440878,0.4358974358974359,0.4358974358974359,0.4189189189189189
1,1,2,0.960997,0.960997,0.960997,0.4358974358974359,0.4358974358974359,0.4358974358974359
1,1,2,0.960997,0.960997,0.960997,0.4358974358974359,0.4358974358974359,0.4358974358974359
1,1,2,0.960997,0.960997,0.960997,0.4358974358974359,0.4358974358974359,0.4358974358974359
1,1,2,0.960997,0.960997,0.960997,0.4358974358974359,0.4358974358974359,0.4358974358974359
1,1,2,0.960997,0.960997,0.960997,0.4358974358974359,0.4358974358974359,0.4358974358974359
1,1,2,0.960997,0.960997,0.960997,0.4358974358974359,0.4358974358974359,0.4358974358974359
1,1,2,0.960997,0.960997,0.960997,0.4358974358974359,0.4358974358974359,0.4358974358974359
1,1,2,0.960997,0.960997,0.960997,0.4358974358974359,0.4358974358974359,0.4358974358974359
1,1,2,0.960997,0.960997,0.960997,0.4358974358974359,0.4358974358974359,0.4358974358974359
1,2,1,0.960997,0.960997,0.94247437,0.4358974358974359,0.4358974358974359,0.0222222222222222
1,2,1,0.94247437,0.960997,0.960997,0.0222222222222222,0.4358974358974359,0.4358974358974359
1,2,1,0.960997,0.960997,0.960997,0.4358974358974359,0.4358974358974359,0.4358974358974359
1,2,1,0.960997,0.960997,0.960997,0.4358974358974359,0.4358974358974359,0.4358974358974359
1,2,1,0.960997,0.960997,0.960997,0.4358974358974359,0.4358974358974359,0.4358974358974359
1,2,1,0.960997,0.94247437,0.960997,0.4358974358974359,0.0222222222222222,0.4358974358974359
1,2,1,0.93299097,0.960997,0.960997,-0.0238095238095237,0.4358974358974359,0.4358974358974359
1,2,1,0.960997,0.960997,0.94247437,0.4358974358974359,0.4358974358974359,0.0222222222222222
1,2,1,0.960997,0.960997,0.960997,0.4358974358974359,0.4358974358974359,0.4358974358974359
1,2,2,0.960997,0.960997,0.94247437,0.4358974358974359,0.4358974358974359,0.0222222222222222
1,2,2,0.960997,0.960997,0.960997,0.4358974358974359,0.4358974358974359,0.4358974358974359
1,2,2,0.960997,0.960997,0.960997,0.4358974358974359,0.4358974358974359,0.4358974358974359
1,2,2,0.960997,0.960997,0.960997,0.4358974358974359,0.4358974358974359,0.4358974358974359
1,2,2,0.960997,0.960997,0.960997,0.4358974358974359,0.4358974358974359,0.4358974358974359
1,2,2,0.960997,0.960997,0.9426289,0.4358974358974359,0.4358974358974359,0.0
1,2,2,0.960997,0.960997,0.94247437,0.4358974358974359,0.4358974358974359,0.0222222222222222
1,2,2,0.960997,0.960997,0.960997,0.4358974358974359,0.4358974358974359,0.4358974358974359
1,2,2,0.960997,0.960997,0.960997,0.4358974358974359,0.4358974358974359,0.4358974358974359
0,0,0,0.8821448,0.89367115,0.8821448,-0.0588235294117647,0.6461538461538461,-0.0588235294117647
0,0,1,0.92377204,0.8821448,0.8678474,0.1896551724137931,-0.0588235294117647,0.6412213740458015
0,0,2,0.89367115,0.89367115,0.92377204,0.6461538461538461,0.6461538461538461,0.1896551724137931
1,1,1,0.92377204,0.8678474,0.92377204,0.1896551724137931,0.6412213740458015,0.1896551724137931
1,1,1,0.92377204,0.8821448,0.8821448,0.1896551724137931,-0.0588235294117647,-0.0588235294117647
1,1,1,0.92377204,0.8117422,0.8821448,0.1896551724137931,0.5833333333333333,-0.0588235294117647
1,1,1,0.92377204,0.92377204,0.8678474,0.1896551724137931,0.1896551724137931,0.6412213740458015
1,1,1,0.8821448,0.92377204,0.8821448,-0.0588235294117647,0.1896551724137931,-0.0588235294117647
1,1,1,0.8821448,0.92377204,0.89367115,-0.0588235294117647,0.1896551724137931,0.6461538461538461
1,1,1,0.8821448,0.92495227,0.8821448,-0.0588235294117647,-0.048780487804878,-0.0588235294117647
1,1,1,0.89367115,0.92495227,0.81949776,0.6461538461538461,-0.048780487804878,0.4210526315789473
1,1,1,0.8821448,0.92377204,0.9173691,-0.0588235294117647,0.1896551724137931,0.1999999999999999
1,1,2,0.8821448,0.92377204,0.92377204,-0.0588235294117647,0.1896551724137931,0.1896551724137931
1,1,2,0.92377204,0.89367115,0.8678474,0.1896551724137931,0.6461538461538461,0.6412213740458015
1,1,2,0.89367115,0.92377204,0.92377204,0.6461538461538461,0.1896551724137931,0.1896551724137931
1,1,2,0.8678474,0.89367115,0.89367115,0.6412213740458015,0.6461538461538461,0.6461538461538461
1,1,2,0.8821448,0.92377204,0.8821448,-0.0588235294117647,0.1896551724137931,-0.0588235294117647
1,1,2,0.92377204,0.92377204,0.8821448,0.1896551724137931,0.1896551724137931,-0.0588235294117647
1,1,2,0.8821448,0.8821448,0.89367115,-0.0588235294117647,-0.0588235294117647,0.6461538461538461
1,1,2,0.92377204,0.8821448,0.89367115,0.1896551724137931,-0.0588235294117647,0.6461538461538461
1,1,2,0.8821448,0.92377204,0.89367115,-0.0588235294117647,0.1896551724137931,0.6461538461538461
1,2,1,0.8821448,0.89367115,0.8821448,-0.0588235294117647,0.6461538461538461,-0.0588235294117647
1,2,1,0.92377204,0.89367115,0.89367115,0.1896551724137931,0.6461538461538461,0.6461538461538461
1,2,1,0.8678474,0.89367115,0.92377204,0.6412213740458015,0.6461538461538461,0.1896551724137931
1,2,1,0.8821448,0.8821448,0.8821448,-0.0588235294117647,-0.0588235294117647,-0.0588235294117647
1,2,1,0.8821448,0.92377204,0.8821448,-0.0588235294117647,0.1896551724137931,-0.0588235294117647
1,2,1,0.8678474,0.8821448,0.92377204,0.6412213740458015,-0.0588235294117647,0.1896551724137931
1,2,1,0.8821448,0.8821448,0.8821448,-0.0588235294117647,-0.0588235294117647,-0.0588235294117647
1,2,1,0.89367115,0.92377204,0.8821448,0.6461538461538461,0.1896551724137931,-0.0588235294117647
1,2,1,0.8821448,0.89367115,0.89367115,-0.0588235294117647,0.6461538461538461,0.6461538461538461
1,2,2,0.8821448,0.8506055,0.8821448,-0.0588235294117647,0.4651162790697675,-0.0588235294117647
1,2,2,0.8821448,0.8821448,0.92377204,-0.0588235294117647,-0.0588235294117647,0.1896551724137931
1,2,2,0.8821448,0.92377204,0.8821448,-0.0588235294117647,0.1896551724137931,-0.0588235294117647
1,2,2,0.8821448,0.89367115,0.8678474,-0.0588235294117647,0.6461538461538461,0.6412213740458015
1,2,2,0.8821448,0.92377204,0.8678474,-0.0588235294117647,0.1896551724137931,0.6412213740458015
1,2,2,0.92377204,0.8678474,0.8678474,0.1896551724137931,0.6412213740458015,0.6412213740458015
1,2,2,0.8506055,0.92377204,0.92377204,0.4651162790697675,0.1896551724137931,0.1896551724137931
1,2,2,0.92377204,0.89367115,0.92377204,0.1896551724137931,0.6461538461538461,0.1896551724137931
1,2,2,0.8821448,0.8506055,0.8821448,-0.0588235294117647,0.4651162790697675,-0.0588235294117647
0,0,0,0.94068515,0.94068515,0.94068515,0.4776119402985075,0.4776119402985075,0.4776119402985075
0,0,1,0.94068515,0.94068515,0.94068515,0.4776119402985075,0.4776119402985075,0.4776119402985075
0,0,2,0.94068515,0.94068515,0.94068515,0.4776119402985075,0.4776119402985075,0.4776119402985075
1,1,1,0.94068515,0.94068515,0.94068515,0.4776119402985075,0.4776119402985075,0.4776119402985075
1,1,1,0.94068515,0.9234969,0.94068515,0.4776119402985075,0.4558823529411765,0.4776119402985075
1,1,1,0.94068515,0.94068515,0.94068515,0.4776119402985075,0.4776119402985075,0.4776119402985075
1,1,1,0.94068515,0.94068515,0.94068515,0.4776119402985075,0.4776119402985075,0.4776119402985075
1,1,1,0.94068515,0.94068515,0.94068515,0.4776119402985075,0.4776119402985075,0.2708333333333333
1,1,1,0.94068515,0.94068515,0.94068515,0.4776119402985075,0.4776119402985075,0.4776119402985075
1,1,1,0.94068515,0.94068515,0.94068515,0.4776119402985075,0.4776119402985075,0.4776119402985075
1,1,1,0.94068515,0.94068515,0.94068515,0.4776119402985075,0.4776119402985075,0.4776119402985075
1,1,1,0.94068515,0.94068515,0.94068515,0.4776119402985075,0.4776119402985075,0.4776119402985075
1,1,2,0.94068515,0.94068515,0.94068515,0.4776119402985075,0.4776119402985075,0.4776119402985075
1,1,2,0.94068515,0.94068515,0.94068515,0.4776119402985075,0.4776119402985075,0.4776119402985075
1,1,2,0.94068515,0.94068515,0.94068515,0.4776119402985075,0.4776119402985075,0.4776119402985075
1,1,2,0.94068515,0.94068515,0.94068515,0.4776119402985075,0.4776119402985075,0.4776119402985075
1,1,2,0.94068515,0.94068515,0.94068515,0.4776119402985075,0.4776119402985075,0.4776119402985075
1,1,2,0.94068515,0.94068515,0.94068515,0.4776119402985075,0.4776119402985075,0.4776119402985075
1,1,2,0.94068515,0.94068515,0.94068515,0.4776119402985075,0.4776119402985075,0.4776119402985075
1,1,2,0.94068515,0.94068515,0.94068515,0.4776119402985075,0.4776119402985075,0.4776119402985075
1,1,2,0.94068515,0.94068515,0.94068515,0.4776119402985075,0.4776119402985075,0.4776119402985075
1,2,1,0.94068515,0.94068515,0.94068515,0.4776119402985075,0.4776119402985075,0.4776119402985075
1,2,1,0.94068515,0.94068515,0.94068515,0.4776119402985075,0.4776119402985075,0.4776119402985075
1,2,1,0.9549401,0.94068515,0.94068515,0.3731343283582089,0.4776119402985075,0.4776119402985075
1,2,1,0.94068515,0.94068515,0.94068515,0.4776119402985075,0.4776119402985075,0.4776119402985075
1,2,1,0.94068515,0.94068515,0.94068515,0.4776119402985075,0.4776119402985075,0.4776119402985075
1,2,1,0.94068515,0.94068515,0.94068515,0.4776119402985075,0.4776119402985075,0.4776119402985075
1,2,1,0.94068515,0.94068515,0.94068515,0.4776119402985075,0.4776119402985075,0.4776119402985075
1,2,1,0.94068515,0.94068515,0.94068515,0.4776119402985075,0.4776119402985075,0.4776119402985075
1,2,1,0.94068515,0.94068515,0.94068515,0.4776119402985075,0.4776119402985075,0.4776119402985075
1,2,2,0.94068515,0.94068515,0.94068515,0.4776119402985075,0.4776119402985075,0.4776119402985075
1,2,2,0.94068515,0.94068515,0.94068515,0.4776119402985075,0.4776119402985075,0.4776119402985075
1,2,2,0.94068515,0.94068515,0.94068515,0.4776119402985075,0.4776119402985075,0.4776119402985075
1,2,2,0.94068515,0.94068515,0.94068515,0.4776119402985075,0.4776119402985075,0.4776119402985075
1,2,2,0.94068515,0.94068515,0.94068515,0.4776119402985075,0.4776119402985075,0.4776119402985075
1,2,2,0.94068515,0.94068515,0.94068515,0.4776119402985075,0.4776119402985075,0.4776119402985075
1,2,2,0.94068515,0.94068515,0.94068515,0.4776119402985075,0.4776119402985075,0.4776119402985075
1,2,2,0.94068515,0.94068515,0.94068515,0.4776119402985075,0.4776119402985075,0.4776119402985075
1,2,2,0.94068515,0.94068515,0.94068515,0.4776119402985075,0.4776119402985075,0.4776119402985075
0,0,0,0.92938197,0.92938197,0.92938197,0.5116279069767442,0.5116279069767442,0.5116279069767442
0,0,1,0.92938197,0.92909646,0.92938197,0.5116279069767442,0.5,0.5116279069767442
0,0,2,0.92938197,0.96835476,0.92938197,0.5116279069767442,0.5,0.5116279069767442
1,1,1,0.92938197,0.92938197,0.92938197,0.5116279069767442,0.5116279069767442,0.5116279069767442
1,1,1,0.92938197,0.92938197,0.92938197,0.5116279069767442,0.5116279069767442,0.5116279069767442
1,1,1,0.92938197,0.92938197,0.92938197,0.5116279069767442,0.5116279069767442,0.5116279069767442
1,1,1,0.92938197,0.92909646,0.92938197,0.5116279069767442,0.4691358024691358,0.4814814814814815
1,1,1,0.92938197,0.9304049,0.92938197,0.5116279069767442,0.55,0.5116279069767442
1,1,1,0.92938197,0.92938197,0.92938197,0.5058823529411764,0.5116279069767442,0.5116279069767442
1,1,1,0.92938197,0.92938197,0.92938197,0.5116279069767442,0.5116279069767442,0.5116279069767442
1,1,1,0.92938197,0.92938197,0.92938197,0.5116279069767442,0.5116279069767442,0.5116279069767442
1,1,1,0.92938197,0.92938197,0.92938197,0.5116279069767442,0.5116279069767442,0.5116279069767442
1,1,2,0.92938197,0.92938197,0.9424348,0.5116279069767442,0.4814814814814815,0.475
1,1,2,0.92938197,0.92938197,0.92909646,0.5116279069767442,0.5116279069767442,0.5
1,1,2,0.92938197,0.92938197,0.9643494,0.5116279069767442,0.4814814814814815,0.525
1,1,2,0.92938197,0.92938197,0.92938197,0.5116279069767442,0.4814814814814815,0.5116279069767442
1,1,2,0.92909646,0.92938197,0.92909646,0.5,0.4545454545454546,0.5
1,1,2,0.92909646,0.92938197,0.92938197,0.5,0.5116279069767442,0.5116279069767442
1,1,2,0.92909646,0.92938197,0.92938197,0.5,0.4939759036144578,0.5116279069767442
1,1,2,0.92909646,0.92938197,0.92938197,0.5,0.5116279069767442,0.5116279069767442
1,1,2,0.96835476,0.92938197,0.92909646,0.5,0.5116279069767442,0.5
1,2,1,0.92938197,0.92909646,0.92938197,0.5116279069767442,0.5,0.5116279069767442
1,2,1,0.92938197,0.96835476,0.92938197,0.5116279069767442,0.5,0.5116279069767442
1,2,1,0.92909646,0.92938197,0.92938197,0.5,0.5116279069767442,0.5116279069767442
1,2,1,0.92938197,0.92909646,0.92938197,0.5116279069767442,0.5,0.5116279069767442
1,2,1,0.92909646,0.92938197,0.92938197,0.5,0.5116279069767442,0.5116279069767442
1,2,1,0.92938197,0.92938197,0.92909646,0.5116279069767442,0.5116279069767442,0.5
1,2,1,0.92938197,0.92938197,0.92938197,0.5116279069767442,0.5116279069767442,0.5116279069767442
1,2,1,0.92938197,0.92938197,0.92938197,0.5116279069767442,0.3913043478260869,0.4683544303797469
1,2,1,0.92938197,0.92938197,0.92938197,0.5116279069767442,0.5116279069767442,0.5116279069767442
1,2,2,0.92909646,0.92909646,0.92938197,0.5,0.1041666666666666,0.5172413793103448
1,2,2,0.92938197,0.96835476,0.92909646,0.5116279069767442,0.5,0.5
1,2,2,0.92938197,0.92938197,0.92938197,0.5116279069767442,0.5116279069767442,0.5116279069767442
1,2,2,0.92909646,0.92938197,0.92938197,0.5,0.5116279069767442,0.5116279069767442
1,2,2,0.92938197,0.92938197,0.92938197,0.5116279069767442,0.5172413793103448,0.5116279069767442
1,2,2,0.92938197,0.96835476,0.92938197,0.5116279069767442,0.5,0.5116279069767442
1,2,2,0.92938197,0.92938197,0.92938197,0.5116279069767442,0.5116279069767442,0.5116279069767442
1,2,2,0.92938197,0.92938197,0.92938197,0.475,0.5116279069767442,0.5116279069767442
1,2,2,0.92938197,0.92938197,0.92938197,0.5116279069767442,0.5116279069767442,0.5116279069767442
0,0,0,0.8611312,0.8611312,0.8593156,0.6440677966101696,0.6440677966101696,0.6838235294117647
0,0,1,0.8611312,0.8611312,0.8611312,0.6440677966101696,0.6440677966101696,0.6440677966101696
0,0,2,0.868881,0.868881,0.868881,0.1346153846153845,0.3382352941176471,0.3382352941176471
1,1,1,0.868881,0.8131583,0.868881,0.3382352941176471,0.3913043478260869,0.3382352941176471
1,1,1,0.868881,0.868881,0.868881,0.1346153846153845,0.3382352941176471,0.3382352941176471
1,1,1,0.868881,0.868881,0.868881,0.3382352941176471,0.3382352941176471,0.3382352941176471
1,1,1,0.868881,0.868881,0.868881,0.3382352941176471,0.1346153846153845,0.1346153846153845
1,1,1,0.868881,0.868881,0.868881,0.3382352941176471,0.3382352941176471,0.3382352941176471
1,1,1,0.868881,0.868881,0.868881,0.3382352941176471,0.3382352941176471,0.1346153846153845
1,1,1,0.868881,0.868881,0.868881,0.3382352941176471,0.3382352941176471,0.3382352941176471
1,1,1,0.868881,0.868881,0.868881,0.3382352941176471,0.3382352941176471,0.3382352941176471
1,1,1,0.868881,0.868881,0.868881,0.3382352941176471,0.3382352941176471,0.3382352941176471
1,1,2,0.868881,0.868881,0.868881,0.3382352941176471,0.3382352941176471,0.3382352941176471
1,1,2,0.868881,0.868881,0.868881,0.3382352941176471,0.1346153846153845,0.3382352941176471
1,1,2,0.868881,0.868881,0.86224747,0.3382352941176471,0.3382352941176471,0.3478260869565217
1,1,2,0.8657098,0.868881,0.868881,0.5222222222222221,0.3382352941176471,0.3382352941176471
1,1,2,0.85224104,0.868881,0.868881,0.3709677419354839,0.3382352941176471,0.3382352941176471
1,1,2,0.868881,0.868881,0.8307005,0.3382352941176471,0.3382352941176471,0.3174603174603174
1,1,2,0.868881,0.868881,0.868881,0.3382352941176471,0.3382352941176471,0.3382352941176471
1,1,2,0.868881,0.868881,0.868881,0.3382352941176471,0.3382352941176471,0.3382352941176471
1,1,2,0.868881,0.85716975,0.8060132,0.3382352941176471,0.3661971830985915,-0.0416666666666667
1,2,1,0.868881,0.868881,0.868881,0.3382352941176471,0.3382352941176471,0.3382352941176471
1,2,1,0.868881,0.868881,0.868881,0.3382352941176471,0.3382352941176471,0.3382352941176471
1,2,1,0.868881,0.868881,0.868881,0.3382352941176471,0.3382352941176471,0.3382352941176471
1,2,1,0.868881,0.868881,0.868881,0.3382352941176471,0.3382352941176471,0.3382352941176471
1,2,1,0.868881,0.868881,0.80369544,0.1346153846153845,0.3382352941176471,0.6231884057971014
1,2,1,0.8320459,0.868881,0.868881,0.2903225806451612,0.3382352941176471,0.3382352941176471
1,2,1,0.868881,0.868881,0.868881,0.3382352941176471,0.3382352941176471,0.3382352941176471
1,2,1,0.868881,0.868881,0.868881,0.3382352941176471,0.3382352941176471,0.3382352941176471
1,2,1,0.868881,0.84824455,0.868881,0.3382352941176471,0.3943661971830986,0.3382352941176471
1,2,2,0.868881,0.868881,0.868881,0.3382352941176471,0.3382352941176471,0.3382352941176471
1,2,2,0.868881,0.83164144,0.868881,0.1346153846153845,0.1136363636363636,0.3382352941176471
1,2,2,0.868881,0.868881,0.868881,0.3382352941176471,0.3382352941176471,0.3382352941176471
1,2,2,0.868881,0.868881,0.868881,0.3382352941176471,0.3382352941176471,0.3382352941176471
1,2,2,0.868881,0.868881,0.868881,0.3382352941176471,0.3382352941176471,0.3382352941176471
1,2,2,0.868881,0.868881,0.868881,0.3382352941176471,0.3382352941176471,0.3382352941176471
1,2,2,0.868881,0.868881,0.868881,0.3382352941176471,0.3382352941176471,0.3382352941176471
1,2,2,0.868881,0.868881,0.868881,0.3382352941176471,0.3382352941176471,0.3382352941176471
1,2,2,0.868881,0.868881,0.868881,0.3382352941176471,0.3382352941176471,0.3382352941176471
0,0,0,0.89482635,0.89482635,0.89482635,0.326530612244898,0.326530612244898,0.326530612244898
0,0,1,0.89482635,0.89482635,0.89482635,0.326530612244898,0.326530612244898,0.326530612244898
0,0,2,0.89482635,0.89482635,0.89482635,0.326530612244898,0.326530612244898,0.326530612244898
1,1,1,0.89482635,0.89482635,0.89482635,0.326530612244898,0.326530612244898,0.326530612244898
1,1,1,0.89482635,0.89482635,0.89482635,0.326530612244898,0.326530612244898,0.326530612244898
1,1,1,0.89482635,0.89482635,0.89482635,0.326530612244898,0.326530612244898,0.326530612244898
1,1,1,0.89482635,0.89482635,0.89482635,0.326530612244898,0.326530612244898,0.326530612244898
1,1,1,0.89482635,0.89482635,0.89482635,0.326530612244898,0.326530612244898,0.326530612244898
1,1,1,0.8948263,0.8948263,0.8948263,0.326530612244898,0.326530612244898,0.326530612244898
1,1,1,0.8948263,0.8948263,0.8948263,0.326530612244898,0.326530612244898,0.326530612244898
1,1,1,0.8948263,0.8948263,0.8948263,0.326530612244898,0.326530612244898,0.326530612244898
1,1,1,0.81889725,0.7991139,0.8948263,0.2692307692307693,0.3207547169811321,0.326530612244898
1,1,2,0.8948263,0.8948263,0.8948263,0.326530612244898,0.326530612244898,0.326530612244898
1,1,2,0.8948263,0.8948263,0.8948263,0.326530612244898,0.326530612244898,0.326530612244898
1,1,2,0.89482635,0.89482635,0.89482635,0.326530612244898,0.326530612244898,0.326530612244898
1,1,2,0.89482635,0.89482635,0.89482635,0.326530612244898,0.326530612244898,0.326530612244898
1,1,2,0.89482635,0.89482635,0.89482635,0.326530612244898,0.326530612244898,0.326530612244898
1,1,2,0.89482635,0.89482635,0.89482635,0.326530612244898,0.326530612244898,0.326530612244898
1,1,2,0.89482635,0.89482635,0.89482635,0.326530612244898,0.326530612244898,0.326530612244898
1,1,2,0.8476903,0.89482635,0.89482635,0.2448979591836735,0.326530612244898,0.326530612244898
1,1,2,0.89482635,0.89482635,0.8316663,0.326530612244898,0.326530612244898,0.2692307692307693
1,2,1,0.89482635,0.89482635,0.89482635,0.326530612244898,0.326530612244898,0.326530612244898
1,2,1,0.8683297,0.89482635,0.89482635,0.2830188679245283,0.326530612244898,0.326530612244898
1,2,1,0.89482635,0.89482635,0.89482635,0.326530612244898,0.326530612244898,0.326530612244898
1,2,1,0.89482635,0.89482635,0.89482635,0.326530612244898,0.326530612244898,0.326530612244898
1,2,1,0.89482635,0.89482635,0.89482635,0.326530612244898,0.326530612244898,0.326530612244898
1,2,1,0.89482635,0.89482635,0.8960278,0.326530612244898,0.326530612244898,0.3076923076923077
1,2,1,0.89482635,0.89482635,0.8461289,0.326530612244898,0.326530612244898,0.2692307692307693
1,2,1,0.89482635,0.89482635,0.89482635,0.326530612244898,0.326530612244898,0.326530612244898
1,2,1,0.89482635,0.89482635,0.89482635,0.326530612244898,0.326530612244898,0.326530612244898
1,2,2,0.89482635,0.89482635,0.89482635,0.326530612244898,0.326530612244898,0.326530612244898
1,2,2,0.8960278,0.89482635,0.8960278,0.3207547169811321,0.326530612244898,0.3207547169811321
1,2,2,0.89482635,0.89482635,0.89482635,0.326530612244898,0.326530612244898,0.326530612244898
1,2,2,0.8948263,0.8948263,0.8948263,0.326530612244898,0.326530612244898,0.326530612244898
1,2,2,0.89482635,0.89482635,0.89482635,0.326530612244898,0.326530612244898,0.326530612244898
1,2,2,0.89482635,0.89482635,0.89482635,0.326530612244898,0.326530612244898,0.326530612244898
1,2,2,0.89482635,0.89482635,0.89482635,0.326530612244898,0.326530612244898,0.326530612244898
1,2,2,0.89482635,0.89482635,0.89482635,0.326530612244898,0.326530612244898,0.326530612244898
1,2,2,0.89482635,0.89482635,0.89482635,0.326530612244898,0.326530612244898,0.326530612244898
0,0,0,0.9043921,0.9043921,0.9043921,0.5909090909090908,0.5909090909090908,0.5909090909090908
0,0,1,0.90439224,0.90439224,0.90439224,0.5909090909090908,0.5909090909090908,0.5909090909090908
0,0,2,0.90439224,0.90439224,0.90439224,0.5909090909090908,0.5909090909090908,0.5909090909090908
1,1,1,0.90439224,0.90439224,0.90439224,0.5909090909090908,0.5909090909090908,0.5909090909090908
1,1,1,0.90439224,0.90439224,0.90439224,0.5909090909090908,0.5909090909090908,0.5909090909090908
1,1,1,0.90439224,0.9536531,0.90439224,0.5909090909090908,0.603448275862069,0.5909090909090908
1,1,1,0.90439224,0.90439224,0.90439224,0.5909090909090908,0.5909090909090908,0.5909090909090908
1,1,1,0.90439224,0.90439224,0.90439224,0.5909090909090908,0.5909090909090908,0.5909090909090908
1,1,1,0.90439224,0.90439224,0.90439224,0.5909090909090908,0.5909090909090908,0.5909090909090908
1,1,1,0.90439224,0.90439224,0.90439224,0.5909090909090908,0.5909090909090908,0.5909090909090908
1,1,1,0.90439224,0.90439224,0.90439224,0.5909090909090908,0.5909090909090908,0.5909090909090908
1,1,1,0.90453666,0.90439224,0.90439224,0.6,0.5909090909090908,0.5909090909090908
1,1,2,0.90439224,0.90439224,0.90439224,0.5909090909090908,0.5909090909090908,0.5909090909090908
1,1,2,0.90439224,0.90439224,0.90439224,0.5909090909090908,0.5909090909090908,0.5909090909090908
1,1,2,0.90439224,0.90439224,0.90439224,0.5909090909090908,0.5909090909090908,0.5909090909090908
1,1,2,0.90439224,0.90439224,0.90439224,0.5909090909090908,0.5909090909090908,0.5909090909090908
1,1,2,0.90439224,0.90439224,0.90439224,0.5909090909090908,0.5909090909090908,0.5909090909090908
1,1,2,0.90439224,0.90439224,0.90439224,0.5909090909090908,0.5909090909090908,0.5909090909090908
1,1,2,0.90439224,0.90439224,0.90439224,0.5909090909090908,0.5909090909090908,0.5909090909090908
1,1,2,0.90453666,0.90439224,0.90439224,0.6,0.5909090909090908,0.5909090909090908
1,1,2,0.9043921,0.9043921,0.9043921,0.5909090909090908,0.5909090909090908,0.5909090909090908
1,2,1,0.90439224,0.90439224,0.90439224,0.5909090909090908,0.5909090909090908,0.5909090909090908
1,2,1,0.9043921,0.9043921,0.9043921,0.5909090909090908,0.5909090909090908,0.5909090909090908
1,2,1,0.9043921,0.9043921,0.9043921,0.5909090909090908,0.5909090909090908,0.5909090909090908
1,2,1,0.9043921,0.9043921,0.9043921,0.5909090909090908,0.5909090909090908,0.5909090909090908
1,2,1,0.90453666,0.9043921,0.9043921,0.6,0.5909090909090908,0.5909090909090908
1,2,1,0.9043921,0.9043921,0.9043921,0.5909090909090908,0.5909090909090908,0.5909090909090908
1,2,1,0.9043921,0.9043921,0.9043921,0.5909090909090908,0.5909090909090908,0.5909090909090908
1,2,1,0.9043921,0.9043921,0.9043921,0.5909090909090908,0.5909090909090908,0.5909090909090908
1,2,1,0.9043921,0.9043921,0.9043921,0.5909090909090908,0.5909090909090908,0.5909090909090908
1,2,2,0.90453666,0.9043921,0.90453666,0.6,0.5909090909090908,0.6
1,2,2,0.9043921,0.9043921,0.9043921,0.5909090909090908,0.5909090909090908,0.5909090909090908
1,2,2,0.90439224,0.90439224,0.90439224,0.5909090909090908,0.5909090909090908,0.5909090909090908
1,2,2,0.90439224,0.90439224,0.90439224,0.5909090909090908,0.5909090909090908,0.5909090909090908
1,2,2,0.90439224,0.90439224,0.90439224,0.5909090909090908,0.5909090909090908,0.5909090909090908
1,2,2,0.90439224,0.90439224,0.90439224,0.5909090909090908,0.5909090909090908,0.5909090909090908
1,2,2,0.90439224,0.90439224,0.90439224,0.5909090909090908,0.5909090909090908,0.5909090909090908
1,2,2,0.90439224,0.90439224,0.90439224,0.5909090909090908,0.5909090909090908,0.5909090909090908
1,2,2,0.90439224,0.90439224,0.90439224,0.5909090909090908,0.5909090909090908,0.5909090909090908
0,0,0,0.9848181,0.9848181,0.9848181,0.38,0.38,0.38
0,0,1,0.9848181,0.9848181,0.9848181,0.38,0.38,0.38
0,0,2,0.9848181,0.9848181,0.9514598,0.38,0.38,-0.5
1,1,1,0.9848181,0.9848181,0.9848181,0.38,0.38,0.38
1,1,1,0.9848181,0.9848181,0.9848181,0.38,0.38,0.38
1,1,1,0.9848181,0.9848181,0.9848181,0.38,0.38,0.4833333333333333
1,1,1,0.9848181,0.9848181,0.9848181,0.38,0.38,0.4363636363636364
1,1,1,0.9848181,0.9848181,0.9848181,0.38,0.38,0.38
1,1,1,0.9848181,0.9848181,0.9848181,0.38,0.38,0.38
1,1,1,0.9848181,0.9848181,0.9848181,0.38,0.38,0.38
1,1,1,0.9848181,0.9848181,0.9848181,0.38,0.38,0.38
1,1,1,0.9848181,0.9848181,0.9848181,0.38,0.38,0.38
1,1,2,0.9848181,0.9848181,0.9848181,0.38,0.38,0.38
1,1,2,0.9848181,0.9848181,0.9848181,0.38,0.38,0.38
1,1,2,0.9848181,0.9848181,0.9334259,0.38,0.38,-0.1
1,1,2,0.9848181,0.9848181,0.9848181,0.38,0.38,0.38
1,1,2,0.9848181,0.9848181,0.9848181,0.38,0.38,0.38
1,1,2,0.9848181,0.9848181,0.9848181,0.38,0.38,0.38
1,1,2,0.9848181,0.9848181,0.9848181,0.38,0.38,0.38
1,1,2,0.9848181,0.9848181,0.9848181,0.38,0.38,0.4833333333333333
1,1,2,0.9848181,0.9848181,0.9848181,0.38,0.38,0.4363636363636364
1,2,1,0.9848181,0.9848181,0.9848181,0.38,0.38,0.38
1,2,1,0.9848181,0.9848181,0.9848181,0.38,0.38,0.38
1,2,1,0.9848181,0.9848181,0.9848181,0.38,0.38,0.38
1,2,1,0.9848181,0.9848181,0.9837434,0.38,0.38,0.4313725490196078
1,2,1,0.9848181,0.9848181,0.9848181,0.38,0.38,0.38
1,2,1,0.9848181,0.9848181,0.9848181,0.38,0.38,0.38
1,2,1,0.9848181,0.9848181,0.9848181,0.38,0.38,0.38
1,2,1,0.9848181,0.9848181,0.9848181,0.38,0.38,0.38
1,2,1,0.9848181,0.9848181,0.9848181,0.38,0.38,0.38
1,2,2,0.9848181,0.9848181,0.9837434,0.38,0.38,0.4313725490196078
1,2,2,0.9848181,0.9848181,0.9848181,0.38,0.38,0.38
1,2,2,0.9848181,0.9848181,0.9848181,0.38,0.38,0.38
1,2,2,0.9848181,0.9848181,0.9848181,0.38,0.38,0.38
1,2,2,0.9848181,0.9848181,0.9848181,0.38,0.38,0.38
1,2,2,0.9848181,0.9848181,0.9848181,0.38,0.38,0.38
1,2,2,0.9848181,0.9848181,0.9848181,0.38,0.38,0.38
1,2,2,0.9848181,0.9848181,0.9848181,0.38,0.38,0.38
1,2,2,0.9848181,0.9848181,0.9848181,0.38,0.38,0.38
0,0,0,0.89281714,0.89281714,0.89281714,-0.5,-0.5,-0.5
0,0,1,0.89281714,0.89281714,0.89281714,-0.5,-0.5,-0.5
0,0,2,0.89281714,0.89281714,0.89281714,-0.5,-0.5,-0.5
1,1,1,0.89281714,0.89281714,0.89281714,-0.5,-0.5,-0.5
1,1,1,0.89281714,0.89281714,0.9794565,-0.5,-0.5,-0.0833333333333332
1,1,1,0.89281714,0.89281714,0.89281714,-0.5,-0.5,-0.5
1,1,1,0.89281714,0.89281714,0.89281714,-0.5,-0.5,-0.5
1,1,1,0.89281714,0.89281714,0.89281714,-0.5,-0.5,-0.5
1,1,1,0.89281714,0.89281714,0.89281714,-0.5,-0.5,-0.5
1,1,1,0.89281714,0.89281714,0.89281714,-0.5,-0.5,-0.5
1,1,1,0.89281714,0.89281714,0.89281714,-0.5,-0.5,-0.5
1,1,1,0.89281714,0.89281714,0.89281714,-0.5,-0.5,-0.5
1,1,2,0.89281714,0.89281714,0.89281714,-0.5,-0.5,-0.5
1,1,2,0.89281714,0.89281714,0.89281714,-0.5,-0.5,-0.5
1,1,2,0.89281714,0.89281714,0.89281714,-0.5,-0.5,-0.5
1,1,2,0.89281714,0.89281714,0.89281714,-0.5,-0.5,-0.5
1,1,2,0.89281714,0.8657601,0.89281714,-0.5,-0.2222222222222223,-0.5
1,1,2,0.89281714,0.89281714,0.89281714,-0.5,-0.5,-0.5
1,1,2,0.89281714,0.89281714,0.89281714,-0.5,-0.5,-0.5
1,1,2,0.89281714,0.89281714,0.8929105,-0.5,-0.5,-0.5
1,1,2,0.89281714,0.89281714,0.89281714,-0.5,-0.5,-0.5
1,2,1,0.89281714,0.89281714,0.89281714,-0.5,-0.5,-0.5
1,2,1,0.89281714,0.89281714,0.89281714,-0.5,-0.5,-0.5
1,2,1,0.89281714,0.89281714,0.89281714,-0.5,-0.5,-0.5
1,2,1,0.89281714,0.89281714,0.8723731,-0.5,-0.5,-0.0370370370370369
1,2,1,0.89281714,0.89281714,0.89281714,-0.5,-0.5,-0.5
1,2,1,0.89281714,0.89281714,0.89281714,-0.5,-0.5,-0.5
1,2,1,0.89281714,0.89281714,0.89281714,-0.5,-0.5,-0.5
1,2,1,0.89281714,0.89281714,0.89281714,-0.5,-0.5,-0.5
1,2,1,0.89281714,0.89281714,0.89281714,-0.5,-0.5,-0.5
1,2,2,0.89281714,0.89281714,0.89281714,-0.5,-0.5,-0.5
1,2,2,0.89281714,0.89281714,0.89281714,-0.5,-0.5,-0.5
1,2,2,0.89281714,0.89281714,0.89281714,-0.5,-0.5,-0.5
1,2,2,0.89281714,0.89281714,0.89281714,-0.5,-0.5,-0.5
1,2,2,0.89281714,0.89281714,0.8723731,-0.5,-0.5,-0.0370370370370369
1,2,2,0.89281714,0.89281714,0.89281714,-0.5,-0.5,-0.5
1,2,2,0.89281714,0.89281714,0.89281714,-0.5,-0.5,-0.5
1,2,2,0.89281714,0.89281714,0.89281714,-0.5,-0.5,-0.5
1,2,2,0.89281714,0.98138404,0.89281714,-0.5,-0.0714285714285714,-0.5
0,0,0,0.9766162,0.9766162,0.9766162,0.2641509433962264,0.2641509433962264,0.2641509433962264
0,0,1,0.9766162,0.9766162,0.9766162,0.2641509433962264,0.2641509433962264,0.2641509433962264
0,0,2,0.9766162,0.9766162,0.9766162,0.2641509433962264,0.2641509433962264,0.2641509433962264
1,1,1,0.9766162,0.9766162,0.9766162,0.2641509433962264,0.2641509433962264,0.2641509433962264
1,1,1,0.9766162,0.9766162,0.9766162,0.2641509433962264,0.2641509433962264,0.2641509433962264
1,1,1,0.9766162,0.9766162,0.9766162,0.2641509433962264,0.2641509433962264,0.2641509433962264
1,1,1,0.9766162,0.900982,0.9766162,0.2641509433962264,0.1025641025641025,0.2641509433962264
1,1,1,0.9766162,0.9766162,0.9766162,0.2641509433962264,0.2641509433962264,0.2641509433962264
1,1,1,0.9766162,0.9766162,0.9766162,0.2641509433962264,0.2641509433962264,0.2641509433962264
1,1,1,0.9766162,0.9766162,0.9766162,0.2641509433962264,0.2641509433962264,0.2641509433962264
1,1,1,0.9766162,0.9766162,0.9766162,0.2641509433962264,0.2641509433962264,0.2641509433962264
1,1,1,0.9766162,0.9766162,0.9766162,0.2641509433962264,0.2641509433962264,0.360655737704918
1,1,2,0.9766162,0.9766162,0.9766162,0.2641509433962264,0.2641509433962264,0.2641509433962264
1,1,2,0.9766162,0.9766162,0.9766162,0.2641509433962264,0.2641509433962264,0.2641509433962264
1,1,2,0.9766162,0.9766162,0.9766162,0.2641509433962264,0.360655737704918,0.360655737704918
1,1,2,0.9766162,0.9766162,0.9766162,0.2641509433962264,0.2641509433962264,0.2641509433962264
1,1,2,0.9766162,0.9766162,0.9766162,0.2641509433962264,0.2641509433962264,0.2641509433962264
1,1,2,0.9766162,0.9766162,0.9766162,0.2641509433962264,0.2641509433962264,0.360655737704918
1,1,2,0.9766162,0.9766162,0.9028126,0.2641509433962264,0.2641509433962264,0.0
1,1,2,0.9766162,0.9766162,0.9766162,0.2641509433962264,0.2641509433962264,0.2641509433962264
1,1,2,0.9766162,0.9766162,0.9766162,0.2641509433962264,0.2641509433962264,0.2641509433962264
1,2,1,0.9766162,0.97691464,0.9766162,0.2641509433962264,0.2830188679245283,0.2641509433962264
1,2,1,0.9766162,0.9766162,0.9766162,0.2641509433962264,0.2641509433962264,0.2641509433962264
1,2,1,0.9766162,0.9766162,0.9766162,0.2641509433962264,0.2641509433962264,0.2641509433962264
1,2,1,0.9766162,0.9766162,0.9766162,0.2641509433962264,0.2641509433962264,0.2641509433962264
1,2,1,0.9766162,0.9766162,0.9766162,0.2641509433962264,0.360655737704918,0.2641509433962264
1,2,1,0.9766162,0.9766162,0.9766162,0.2641509433962264,0.2641509433962264,0.2641509433962264
1,2,1,0.9766162,0.9766162,0.9766162,0.2641509433962264,0.2641509433962264,0.2641509433962264
1,2,1,0.9766162,0.9766162,0.9766162,0.2641509433962264,0.2641509433962264,0.2641509433962264
1,2,1,0.9105531,0.9766162,0.9766162,0.2407407407407407,0.2641509433962264,0.2641509433962264
1,2,2,0.9766162,0.9766162,0.9766162,0.2641509433962264,0.2641509433962264,0.2641509433962264
1,2,2,0.9766162,0.903772,0.9766162,0.2641509433962264,0.1025641025641025,0.2641509433962264
1,2,2,0.9766162,0.9766162,0.9766162,0.2641509433962264,0.2641509433962264,0.2641509433962264
1,2,2,0.9766162,0.9766162,0.9766162,0.2641509433962264,0.2641509433962264,0.2641509433962264
1,2,2,0.9766162,0.9766162,0.9766162,0.2641509433962264,0.2641509433962264,0.2641509433962264
1,2,2,0.9766162,0.9766162,0.9766162,0.2641509433962264,0.2641509433962264,0.2641509433962264
1,2,2,0.9766162,0.9766162,0.9766162,0.2641509433962264,0.2777777777777778,0.2641509433962264
1,2,2,0.9766162,0.9766162,0.9766162,0.2641509433962264,0.2641509433962264,0.2641509433962264
1,2,2,0.9766162,0.9766162,0.9766162,0.2777777777777778,0.2641509433962264,0.2641509433962264
0,0,0,0.96246994,0.96246994,0.96246994,0.0256410256410256,0.0256410256410256,0.0256410256410256
0,0,1,0.96246994,0.96246994,0.9665067,0.0256410256410256,0.0256410256410256,0.0256410256410256
0,0,2,0.96246994,0.96246994,0.9665067,0.0256410256410256,0.0256410256410256,0.0256410256410256
1,1,1,0.96246994,0.9665067,0.96246994,0.0256410256410256,0.0256410256410256,0.0256410256410256
1,1,1,0.96246994,0.9665067,0.9665067,0.0256410256410256,0.0256410256410256,0.0256410256410256
1,1,1,0.96246994,0.96246994,0.9665067,0.0256410256410256,0.0256410256410256,0.0256410256410256
1,1,1,0.96246994,0.9665067,0.96246994,0.0256410256410256,0.0256410256410256,0.0256410256410256
1,1,1,0.96246994,0.96246994,0.9665067,0.0256410256410256,0.0256410256410256,0.0256410256410256
1,1,1,0.96246994,0.96246994,0.9665067,0.0256410256410256,0.0256410256410256,0.0256410256410256
1,1,1,0.96246994,0.9665067,0.96246994,0.0256410256410256,0.0256410256410256,0.0256410256410256
1,1,1,0.96246994,0.96246994,0.9665067,0.0256410256410256,0.0256410256410256,0.0256410256410256
1,1,1,0.96246994,0.9665067,0.9665067,0.0256410256410256,0.0256410256410256,0.0256410256410256
1,1,2,0.96246994,0.96246994,0.9665067,0.0256410256410256,0.0256410256410256,0.0256410256410256
1,1,2,0.96246994,0.9665067,0.9665067,0.0256410256410256,0.0256410256410256,0.0256410256410256
1,1,2,0.96246994,0.9665067,0.9665067,0.0256410256410256,0.0256410256410256,0.0256410256410256
1,1,2,0.9665067,0.9665067,0.96246994,0.0256410256410256,0.0256410256410256,0.0256410256410256
1,1,2,0.9665067,0.9665067,0.9665067,0.0256410256410256,0.0256410256410256,0.0256410256410256
1,1,2,0.9665067,0.9665067,0.9665067,0.0256410256410256,0.0256410256410256,0.0256410256410256
1,1,2,0.9665067,0.9665067,0.96246994,0.0256410256410256,0.0256410256410256,0.0256410256410256
1,1,2,0.9665067,0.96246994,0.96246994,0.0256410256410256,0.0256410256410256,0.0256410256410256
1,1,2,0.9665067,0.9665067,0.9665067,0.0256410256410256,0.0256410256410256,0.0256410256410256
1,2,1,0.96246994,0.9665067,0.9665067,0.0256410256410256,0.0256410256410256,0.0256410256410256
1,2,1,0.9665067,0.96246994,0.96246994,0.0256410256410256,0.0256410256410256,0.0256410256410256
1,2,1,0.96246994,0.9665067,0.9665067,0.0256410256410256,0.0256410256410256,0.0256410256410256
1,2,1,0.96246994,0.9665067,0.96246994,0.0256410256410256,0.0256410256410256,0.0256410256410256
1,2,1,0.9665067,0.9665067,0.9665067,0.0256410256410256,0.0256410256410256,0.0256410256410256
1,2,1,0.96246994,0.96246994,0.96246994,0.0256410256410256,0.0256410256410256,0.0256410256410256
1,2,1,0.9665067,0.96246994,0.96246994,0.0256410256410256,0.0256410256410256,0.0256410256410256
1,2,1,0.96246994,0.96246994,0.79285884,0.0256410256410256,0.0256410256410256,0.3958333333333333
1,2,1,0.96246994,0.9665067,0.9665067,0.0256410256410256,0.0256410256410256,0.0256410256410256
1,2,2,0.96246994,0.9665067,0.96246994,0.0256410256410256,0.0256410256410256,0.0256410256410256
1,2,2,0.9665067,0.9665067,0.9665067,0.0256410256410256,0.0256410256410256,0.0256410256410256
1,2,2,0.9665067,0.96246994,0.9665067,0.0256410256410256,0.0256410256410256,0.0256410256410256
1,2,2,0.9665067,0.96246994,0.9665067,0.0256410256410256,0.0256410256410256,0.0256410256410256
1,2,2,0.9665067,0.96246994,0.9665067,0.0256410256410256,0.0256410256410256,0.0256410256410256
1,2,2,0.96246994,0.96246994,0.9665067,0.0256410256410256,0.0256410256410256,0.0256410256410256
1,2,2,0.9665067,0.96246994,0.96246994,0.0256410256410256,0.0256410256410256,0.0256410256410256
1,2,2,0.96246994,0.96246994,0.96246994,0.0256410256410256,0.0256410256410256,0.0256410256410256
1,2,2,0.96246994,0.96246994,0.9665067,0.0256410256410256,0.0256410256410256,0.0256410256410256
0,0,0,0.9641968,0.9641968,0.9641968,0.3653846153846154,0.3653846153846154,0.3653846153846154
0,0,1,0.9641968,0.9641968,0.9641968,0.3653846153846154,0.3653846153846154,0.3653846153846154
0,0,2,0.9641968,0.9641968,0.9641968,0.3653846153846154,0.3653846153846154,0.3653846153846154
1,1,1,0.9641968,0.9641968,0.9641968,0.3653846153846154,0.3653846153846154,0.3653846153846154
1,1,1,0.9641968,0.9641968,0.9641968,0.3653846153846154,0.3653846153846154,0.3653846153846154
1,1,1,0.9641968,0.9641968,0.9641968,0.3653846153846154,0.3653846153846154,0.3653846153846154
1,1,1,0.9641968,0.9641968,0.9641968,0.3653846153846154,0.3653846153846154,0.3653846153846154
1,1,1,0.9641968,0.9641968,0.9641968,0.3653846153846154,0.3653846153846154,0.3653846153846154
1,1,1,0.9641968,0.9641968,0.9641968,0.3653846153846154,0.3653846153846154,0.3653846153846154
1,1,1,0.9641968,0.9641968,0.9641968,0.3653846153846154,0.3653846153846154,0.3653846153846154
1,1,1,0.9641968,0.9641968,0.9641968,0.3653846153846154,0.3653846153846154,0.3653846153846154
1,1,1,0.9641968,0.9641968,0.9641968,0.3653846153846154,0.3653846153846154,0.3653846153846154
1,1,2,0.9641968,0.9641968,0.9641968,0.3653846153846154,0.3653846153846154,0.3653846153846154
1,1,2,0.9641968,0.9641968,0.9641968,0.3653846153846154,0.3653846153846154,0.3653846153846154
1,1,2,0.9641968,0.9641968,0.9641968,0.3653846153846154,0.3653846153846154,0.3653846153846154
1,1,2,0.9641968,0.9652646,0.9641968,0.3653846153846154,0.339622641509434,0.3653846153846154
1,1,2,0.9641968,0.9641968,0.9641968,0.3653846153846154,0.3653846153846154,0.3653846153846154
1,1,2,0.9641968,0.9641968,0.9641968,0.3653846153846154,0.3653846153846154,0.3653846153846154
1,1,2,0.9641968,0.9641968,0.9641968,0.3653846153846154,0.3653846153846154,0.3653846153846154
1,1,2,0.9641968,0.9641968,0.9641968,0.3653846153846154,0.3653846153846154,0.3653846153846154
1,1,2,0.9641968,0.9641968,0.9641968,0.3653846153846154,0.3653846153846154,0.3653846153846154
1,2,1,0.9641968,0.9641968,0.9641968,0.3653846153846154,0.3653846153846154,0.3653846153846154
1,2,1,0.9641968,0.9641968,0.9641968,0.3653846153846154,0.3653846153846154,0.3653846153846154
1,2,1,0.9641968,0.9641968,0.9641968,0.3653846153846154,0.3653846153846154,0.3653846153846154
1,2,1,0.9641968,0.9641968,0.9641968,0.3653846153846154,0.3653846153846154,0.3653846153846154
1,2,1,0.9641968,0.9641968,0.9641968,0.3653846153846154,0.3653846153846154,0.3653846153846154
1,2,1,0.9652646,0.9641968,0.9641968,0.339622641509434,0.3653846153846154,0.3653846153846154
1,2,1,0.9641968,0.9641968,0.9641968,0.3653846153846154,0.3653846153846154,0.3653846153846154
1,2,1,0.9641968,0.9641968,0.9641968,0.3653846153846154,0.3653846153846154,0.3653846153846154
1,2,1,0.9641968,0.9641968,0.9641968,0.3653846153846154,0.3653846153846154,0.3653846153846154
1,2,2,0.9641968,0.9641968,0.9641968,0.3653846153846154,0.3653846153846154,0.3653846153846154
1,2,2,0.9641968,0.9641968,0.9641968,0.3653846153846154,0.3653846153846154,0.3653846153846154
1,2,2,0.9641968,0.9641968,0.9641968,0.3653846153846154,0.3653846153846154,0.3653846153846154
1,2,2,0.9641968,0.9641968,0.9641968,0.3653846153846154,0.3653846153846154,0.3653846153846154
1,2,2,0.9641968,0.9641968,0.9641968,0.3653846153846154,0.3653846153846154,0.3653846153846154
1,2,2,0.9641968,0.9641968,0.9641968,0.3653846153846154,0.3653846153846154,0.3653846153846154
1,2,2,0.9641968,0.9641968,0.9641968,0.3653846153846154,0.3653846153846154,0.3653846153846154
1,2,2,0.9641968,0.9641968,0.9641968,0.3653846153846154,0.3653846153846154,0.3653846153846154
1,2,2,0.9641968,0.9641968,0.9641968,0.3653846153846154,0.3653846153846154,0.3653846153846154
0,0,0,0.96727663,0.96727663,0.96727663,0.5441176470588236,0.5441176470588236,0.5441176470588236
0,0,1,0.96727663,0.96727663,0.96727663,0.5441176470588236,0.5441176470588236,0.5441176470588236
0,0,2,0.96727663,0.96727663,0.7908255,0.5441176470588236,0.5441176470588236,0.2894736842105263
1,1,1,0.7908255,0.96727663,0.96727663,0.2894736842105263,0.5441176470588236,0.5441176470588236
1,1,1,0.96727663,0.96727663,0.96727663,0.5441176470588236,0.5441176470588236,0.5441176470588236
1,1,1,0.96727663,0.96727663,0.7908255,0.5441176470588236,0.5441176470588236,0.2894736842105263
1,1,1,0.96727663,0.96727663,0.96727663,0.5441176470588236,0.5441176470588236,0.5441176470588236
1,1,1,0.96727663,0.96727663,0.96727663,0.5441176470588236,0.5441176470588236,0.5441176470588236
1,1,1,0.96727663,0.96727663,0.96727663,0.5441176470588236,0.5441176470588236,0.5441176470588236
1,1,1,0.96727663,0.96727663,0.96727663,0.5441176470588236,0.5441176470588236,0.5441176470588236
1,1,1,0.96727663,0.96727663,0.96727663,0.5441176470588236,0.5441176470588236,0.5441176470588236
1,1,1,0.96727663,0.96727663,0.96727663,0.5441176470588236,0.5441176470588236,0.5441176470588236
1,1,2,0.96727663,0.96727663,0.91450197,0.5441176470588236,0.5441176470588236,-0.1
1,1,2,0.96727663,0.96727663,0.96727663,0.5441176470588236,0.5441176470588236,0.5441176470588236
1,1,2,0.96727663,0.96727663,0.96727663,0.5441176470588236,0.5441176470588236,0.5441176470588236
1,1,2,0.96727663,0.96727663,0.96727663,0.5441176470588236,0.5441176470588236,0.5441176470588236
1,1,2,0.96727663,0.96727663,0.96727663,0.5441176470588236,0.5441176470588236,0.5441176470588236
1,1,2,0.96727663,0.96727663,0.96727663,0.5441176470588236,0.5441176470588236,0.5441176470588236
1,1,2,0.91450197,0.96727663,0.96727663,-0.1,0.5441176470588236,0.5441176470588236
1,1,2,0.96727663,0.96727663,0.96727663,0.5441176470588236,0.5441176470588236,0.5441176470588236
1,1,2,0.96727663,0.96727663,0.96727663,0.5441176470588236,0.5441176470588236,0.5441176470588236
1,2,1,0.96727663,0.96727663,0.96727663,0.5441176470588236,0.5441176470588236,0.5441176470588236
1,2,1,0.91450197,0.96727663,0.96727663,-0.1,0.5441176470588236,0.5441176470588236
1,2,1,0.96727663,0.96727663,0.96727663,0.5441176470588236,0.5441176470588236,0.5441176470588236
1,2,1,0.96727663,0.96727663,0.91450197,0.5441176470588236,0.5441176470588236,-0.1
1,2,1,0.96727663,0.96727663,0.96727663,0.5441176470588236,0.5441176470588236,0.5441176470588236
1,2,1,0.96727663,0.96727663,0.96727663,0.5441176470588236,0.5441176470588236,0.5441176470588236
1,2,1,0.96727663,0.96727663,0.96727663,0.5441176470588236,0.5441176470588236,0.5441176470588236
1,2,1,0.96727663,0.96727663,0.96727663,0.5441176470588236,0.5441176470588236,0.5441176470588236
1,2,1,0.96727663,0.96727663,0.96727663,0.5441176470588236,0.5441176470588236,0.5441176470588236
1,2,2,0.96727663,0.96727663,0.96727663,0.5441176470588236,0.5441176470588236,0.5441176470588236
1,2,2,0.96727663,0.96727663,0.7908255,0.5441176470588236,0.5441176470588236,0.2894736842105263
1,2,2,0.96727663,0.96727663,0.96727663,0.5441176470588236,0.5441176470588236,0.5441176470588236
1,2,2,0.96727663,0.96727663,0.91450197,0.5441176470588236,0.5441176470588236,-0.1
1,2,2,0.96727663,0.96727663,0.7908255,0.5441176470588236,0.5441176470588236,0.2894736842105263
1,2,2,0.96727663,0.96727663,0.66322637,0.5441176470588236,0.5441176470588236,0.4285714285714286
1,2,2,0.96727663,0.96727663,0.96727663,0.5441176470588236,0.5441176470588236,0.5441176470588236
1,2,2,0.96727663,0.9404267,0.96727663,0.5441176470588236,-0.0714285714285714,0.5441176470588236
1,2,2,0.96727663,0.96727663,0.96727663,0.5441176470588236,0.5441176470588236,0.5441176470588236
0,0,0,0.98356134,0.98356134,0.98356134,0.1463414634146341,0.1463414634146341,0.1463414634146341
0,0,1,0.98356134,0.98356134,0.98356134,0.1463414634146341,0.1463414634146341,0.1463414634146341
0,0,2,0.98356134,0.98356134,0.98356134,0.1463414634146341,0.1463414634146341,0.1463414634146341
1,1,1,0.98356134,0.98356134,0.98356134,0.1463414634146341,0.1463414634146341,0.1463414634146341
1,1,1,0.98356134,0.98356134,0.98356134,0.1463414634146341,0.1463414634146341,0.1463414634146341
1,1,1,0.98356134,0.98356134,0.98356134,0.1463414634146341,0.1463414634146341,0.1463414634146341
1,1,1,0.98356134,0.98356134,0.98356134,0.1463414634146341,0.1463414634146341,0.1463414634146341
1,1,1,0.98356134,0.98356134,0.98356134,0.1463414634146341,0.1463414634146341,0.1463414634146341
1,1,1,0.98356134,0.98356134,0.98356134,0.1463414634146341,0.1463414634146341,0.1463414634146341
1,1,1,0.98356134,0.98356134,0.98356134,0.1463414634146341,0.1463414634146341,0.1463414634146341
1,1,1,0.98356134,0.98356134,0.98356134,0.1463414634146341,0.1463414634146341,0.1463414634146341
1,1,1,0.98356134,0.98356134,0.98356134,0.1463414634146341,0.1463414634146341,0.1463414634146341
1,1,2,0.98356134,0.98356134,0.98356134,0.1463414634146341,0.1463414634146341,0.1463414634146341
1,1,2,0.98356134,0.98356134,0.98356134,0.1463414634146341,0.1463414634146341,0.1463414634146341
1,1,2,0.98356134,0.98356134,0.98356134,0.1463414634146341,0.1463414634146341,0.1463414634146341
1,1,2,0.98356134,0.98356134,0.98356134,0.1463414634146341,0.1463414634146341,0.1463414634146341
1,1,2,0.98356134,0.98356134,0.98356134,0.1463414634146341,0.1463414634146341,0.1463414634146341
1,1,2,0.98356134,0.98356134,0.98356134,0.1463414634146341,0.1463414634146341,0.1463414634146341
1,1,2,0.98356134,0.98356134,0.98356134,0.1463414634146341,0.1463414634146341,0.1463414634146341
1,1,2,0.98356134,0.98356134,0.98356134,0.1463414634146341,0.1463414634146341,0.1463414634146341
1,1,2,0.98356134,0.98356134,0.98356134,0.1463414634146341,0.1463414634146341,0.1463414634146341
1,2,1,0.98356134,0.98356134,0.98356134,0.1463414634146341,0.1463414634146341,0.1463414634146341
1,2,1,0.98356134,0.98356134,0.98356134,0.1463414634146341,0.1463414634146341,0.1463414634146341
1,2,1,0.98356134,0.98356134,0.98356134,0.1463414634146341,0.1463414634146341,0.1463414634146341
1,2,1,0.98356134,0.98356134,0.98356134,0.1463414634146341,0.1463414634146341,0.1463414634146341
1,2,1,0.98356134,0.98356134,0.98356134,0.1463414634146341,0.1463414634146341,0.1463414634146341
1,2,1,0.98356134,0.98356134,0.98356134,0.1463414634146341,0.1463414634146341,0.1463414634146341
1,2,1,0.98356134,0.98356134,0.98356134,0.1463414634146341,0.1463414634146341,0.1463414634146341
1,2,1,0.98356134,0.8483349,0.98356134,0.1463414634146341,-0.0555555555555555,0.1463414634146341
1,2,1,0.98356134,0.98356134,0.98356134,0.1463414634146341,0.1463414634146341,0.1463414634146341
1,2,2,0.98356134,0.98356134,0.98356134,0.1463414634146341,0.1463414634146341,0.1463414634146341
1,2,2,0.98356134,0.98356134,0.98356134,0.1463414634146341,0.1463414634146341,0.1463414634146341
1,2,2,0.98356134,0.98356134,0.98356134,0.1463414634146341,0.1463414634146341,0.1463414634146341
1,2,2,0.98356134,0.98356134,0.98356134,0.1463414634146341,0.1463414634146341,0.1463414634146341
1,2,2,0.98356134,0.98356134,0.98356134,0.1463414634146341,0.1463414634146341,0.1463414634146341
1,2,2,0.98356134,0.98356134,0.98356134,0.1463414634146341,0.1463414634146341,0.1463414634146341
1,2,2,0.98356134,0.98356134,0.98356134,0.1463414634146341,0.1463414634146341,0.1463414634146341
1,2,2,0.98356134,0.98356134,0.98356134,0.1463414634146341,0.1463414634146341,0.1463414634146341
1,2,2,0.98356134,0.98356134,0.98356134,0.1463414634146341,0.1463414634146341,0.1463414634146341
0,0,0,0.8631934,0.8631934,0.86910737,0.6842105263157895,0.6842105263157895,0.6422018348623852
0,0,1,0.8631934,0.8631934,0.74400526,0.6842105263157895,0.6842105263157895,0.4444444444444444
0,0,2,0.8631934,0.86644304,0.75024223,0.6842105263157895,0.3823529411764705,0.3793103448275862
1,1,1,0.7818701,0.6067693,0.59208935,0.7153846153846154,0.6864406779661016,0.6491228070175439
1,1,1,0.8431561,0.839036,0.501232,0.7045454545454546,0.4428571428571428,0.6942148760330579
1,1,1,0.7641804,0.74715835,0.51932573,0.7109375,0.5595238095238095,0.4029850746268657
1,1,1,0.8631934,0.7402291,0.6856494,0.6842105263157895,0.4647887323943662,0.6486486486486487
1,1,1,0.8431561,0.7448054,0.74560595,0.7022900763358779,0.6946564885496183,0.6880733944954128
1,1,1,0.81177974,0.8431561,0.7156398,0.685483870967742,0.5979381443298969,0.5222222222222221
1,1,1,0.8273967,0.72538245,0.38983643,0.6020408163265306,0.7099236641221374,0.788135593220339
1,1,1,0.7422372,0.8431561,0.51621115,0.7099236641221374,0.7022900763358779,0.6637931034482758
1,1,1,0.8219642,0.7505387,0.8273967,0.4647887323943662,0.696,0.6213592233009708
1,1,2,0.83777416,0.83596957,0.3335502,0.4878048780487805,0.7045454545454546,0.7213114754098361
1,1,2,0.8431561,0.8524314,0.5513135,0.7067669172932332,0.5684210526315789,0.6639344262295082
1,1,2,0.83796453,0.83796453,0.57045543,0.7045454545454546,0.7045454545454546,0.5957446808510638
1,1,2,0.7147943,0.7147943,0.73647,0.7099236641221374,0.7099236641221374,0.5061728395061729
1,1,2,0.6067693,0.7923652,0.59688246,0.6754385964912281,0.7,0.6082474226804124
1,1,2,0.59687984,0.83796453,0.7343581,0.6896551724137931,0.7022900763358779,0.6581196581196581
1,1,2,0.8067626,0.72404903,0.8540555,0.7022900763358779,0.6585365853658536,0.6875
1,1,2,0.8431561,0.7442155,0.6541294,0.4428571428571428,0.7022900763358779,0.452054794520548
1,1,2,0.8273967,0.77708066,0.68226117,0.7022900763358779,0.7175572519083969,0.6082474226804124
1,2,1,0.8213166,0.8204365,0.794881,0.7022900763358779,0.7022900763358779,0.575
1,2,1,0.852275,0.83796453,0.7227297,0.6082474226804124,0.59375,0.6581196581196581
1,2,1,0.87222993,0.8167771,0.70534843,0.696969696969697,0.5465116279069768,0.6146788990825688
1,2,1,0.85670537,0.8184501,0.7169303,0.6870229007633588,0.688,0.6666666666666667
1,2,1,0.83796453,0.8383,0.7056828,0.4507042253521126,0.6870229007633588,0.5824175824175823
1,2,1,0.7717726,0.83796453,0.7299308,0.688,0.7045454545454546,0.734375
1,2,1,0.7887671,0.7887671,0.49924517,0.5806451612903225,0.5411764705882354,0.6132075471698113
1,2,1,0.7673334,0.7981912,0.5201745,0.6799999999999999,0.6875,0.6347826086956522
1,2,1,0.83596957,0.8273967,0.7751368,0.5894736842105264,0.6020408163265306,0.7054263565891472
1,2,2,0.8631934,0.83596957,0.63781893,0.6842105263157895,0.7045454545454546,0.6326530612244898
1,2,2,0.788187,0.73112166,0.64376736,0.7022900763358779,0.4634146341463414,0.5342465753424658
1,2,2,0.8273967,0.8187511,0.7339677,0.5979381443298969,0.688,0.5824175824175823
1,2,2,0.5537754,0.83546805,0.4996846,0.6407766990291262,0.696969696969697,0.5434782608695652
1,2,2,0.8273967,0.82034886,0.5168884,0.5465116279069768,0.59375,0.5657894736842105
1,2,2,0.80034244,0.80034244,0.518793,0.7022900763358779,0.7022900763358779,0.6833333333333333
1,2,2,0.80208147,0.8298559,0.6427822,0.4507042253521126,0.7,0.6578947368421053
1,2,2,0.83260924,0.8631934,0.7347144,0.688,0.6842105263157895,0.5294117647058824
1,2,2,0.85653675,0.824057,0.75085,0.6870229007633588,0.688,0.6771653543307087
0,0,0,0.65263796,0.65263796,0.65263796,0.703125,0.703125,0.703125
0,0,1,0.65263796,0.8069085,0.8099346,0.703125,0.6640625,0.5595238095238095
0,0,2,0.65263796,0.65263796,0.65263796,0.703125,0.703125,0.703125
1,1,1,0.65263796,0.8184244,0.65263796,0.703125,0.7322834645669292,0.703125
1,1,1,0.7713449,0.7713449,0.65263796,0.6719999999999999,0.6719999999999999,0.703125
1,1,1,0.65263796,0.7037084,0.65263796,0.703125,0.6788990825688073,0.703125
1,1,1,0.65263796,0.65263796,0.65263796,0.696,0.703125,0.703125
1,1,1,0.65263796,0.8069085,0.65263796,0.703125,0.656,0.703125
1,1,1,0.65263796,0.65263796,0.65263796,0.703125,0.703125,0.703125
1,1,1,0.65263796,0.65263796,0.754529,0.703125,0.703125,0.675
1,1,1,0.65263796,0.65263796,0.7713449,0.703125,0.703125,0.6719999999999999
1,1,1,0.65263796,0.65263796,0.67290425,0.703125,0.703125,0.6869565217391305
1,1,2,0.82132435,0.81979287,0.81979287,0.728,0.72,0.7244094488188977
1,1,2,0.81979287,0.77111816,0.65263796,0.7244094488188977,0.712,0.703125
1,1,2,0.7666703,0.65263796,0.68266577,0.625,0.703125,0.6355140186915889
1,1,2,0.65263796,0.65263796,0.7342316,0.703125,0.703125,0.5961538461538461
1,1,2,0.65263796,0.82132435,0.754529,0.703125,0.728,0.6422018348623852
1,1,2,0.65263796,0.8069085,0.7559635,0.703125,0.6640625,0.6774193548387097
1,1,2,0.65263796,0.65263796,0.65263796,0.703125,0.703125,0.703125
1,1,2,0.65263796,0.67516094,0.7195958,0.703125,0.6756756756756757,0.6693548387096775
1,1,2,0.65263796,0.65263796,0.7920262,0.696,0.703125,0.6574074074074074
1,2,1,0.65263796,0.7185812,0.65263796,0.703125,0.6746031746031746,0.703125
1,2,1,0.754529,0.65263796,0.8332158,0.6929133858267716,0.703125,0.6272727272727272
1,2,1,0.81979287,0.8148027,0.81979287,0.7222222222222222,0.746031746031746,0.7222222222222222
1,2,1,0.81981623,0.65263796,0.8021977,0.7222222222222222,0.703125,0.5869565217391304
1,2,1,0.75361884,0.754529,0.65263796,0.6639999999999999,0.685483870967742,0.703125
1,2,1,0.80350006,0.80350006,0.65263796,0.7142857142857143,0.7142857142857143,0.703125
1,2,1,0.65263796,0.65263796,0.65263796,0.703125,0.703125,0.703125
1,2,1,0.65263796,0.6534099,0.65263796,0.703125,0.6759259259259259,0.703125
1,2,1,0.65263796,0.65263796,0.7077444,0.703125,0.703125,0.688
1,2,2,0.65263796,0.65263796,0.76840764,0.703125,0.703125,0.6639344262295082
1,2,2,0.6711166,0.70700675,0.8082862,0.746031746031746,0.6727272727272727,0.7142857142857143
1,2,2,0.81981623,0.8000022,0.8000022,0.7222222222222222,0.7142857142857143,0.7142857142857143
1,2,2,0.64714986,0.8069085,0.65263796,0.7142857142857143,0.6640625,0.703125
1,2,2,0.81979287,0.76862866,0.65263796,0.7222222222222222,0.625,0.703125
1,2,2,0.81979287,0.81979287,0.65263796,0.7244094488188977,0.7222222222222222,0.703125
1,2,2,0.619544,0.65263796,0.65263796,0.753968253968254,0.696,0.703125
1,2,2,0.65263796,0.815809,0.65263796,0.703125,0.6614173228346456,0.703125
1,2,2,0.65263796,0.65263796,0.68927014,0.703125,0.703125,0.6363636363636364
0,0,0,0.7184012,0.7184012,0.7184012,0.4788732394366197,0.6942148760330579,0.5978260869565217
0,0,1,0.7184012,0.7184012,0.7184012,0.6942148760330579,0.5978260869565217,0.6942148760330579
0,0,2,0.7184012,0.7093277,0.7139853,0.4861111111111111,0.3404255319148936,0.3404255319148936
1,1,1,0.7184012,0.7184012,0.7093277,0.4788732394366197,0.6942148760330579,0.3404255319148936
1,1,1,0.70532775,0.7184012,0.7184012,0.6063829787234043,0.6942148760330579,0.6942148760330579
1,1,1,0.7184012,0.7087463,0.7184012,0.5978260869565217,0.5068493150684932,0.6942148760330579
1,1,1,0.7184012,0.7184012,0.7184012,0.6942148760330579,0.4861111111111111,0.6942148760330579
1,1,1,0.71426445,0.7184012,0.7184012,0.6063829787234043,0.6942148760330579,0.6942148760330579
1,1,1,0.7184012,0.70977587,0.70783675,0.6942148760330579,0.7047619047619047,0.6833333333333333
1,1,1,0.7184012,0.7184012,0.7184012,0.6942148760330579,0.6942148760330579,0.6942148760330579
1,1,1,0.7184012,0.7184012,0.71426445,0.6942148760330579,0.6942148760330579,0.6890756302521008
1,1,1,0.7184012,0.7184012,0.7184012,0.6942148760330579,0.5978260869565217,0.6942148760330579
1,1,2,0.7184012,0.7184012,0.7184012,0.5978260869565217,0.6942148760330579,0.6916666666666667
1,1,2,0.7184012,0.7184012,0.7022609,0.6942148760330579,0.6942148760330579,0.6890756302521008
1,1,2,0.7184012,0.7184012,0.7184012,0.6942148760330579,0.6942148760330579,0.6942148760330579
1,1,2,0.7184012,0.7139853,0.7184012,0.6942148760330579,0.6075949367088608,0.6942148760330579
1,1,2,0.7184012,0.7184012,0.7184012,0.6942148760330579,0.4788732394366197,0.6942148760330579
1,1,2,0.7184012,0.72577137,0.7184012,0.6942148760330579,0.6916666666666667,0.4788732394366197
1,1,2,0.70226085,0.71398526,0.7078366,0.6574074074074074,0.3404255319148936,0.6833333333333333
1,1,2,0.7184012,0.7184012,0.70113707,0.5978260869565217,0.6942148760330579,0.5465116279069768
1,1,2,0.7184012,0.7184012,0.7184012,0.6942148760330579,0.5978260869565217,0.6942148760330579
1,2,1,0.7184012,0.7184012,0.7184012,0.6942148760330579,0.6942148760330579,0.6942148760330579
1,2,1,0.7184012,0.7184012,0.7184012,0.6942148760330579,0.6942148760330579,0.6942148760330579
1,2,1,0.7184012,0.7184012,0.7184012,0.6942148760330579,0.6942148760330579,0.6942148760330579
1,2,1,0.7184012,0.7184012,0.72577137,0.6942148760330579,0.5978260869565217,0.5978260869565217
1,2,1,0.7184012,0.7184012,0.7184012,0.6942148760330579,0.6942148760330579,0.6942148760330579
1,2,1,0.71398526,0.7184012,0.7184012,0.3260869565217391,0.6942148760330579,0.6942148760330579
1,2,1,0.7184012,0.7184012,0.7184012,0.6942148760330579,0.6942148760330579,0.5
1,2,1,0.7184012,0.7184012,0.7184012,0.6942148760330579,0.6942148760330579,0.6942148760330579
1,2,1,0.7184012,0.71398526,0.7184012,0.5978260869565217,0.3260869565217391,0.5978260869565217
1,2,2,0.7184012,0.7184012,0.7184012,0.6942148760330579,0.6942148760330579,0.6942148760330579
1,2,2,0.7184012,0.7184012,0.7184012,0.6942148760330579,0.6942148760330579,0.4861111111111111
1,2,2,0.7184012,0.7184012,0.7184012,0.6942148760330579,0.6942148760330579,0.6942148760330579
1,2,2,0.7184012,0.7184012,0.7184012,0.6942148760330579,0.6942148760330579,0.5978260869565217
1,2,2,0.7184012,0.7184012,0.7184012,0.6942148760330579,0.6942148760330579,0.6864406779661016
1,2,2,0.7093277,0.7184012,0.7184012,0.3404255319148936,0.6942148760330579,0.6942148760330579
1,2,2,0.7184012,0.7184012,0.7184012,0.6942148760330579,0.6942148760330579,0.6942148760330579
1,2,2,0.7184012,0.7184012,0.7184012,0.4788732394366197,0.6021505376344086,0.6942148760330579
1,2,2,0.7184012,0.7184012,0.7184012,0.6942148760330579,0.6942148760330579,0.6942148760330579
0,0,0,0.90019226,0.90019226,0.90019226,0.196078431372549,0.196078431372549,0.196078431372549
0,0,1,0.90019226,0.90019226,0.90019226,0.196078431372549,0.196078431372549,0.196078431372549
0,0,2,0.90019226,0.90019226,0.90019226,0.196078431372549,0.196078431372549,0.196078431372549
1,1,1,0.64348525,0.90019226,0.90019226,0.2424242424242424,0.196078431372549,0.196078431372549
1,1,1,0.90019226,0.90019226,0.90019226,0.196078431372549,0.196078431372549,0.196078431372549
1,1,1,0.90019226,0.90019226,0.90019226,0.196078431372549,0.196078431372549,0.196078431372549
1,1,1,0.90019226,0.90019226,0.90019226,0.196078431372549,0.196078431372549,0.196078431372549
1,1,1,0.90019226,0.90019226,0.90019226,0.196078431372549,0.196078431372549,0.196078431372549
1,1,1,0.90019226,0.90019226,0.90019226,0.196078431372549,0.196078431372549,0.196078431372549
1,1,1,0.90019226,0.90019226,0.90019226,0.196078431372549,0.196078431372549,0.196078431372549
1,1,1,0.90019226,0.6810334,0.90019226,0.196078431372549,0.2424242424242424,0.196078431372549
1,1,1,0.90019226,0.90019226,0.90019226,0.196078431372549,0.196078431372549,0.196078431372549
1,1,2,0.90019226,0.90019226,0.90019226,0.196078431372549,0.196078431372549,0.196078431372549
1,1,2,0.90019226,0.79491067,0.90019226,0.196078431372549,0.1515151515151515,0.196078431372549
1,1,2,0.90019226,0.90019226,0.90019226,0.196078431372549,0.196078431372549,0.196078431372549
1,1,2,0.90019226,0.90019226,0.90019226,0.196078431372549,0.196078431372549,0.196078431372549
1,1,2,0.90019226,0.73933166,0.90019226,0.196078431372549,0.1142857142857143,0.196078431372549
1,1,2,0.90019226,0.90019226,0.90019226,0.196078431372549,0.196078431372549,0.196078431372549
1,1,2,0.90019226,0.90019226,0.90019226,0.196078431372549,0.196078431372549,0.196078431372549
1,1,2,0.90019226,0.90019226,0.90019226,0.196078431372549,0.196078431372549,0.196078431372549
1,1,2,0.90019226,0.90019226,0.90019226,0.196078431372549,0.196078431372549,0.196078431372549
1,2,1,0.90019226,0.90019226,0.90019226,0.196078431372549,0.196078431372549,0.196078431372549
1,2,1,0.90019226,0.90019226,0.90019226,0.196078431372549,0.196078431372549,0.196078431372549
1,2,1,0.8660201,0.90019226,0.90019226,0.3392857142857143,0.196078431372549,0.196078431372549
1,2,1,0.90019226,0.90019226,0.90019226,0.196078431372549,0.196078431372549,0.196078431372549
1,2,1,0.90019226,0.90019226,0.90019226,0.196078431372549,0.196078431372549,0.196078431372549
1,2,1,0.90019226,0.90019226,0.90019226,0.196078431372549,0.196078431372549,0.196078431372549
1,2,1,0.90019226,0.90019226,0.90019226,0.196078431372549,0.196078431372549,0.196078431372549
1,2,1,0.90019226,0.90019226,0.90019226,0.196078431372549,0.196078431372549,0.196078431372549
1,2,1,0.90019226,0.90019226,0.90019226,0.196078431372549,0.196078431372549,0.196078431372549
1,2,2,0.90019226,0.90019226,0.90019226,0.196078431372549,0.196078431372549,0.196078431372549
1,2,2,0.90019226,0.90019226,0.90019226,0.196078431372549,0.196078431372549,0.196078431372549
1,2,2,0.90019226,0.90019226,0.90019226,0.196078431372549,0.196078431372549,0.196078431372549
1,2,2,0.90019226,0.90019226,0.8869083,0.196078431372549,0.196078431372549,0.2156862745098039
1,2,2,0.90019226,0.90019226,0.90019226,0.196078431372549,0.196078431372549,0.196078431372549
1,2,2,0.90019226,0.90019226,0.90019226,0.196078431372549,0.196078431372549,0.196078431372549
1,2,2,0.90019226,0.90019226,0.90019226,0.196078431372549,0.196078431372549,0.196078431372549
1,2,2,0.90019226,0.90019226,0.90019226,0.196078431372549,0.196078431372549,0.196078431372549
1,2,2,0.90019226,0.90019226,0.90019226,0.196078431372549,0.196078431372549,0.196078431372549
0,0,0,0.8198538,0.8198538,0.8198538,0.6719999999999999,0.6719999999999999,0.6719999999999999
0,0,1,0.8198538,0.8214092,0.8198538,0.6719999999999999,0.685483870967742,0.6719999999999999
0,0,2,0.84741473,0.8198538,0.8214092,0.6666666666666667,0.6719999999999999,0.685483870967742
1,1,1,0.8198538,0.875641,0.8198538,0.6693548387096775,0.4117647058823529,0.6719999999999999
1,1,1,0.84741473,0.8198538,0.8214092,0.6666666666666667,0.6719999999999999,0.685483870967742
1,1,1,0.8214092,0.8214092,0.8214092,0.685483870967742,0.685483870967742,0.685483870967742
1,1,1,0.8794299,0.832218,0.8214092,0.6829268292682926,0.3676470588235294,0.685483870967742
1,1,1,0.8198538,0.8214092,0.8198538,0.6639344262295082,0.685483870967742,0.6719999999999999
1,1,1,0.8198538,0.8065344,0.8214092,0.6719999999999999,0.7642276422764227,0.685483870967742
1,1,1,0.8214092,0.8214092,0.83029675,0.685483870967742,0.685483870967742,0.4264705882352941
1,1,1,0.8214092,0.8214092,0.8198538,0.685483870967742,0.6138613861386139,0.6693548387096775
1,1,1,0.8219713,0.8214092,0.8214092,0.6039603960396039,0.6138613861386139,0.685483870967742
1,1,2,0.8198538,0.832218,0.8214092,0.6693548387096775,0.3676470588235294,0.685483870967742
1,1,2,0.84741473,0.74312365,0.8214092,0.6666666666666667,0.5,0.685483870967742
1,1,2,0.8192713,0.84741473,0.84741473,0.6719999999999999,0.6666666666666667,0.6666666666666667
1,1,2,0.8198538,0.8198538,0.8214092,0.6693548387096775,0.6693548387096775,0.685483870967742
1,1,2,0.84741473,0.6408942,0.8668148,0.6666666666666667,0.7073170731707317,0.6721311475409837
1,1,2,0.8214092,0.832218,0.875641,0.685483870967742,0.3676470588235294,0.4117647058823529
1,1,2,0.8198538,0.8214092,0.875641,0.6719999999999999,0.685483870967742,0.4117647058823529
1,1,2,0.8214092,0.8214092,0.74575436,0.685483870967742,0.685483870967742,0.7083333333333333
1,1,2,0.8214092,0.8198538,0.8214092,0.685483870967742,0.6693548387096775,0.685483870967742
1,2,1,0.84741473,0.832218,0.84741473,0.6666666666666667,0.3676470588235294,0.6666666666666667
1,2,1,0.8198538,0.8743348,0.8214092,0.6693548387096775,0.6991869918699187,0.685483870967742
1,2,1,0.84741473,0.8095371,0.8214092,0.6666666666666667,0.6210526315789473,0.685483870967742
1,2,1,0.8198538,0.8214092,0.84741473,0.6693548387096775,0.685483870967742,0.6666666666666667
1,2,1,0.8214092,0.83029675,0.8198538,0.685483870967742,0.4264705882352941,0.6719999999999999
1,2,1,0.8668148,0.84741473,0.84741473,0.6721311475409837,0.6666666666666667,0.6666666666666667
1,2,1,0.8668148,0.832218,0.8198538,0.6721311475409837,0.3676470588235294,0.6693548387096775
1,2,1,0.8192713,0.8198538,0.832218,0.6639344262295082,0.6639344262295082,0.3676470588235294
1,2,1,0.8198538,0.8214092,0.87985206,0.6719999999999999,0.685483870967742,0.6666666666666667
1,2,2,0.8198538,0.8214092,0.8214092,0.6719999999999999,0.685483870967742,0.685483870967742
1,2,2,0.875641,0.875641,0.8214092,0.5698924731182795,0.4117647058823529,0.685483870967742
1,2,2,0.8198538,0.8095371,0.8198538,0.6693548387096775,0.6470588235294117,0.6719999999999999
1,2,2,0.8198538,0.8214092,0.875641,0.6719999999999999,0.685483870967742,0.4117647058823529
1,2,2,0.8214092,0.832218,0.8214092,0.685483870967742,0.3676470588235294,0.685483870967742
1,2,2,0.8198538,0.84741473,0.8214092,0.6693548387096775,0.6666666666666667,0.685483870967742
1,2,2,0.8668148,0.875641,0.84741473,0.6721311475409837,0.4117647058823529,0.6611570247933884
1,2,2,0.84741473,0.9067967,0.832218,0.6666666666666667,0.6176470588235294,0.3676470588235294
1,2,2,0.8214092,0.8095371,0.8198538,0.685483870967742,0.6129032258064516,0.6719999999999999
0,0,0,0.77312845,0.701284,0.6784083,0.6942148760330579,0.6890756302521008,0.6916666666666667
0,0,1,0.701284,0.701284,0.6784083,0.6890756302521008,0.6890756302521008,0.6864406779661016
0,0,2,0.68164444,0.701284,0.70365036,0.6890756302521008,0.6890756302521008,0.6890756302521008
1,1,1,0.77312845,0.84081304,0.701284,0.6890756302521008,0.6470588235294117,0.6890756302521008
1,1,1,0.701284,0.69629276,0.78156537,0.6890756302521008,0.6638655462184874,0.6890756302521008
1,1,1,0.84081304,0.701284,0.84081304,0.6470588235294117,0.6890756302521008,0.6470588235294117
1,1,1,0.701284,0.8390962,0.77312845,0.6890756302521008,0.6470588235294117,0.6890756302521008
1,1,1,0.70365036,0.6784083,0.70365036,0.6890756302521008,0.6864406779661016,0.6890756302521008
1,1,1,0.84081304,0.6784083,0.69629276,0.6470588235294117,0.6890756302521008,0.6610169491525424
1,1,1,0.6784083,0.701284,0.84081304,0.6916666666666667,0.6890756302521008,0.6470588235294117
1,1,1,0.701284,0.84081304,0.84081304,0.6890756302521008,0.6470588235294117,0.6470588235294117
1,1,1,0.6784083,0.84081304,0.77312845,0.6890756302521008,0.6470588235294117,0.6890756302521008
1,1,2,0.84081304,0.69629276,0.78156537,0.6470588235294117,0.6610169491525424,0.6890756302521008
1,1,2,0.701284,0.701284,0.84081304,0.6890756302521008,0.6890756302521008,0.6470588235294117
1,1,2,0.69629276,0.78156537,0.701284,0.6610169491525424,0.6890756302521008,0.6890756302521008
1,1,2,0.6784083,0.701284,0.701284,0.6864406779661016,0.6890756302521008,0.6890756302521008
1,1,2,0.701284,0.6948048,0.78156537,0.6890756302521008,0.6666666666666667,0.6890756302521008
1,1,2,0.84081304,0.84081304,0.84081304,0.6470588235294117,0.6470588235294117,0.6470588235294117
1,1,2,0.84081304,0.6784083,0.701284,0.6470588235294117,0.6864406779661016,0.6890756302521008
1,1,2,0.6784083,0.70365036,0.77312845,0.6864406779661016,0.6890756302521008,0.6890756302521008
1,1,2,0.701284,0.69629276,0.6784083,0.6890756302521008,0.6638655462184874,0.6890756302521008
1,2,1,0.6784083,0.8390962,0.6784083,0.6864406779661016,0.6470588235294117,0.6864406779661016
1,2,1,0.84081304,0.84081304,0.701284,0.6470588235294117,0.6470588235294117,0.6890756302521008
1,2,1,0.6784083,0.84081304,0.6784083,0.6890756302521008,0.6470588235294117,0.6916666666666667
1,2,1,0.701284,0.8390962,0.84081304,0.6890756302521008,0.6470588235294117,0.6470588235294117
1,2,1,0.6784083,0.77312845,0.701284,0.6890756302521008,0.6890756302521008,0.6890756302521008
1,2,1,0.77312845,0.701284,0.6784083,0.6890756302521008,0.6890756302521008,0.6864406779661016
1,2,1,0.701284,0.6784083,0.6784083,0.6890756302521008,0.6864406779661016,0.6864406779661016
1,2,1,0.84081304,0.70365036,0.701284,0.6470588235294117,0.6890756302521008,0.6890756302521008
1,2,1,0.6784083,0.78156537,0.701284,0.6864406779661016,0.6890756302521008,0.6890756302521008
1,2,2,0.701284,0.84081304,0.6784083,0.6890756302521008,0.6470588235294117,0.6864406779661016
1,2,2,0.701284,0.701284,0.568478,0.6890756302521008,0.6890756302521008,0.73109243697479
1,2,2,0.6784083,0.84081304,0.701284,0.6864406779661016,0.6470588235294117,0.6890756302521008
1,2,2,0.701284,0.6784083,0.6948048,0.6890756302521008,0.6864406779661016,0.6666666666666667
1,2,2,0.84081304,0.84081304,0.701284,0.6470588235294117,0.6470588235294117,0.6890756302521008
1,2,2,0.84081304,0.69629276,0.6784083,0.6470588235294117,0.6610169491525424,0.6916666666666667
1,2,2,0.701284,0.77312845,0.69629276,0.6890756302521008,0.6890756302521008,0.6638655462184874
1,2,2,0.78156537,0.6784083,0.77312845,0.6890756302521008,0.6890756302521008,0.6890756302521008
1,2,2,0.84081304,0.69629276,0.701284,0.6470588235294117,0.6638655462184874,0.6890756302521008
0,0,0,0.8041976,0.8041976,0.8041976,0.6896551724137931,0.6896551724137931,0.6896551724137931
0,0,1,0.7297512,0.8041976,0.8041976,0.1627906976744185,0.6896551724137931,0.6896551724137931
0,0,2,0.8041976,0.8041976,0.8041976,0.6896551724137931,0.6896551724137931,0.6896551724137931
1,1,1,0.8041976,0.8041976,0.8041976,0.6896551724137931,0.6896551724137931,0.6896551724137931
1,1,1,0.8041976,0.8041976,0.8041976,0.6896551724137931,0.6896551724137931,0.6896551724137931
1,1,1,0.8041976,0.8041976,0.8041976,0.6896551724137931,0.6896551724137931,0.6896551724137931
1,1,1,0.8041976,0.8041976,0.8041976,0.6896551724137931,0.6896551724137931,0.6896551724137931
1,1,1,0.8041976,0.8041976,0.8041976,0.6896551724137931,0.6896551724137931,0.6896551724137931
1,1,1,0.8041976,0.8041976,0.8041976,0.6896551724137931,0.6896551724137931,0.6896551724137931
1,1,1,0.8041976,0.8041976,0.8041976,0.6896551724137931,0.6896551724137931,0.6896551724137931
1,1,1,0.8041976,0.8041976,0.8041976,0.6896551724137931,0.6896551724137931,0.6896551724137931
1,1,1,0.8041976,0.8041976,0.8041976,0.6896551724137931,0.6896551724137931,0.6896551724137931
1,1,2,0.8041976,0.8041976,0.8041976,0.6896551724137931,0.6896551724137931,0.6896551724137931
1,1,2,0.8041976,0.8041976,0.8041976,0.6896551724137931,0.6896551724137931,0.6896551724137931
1,1,2,0.8041976,0.8041976,0.8041976,0.6896551724137931,0.6896551724137931,0.6896551724137931
1,1,2,0.8041976,0.8041976,0.8041976,0.6896551724137931,0.6896551724137931,0.6896551724137931
1,1,2,0.8041976,0.8041976,0.8041976,0.6896551724137931,0.6896551724137931,0.6896551724137931
1,1,2,0.8041976,0.8041976,0.8041976,0.6896551724137931,0.6896551724137931,0.6896551724137931
1,1,2,0.8041976,0.8041976,0.8041976,0.6896551724137931,0.6896551724137931,0.6896551724137931
1,1,2,0.8041976,0.8041976,0.8041976,0.6896551724137931,0.6896551724137931,0.6896551724137931
1,1,2,0.8041976,0.8041976,0.8041976,0.6896551724137931,0.6896551724137931,0.6896551724137931
1,2,1,0.8041976,0.8041976,0.8041976,0.6896551724137931,0.6896551724137931,0.6896551724137931
1,2,1,0.8041976,0.8041976,0.8041976,0.6896551724137931,0.6896551724137931,0.6896551724137931
1,2,1,0.8041976,0.8041976,0.8041976,0.6896551724137931,0.6896551724137931,0.6896551724137931
1,2,1,0.8041976,0.8041976,0.8041976,0.6896551724137931,0.6896551724137931,0.6896551724137931
1,2,1,0.8041976,0.8041976,0.8041976,0.6896551724137931,0.6896551724137931,0.6896551724137931
1,2,1,0.8041976,0.8041976,0.8041976,0.6896551724137931,0.6896551724137931,0.6896551724137931
1,2,1,0.824252,0.8041976,0.8041976,0.5128205128205128,0.6896551724137931,0.6896551724137931
1,2,1,0.8041976,0.8041976,0.8041976,0.6896551724137931,0.6896551724137931,0.6896551724137931
1,2,1,0.8041976,0.8041976,0.8041976,0.6896551724137931,0.6896551724137931,0.6896551724137931
1,2,2,0.8041976,0.8041976,0.8041976,0.6896551724137931,0.6896551724137931,0.6896551724137931
1,2,2,0.8041976,0.8087036,0.8041976,0.6896551724137931,0.7226890756302521,0.6896551724137931
1,2,2,0.8041976,0.8041976,0.8041976,0.6896551724137931,0.6896551724137931,0.6896551724137931
1,2,2,0.8041976,0.8041976,0.8041976,0.6896551724137931,0.6896551724137931,0.6896551724137931
1,2,2,0.8041976,0.8041976,0.8041976,0.6896551724137931,0.6896551724137931,0.6896551724137931
1,2,2,0.8041976,0.8041976,0.8041976,0.6896551724137931,0.6896551724137931,0.6896551724137931
1,2,2,0.8041976,0.8041976,0.8041976,0.6896551724137931,0.6896551724137931,0.6896551724137931
1,2,2,0.8041976,0.8041976,0.8041976,0.6896551724137931,0.6896551724137931,0.6896551724137931
1,2,2,0.8041976,0.7699823,0.8041976,0.6896551724137931,0.6982758620689655,0.6896551724137931
