T,Z_race,Z_gender,original_outcome,rt_es_outcome,rt_da_outcome,original_m_safechat_compression,rt_es_m_safechat_compression,rt_da_m_safechat_compression
0,0,0,0.8556612,0.8556612,0.8556612,0.6666666666666667,0.6666666666666667,0.6666666666666667
0,0,1,0.8556612,0.8556612,0.8556612,0.6666666666666667,0.6666666666666667,0.6666666666666667
0,0,2,0.8556612,0.8556612,0.8556612,0.6666666666666667,0.6666666666666667,0.6666666666666667
1,1,1,0.8556612,0.8556612,0.8556612,0.6666666666666667,0.6666666666666667,0.6666666666666667
1,1,1,0.8556612,0.8556612,0.8556612,0.6666666666666667,0.6666666666666667,0.6666666666666667
1,1,1,0.8556612,0.8556612,0.8556612,0.6666666666666667,0.6666666666666667,0.6666666666666667
1,1,1,0.8556612,0.8556612,0.8556612,0.6666666666666667,0.6666666666666667,0.6666666666666667
1,1,1,0.8556612,0.8556612,0.8556612,0.6666666666666667,0.6666666666666667,0.6666666666666667
1,1,1,0.8556612,0.8556612,0.8556612,0.6666666666666667,0.6666666666666667,0.6666666666666667
1,1,1,0.8556612,0.8556612,0.8556612,0.6666666666666667,0.6666666666666667,0.6666666666666667
1,1,1,0.8556612,0.8556612,0.8556612,0.6666666666666667,0.6666666666666667,0.6666666666666667
1,1,1,0.8556612,0.8556612,0.8556612,0.6666666666666667,0.6666666666666667,0.6666666666666667
1,1,2,0.8556612,0.8556612,0.8556612,0.6666666666666667,0.6666666666666667,0.6666666666666667
1,1,2,0.8556612,0.8556612,0.8556612,0.6666666666666667,0.6666666666666667,0.6666666666666667
1,1,2,0.8556612,0.8556612,0.8556612,0.6666666666666667,0.6666666666666667,0.6666666666666667
1,1,2,0.8556612,0.8556612,0.8556612,0.6666666666666667,0.6666666666666667,0.6666666666666667
1,1,2,0.8556612,0.8556612,0.8556612,0.6666666666666667,0.6666666666666667,0.6666666666666667
1,1,2,0.8556612,0.8556612,0.8556612,0.6666666666666667,0.6666666666666667,0.6666666666666667
1,1,2,0.8556612,0.8556612,0.8556612,0.6666666666666667,0.6666666666666667,0.6666666666666667
1,1,2,0.8556612,0.8556612,0.8556612,0.6666666666666667,0.6666666666666667,0.6666666666666667
1,1,2,0.8556612,0.8556612,0.8556612,0.6666666666666667,0.6666666666666667,0.6666666666666667
1,2,1,0.8556612,0.8556612,0.8556612,0.6666666666666667,0.6666666666666667,0.6666666666666667
1,2,1,0.8556612,0.8556612,0.8556612,0.6666666666666667,0.6666666666666667,0.6666666666666667
1,2,1,0.8556612,0.8556612,0.8556612,0.6666666666666667,0.6666666666666667,0.6666666666666667
1,2,1,0.8556612,0.8556612,0.8556612,0.6666666666666667,0.6666666666666667,0.6666666666666667
1,2,1,0.8556612,0.8556612,0.8556612,0.6666666666666667,0.6666666666666667,0.6666666666666667
1,2,1,0.8556612,0.8556612,0.8556612,0.6666666666666667,0.6666666666666667,0.6666666666666667
1,2,1,0.8556612,0.8556612,0.8556612,0.6666666666666667,0.6666666666666667,0.6666666666666667
1,2,1,0.8556612,0.8556612,0.8556612,0.6666666666666667,0.6666666666666667,0.6666666666666667
1,2,1,0.8556612,0.8556612,0.8556612,0.6666666666666667,0.6666666666666667,0.6666666666666667
1,2,2,0.8556612,0.8556612,0.8556612,0.6666666666666667,0.6666666666666667,0.6666666666666667
1,2,2,0.8556612,0.8556612,0.8556612,0.6666666666666667,0.6666666666666667,0.6666666666666667
1,2,2,0.8556612,0.8556612,0.8556612,0.6666666666666667,0.6666666666666667,0.6666666666666667
1,2,2,0.8556612,0.8556612,0.8556612,0.6666666666666667,0.6666666666666667,0.6666666666666667
1,2,2,0.8556612,0.8556612,0.8556612,0.6666666666666667,0.6666666666666667,0.6666666666666667
1,2,2,0.8556612,0.8556612,0.8556612,0.6666666666666667,0.6666666666666667,0.6666666666666667
1,2,2,0.8556612,0.8556612,0.8556612,0.6666666666666667,0.6666666666666667,0.6666666666666667
1,2,2,0.8556612,0.8556612,0.8556612,0.6666666666666667,0.6666666666666667,0.6666666666666667
1,2,2,-0.012575634,-0.012575634,-0.012575634,0.0,0.0,0.0
0,0,0,0.98524106,0.98524106,0.98524106,0.3636363636363636,0.3636363636363636,0.3636363636363636
0,0,1,0.98524106,0.98524106,0.98524106,0.3636363636363636,0.3636363636363636,0.3636363636363636
0,0,2,0.98524106,0.98524106,0.98524106,0.3636363636363636,0.3636363636363636,0.3636363636363636
1,1,1,0.98524106,0.98524106,0.98524106,0.3636363636363636,0.3636363636363636,0.3636363636363636
1,1,1,0.98524106,0.98524106,0.98524106,0.3636363636363636,0.3636363636363636,0.3636363636363636
1,1,1,0.98524106,0.98524106,0.98524106,0.3636363636363636,0.3636363636363636,0.3636363636363636
1,1,1,0.98524106,0.98524106,0.98524106,0.3636363636363636,0.3636363636363636,0.3636363636363636
1,1,1,0.98524106,0.98524106,0.98524106,0.3636363636363636,0.3636363636363636,0.3636363636363636
1,1,1,0.98524106,0.98524106,0.98524106,0.3636363636363636,0.3636363636363636,0.3636363636363636
1,1,1,0.98524106,0.98524106,0.98524106,0.3636363636363636,0.3636363636363636,0.3636363636363636
1,1,1,0.98524106,0.98524106,0.98524106,0.3636363636363636,0.3636363636363636,0.3636363636363636
1,1,1,0.98524106,0.98524106,0.98524106,0.3636363636363636,0.3636363636363636,0.3636363636363636
1,1,2,0.98524106,0.98524106,0.98524106,0.3636363636363636,0.3636363636363636,0.3636363636363636
1,1,2,0.98524106,0.98524106,0.98524106,0.3636363636363636,0.3636363636363636,0.3636363636363636
1,1,2,0.98524106,0.98524106,0.98524106,0.3636363636363636,0.3636363636363636,0.3636363636363636
1,1,2,0.98524106,0.98524106,0.98524106,0.3636363636363636,0.3636363636363636,0.3636363636363636
1,1,2,0.98524106,0.98524106,0.98524106,0.3636363636363636,0.3636363636363636,0.3636363636363636
1,1,2,0.98524106,0.98524106,0.98524106,0.3636363636363636,0.3636363636363636,0.3636363636363636
1,1,2,0.98524106,0.98524106,0.98524106,0.3636363636363636,0.3636363636363636,0.3636363636363636
1,1,2,0.98524106,0.98524106,0.98524106,0.3636363636363636,0.3636363636363636,0.3636363636363636
1,1,2,0.98524106,0.98524106,0.98524106,0.3636363636363636,0.3636363636363636,0.3636363636363636
1,2,1,0.98524106,0.98524106,0.98524106,0.3636363636363636,0.3636363636363636,0.3636363636363636
1,2,1,0.98524106,0.98524106,0.98524106,0.3636363636363636,0.3636363636363636,0.3636363636363636
1,2,1,0.98524106,0.98524106,0.98524106,0.3636363636363636,0.3636363636363636,0.3636363636363636
1,2,1,0.98524106,0.98524106,0.98524106,0.3636363636363636,0.3636363636363636,0.3636363636363636
1,2,1,0.98524106,0.98524106,0.98524106,0.3636363636363636,0.3636363636363636,0.3636363636363636
1,2,1,0.98524106,0.98524106,0.98524106,0.3636363636363636,0.3636363636363636,0.3636363636363636
1,2,1,0.98524106,0.98524106,0.98524106,0.3636363636363636,0.3636363636363636,0.3636363636363636
1,2,1,0.98524106,0.98524106,0.98524106,0.3636363636363636,0.3636363636363636,0.3636363636363636
1,2,1,0.98524106,0.98524106,0.98524106,0.3636363636363636,0.3636363636363636,0.3636363636363636
1,2,2,0.98524106,0.98524106,0.98524106,0.3636363636363636,0.3636363636363636,0.3636363636363636
1,2,2,0.98524106,0.98524106,0.98524106,0.3636363636363636,0.3636363636363636,0.3636363636363636
1,2,2,0.98524106,0.98524106,0.98524106,0.3636363636363636,0.3636363636363636,0.3636363636363636
1,2,2,0.98524106,0.98524106,0.98524106,0.3636363636363636,0.3636363636363636,0.3636363636363636
1,2,2,0.98524106,0.98524106,0.98524106,0.3636363636363636,0.3636363636363636,0.3636363636363636
1,2,2,0.98524106,0.98524106,0.98524106,0.3636363636363636,0.3636363636363636,0.3636363636363636
1,2,2,0.98524106,0.98524106,0.98524106,0.3636363636363636,0.3636363636363636,0.3636363636363636
1,2,2,0.98524106,0.98524106,0.98524106,0.3636363636363636,0.3636363636363636,0.3636363636363636
1,2,2,0.98524106,0.98524106,0.98524106,0.3636363636363636,0.3636363636363636,0.3636363636363636
0,0,0,0.77422696,0.77422696,0.77422696,0.7142857142857143,0.7142857142857143,0.7142857142857143
0,0,1,0.77422696,0.77422696,0.77422696,0.7142857142857143,0.7142857142857143,0.7142857142857143
0,0,2,0.77422696,0.77422696,0.77422696,0.7142857142857143,0.7142857142857143,0.7142857142857143
1,1,1,0.77422696,0.77422696,0.77422696,0.7142857142857143,0.7142857142857143,0.7142857142857143
1,1,1,0.77422696,0.77422696,0.77422696,0.7142857142857143,0.7142857142857143,0.7142857142857143
1,1,1,0.77422696,0.77422696,0.77422696,0.7142857142857143,0.7142857142857143,0.7142857142857143
1,1,1,0.77422696,0.77422696,0.77422696,0.7142857142857143,0.7142857142857143,0.7142857142857143
1,1,1,0.77422696,0.77422696,0.77422696,0.7142857142857143,0.7142857142857143,0.7142857142857143
1,1,1,0.77422696,0.77422696,0.77422696,0.7142857142857143,0.7142857142857143,0.7142857142857143
1,1,1,0.77422696,0.77422696,0.77422696,0.7142857142857143,0.7142857142857143,0.7142857142857143
1,1,1,0.77422696,0.77422696,0.77422696,0.7142857142857143,0.7142857142857143,0.7142857142857143
1,1,1,0.77422696,0.77422696,0.77422696,0.7142857142857143,0.7142857142857143,0.7142857142857143
1,1,2,0.77422696,0.77422696,0.77422696,0.7142857142857143,0.7142857142857143,0.7142857142857143
1,1,2,0.77422696,0.77422696,0.77422696,0.7142857142857143,0.7142857142857143,0.7142857142857143
1,1,2,0.77422696,0.77422696,0.77422696,0.7142857142857143,0.7142857142857143,0.7142857142857143
1,1,2,0.77422696,0.77422696,0.77422696,0.7142857142857143,0.7142857142857143,0.7142857142857143
1,1,2,0.77422696,0.77422696,0.77422696,0.7142857142857143,0.7142857142857143,0.7142857142857143
1,1,2,0.77422696,0.77422696,0.77422696,0.7142857142857143,0.7142857142857143,0.7142857142857143
1,1,2,0.77422696,0.77422696,0.77422696,0.7142857142857143,0.7142857142857143,0.7142857142857143
1,1,2,0.77422696,0.77422696,0.77422696,0.7142857142857143,0.7142857142857143,0.7142857142857143
1,1,2,0.77422696,0.77422696,0.77422696,0.7142857142857143,0.7142857142857143,0.7142857142857143
1,2,1,0.77422696,0.77422696,0.77422696,0.7142857142857143,0.7142857142857143,0.7142857142857143
1,2,1,0.77422696,0.77422696,0.77422696,0.7142857142857143,0.7142857142857143,0.7142857142857143
1,2,1,0.77422696,0.77422696,0.77422696,0.7142857142857143,0.7142857142857143,0.7142857142857143
1,2,1,0.77422696,0.77422696,0.77422696,0.7142857142857143,0.7142857142857143,0.7142857142857143
1,2,1,0.77422696,0.77422696,0.77422696,0.7142857142857143,0.7142857142857143,0.7142857142857143
1,2,1,0.77422696,0.77422696,0.77422696,0.7142857142857143,0.7142857142857143,0.7142857142857143
1,2,1,0.77422696,0.77422696,0.77422696,0.7142857142857143,0.7142857142857143,0.7142857142857143
1,2,1,0.77422696,0.77422696,0.77422696,0.7142857142857143,0.7142857142857143,0.7142857142857143
1,2,1,0.77422696,0.77422696,0.77422696,0.7142857142857143,0.7142857142857143,0.7142857142857143
1,2,2,0.77422696,0.77422696,0.77422696,0.7142857142857143,0.7142857142857143,0.7142857142857143
1,2,2,0.77422696,0.77422696,0.77422696,0.7142857142857143,0.7142857142857143,0.7142857142857143
1,2,2,0.77422696,0.77422696,0.77422696,0.7142857142857143,0.7142857142857143,0.7142857142857143
1,2,2,0.77422696,0.77422696,0.77422696,0.7142857142857143,0.7142857142857143,0.7142857142857143
1,2,2,0.77422696,0.77422696,0.77422696,0.7142857142857143,0.7142857142857143,0.7142857142857143
1,2,2,0.77422696,0.77422696,0.77422696,0.7142857142857143,0.7142857142857143,0.7142857142857143
1,2,2,0.77422696,0.77422696,0.77422696,0.7142857142857143,0.7142857142857143,0.7142857142857143
1,2,2,0.77422696,0.77422696,0.77422696,0.7142857142857143,0.7142857142857143,0.7142857142857143
1,2,2,0.77422696,0.77422696,0.77422696,0.7142857142857143,0.7142857142857143,0.7142857142857143
0,0,0,0.85024554,0.85024554,0.85024554,0.7391304347826086,0.7391304347826086,0.7391304347826086
0,0,1,0.85024554,0.85024554,0.85024554,0.7391304347826086,0.7391304347826086,0.7391304347826086
0,0,2,0.85024554,0.85024554,0.85024554,0.7391304347826086,0.7391304347826086,0.7391304347826086
1,1,1,0.85024554,0.85024554,0.85024554,0.7391304347826086,0.7391304347826086,0.7391304347826086
1,1,1,0.85024554,0.85024554,0.85024554,0.7391304347826086,0.7391304347826086,0.7391304347826086
1,1,1,0.85024554,0.85024554,0.85024554,0.7391304347826086,0.7391304347826086,0.7391304347826086
1,1,1,0.85024554,0.85024554,0.85024554,0.7391304347826086,0.7391304347826086,0.7391304347826086
1,1,1,0.85024554,0.85024554,0.85024554,0.7391304347826086,0.7391304347826086,0.7391304347826086
1,1,1,0.85024554,0.85024554,0.85024554,0.7391304347826086,0.7391304347826086,0.7391304347826086
1,1,1,0.85024554,0.85024554,0.85024554,0.7391304347826086,0.7391304347826086,0.7391304347826086
1,1,1,0.85024554,0.85024554,0.85024554,0.7391304347826086,0.7391304347826086,0.7391304347826086
1,1,1,0.85024554,0.85024554,0.85024554,0.7391304347826086,0.7391304347826086,0.7391304347826086
1,1,2,0.85024554,0.85024554,0.85024554,0.7391304347826086,0.7391304347826086,0.7391304347826086
1,1,2,0.85024554,0.85024554,0.85024554,0.7391304347826086,0.7391304347826086,0.7391304347826086
1,1,2,0.85024554,0.85024554,0.85024554,0.7391304347826086,0.7391304347826086,0.7391304347826086
1,1,2,0.85024554,0.85024554,0.85024554,0.7391304347826086,0.7391304347826086,0.7391304347826086
1,1,2,0.85024554,0.85024554,0.85024554,0.7391304347826086,0.7391304347826086,0.7391304347826086
1,1,2,0.85024554,0.85024554,0.85024554,0.7391304347826086,0.7391304347826086,0.7391304347826086
1,1,2,0.85024554,0.85024554,0.85024554,0.7391304347826086,0.7391304347826086,0.7391304347826086
1,1,2,0.85024554,0.85024554,0.85024554,0.7391304347826086,0.7391304347826086,0.7391304347826086
1,1,2,0.85024554,0.85024554,0.85024554,0.7391304347826086,0.7391304347826086,0.7391304347826086
1,2,1,0.85024554,0.85024554,0.85024554,0.7391304347826086,0.7391304347826086,0.7391304347826086
1,2,1,0.85024554,0.85024554,0.85024554,0.7391304347826086,0.7391304347826086,0.7391304347826086
1,2,1,0.85024554,0.85024554,0.85024554,0.7391304347826086,0.7391304347826086,0.7391304347826086
1,2,1,0.85024554,0.85024554,0.85024554,0.7391304347826086,0.7391304347826086,0.7391304347826086
1,2,1,0.85024554,0.85024554,0.85024554,0.7391304347826086,0.7391304347826086,0.7391304347826086
1,2,1,0.85024554,0.85024554,0.85024554,0.7391304347826086,0.7391304347826086,0.7391304347826086
1,2,1,0.85024554,0.85024554,0.85024554,0.7391304347826086,0.7391304347826086,0.7391304347826086
1,2,1,0.85024554,0.85024554,0.85024554,0.7391304347826086,0.7391304347826086,0.7391304347826086
1,2,1,0.85024554,0.85024554,0.85024554,0.7391304347826086,0.7391304347826086,0.7391304347826086
1,2,2,0.85024554,0.85024554,0.85024554,0.7391304347826086,0.7391304347826086,0.7391304347826086
1,2,2,0.85024554,0.85024554,0.85024554,0.7391304347826086,0.7391304347826086,0.7391304347826086
1,2,2,0.85024554,0.85024554,0.85024554,0.7391304347826086,0.7391304347826086,0.7391304347826086
1,2,2,0.85024554,0.85024554,0.85024554,0.7391304347826086,0.7391304347826086,0.7391304347826086
1,2,2,0.85024554,0.85024554,0.85024554,0.7391304347826086,0.7391304347826086,0.7391304347826086
1,2,2,0.85024554,0.85024554,0.85024554,0.7391304347826086,0.7391304347826086,0.7391304347826086
1,2,2,0.85024554,0.85024554,0.85024554,0.7391304347826086,0.7391304347826086,0.7391304347826086
1,2,2,0.85024554,0.85024554,0.85024554,0.7391304347826086,0.7391304347826086,0.7391304347826086
1,2,2,0.85024554,0.85024554,0.85024554,0.7391304347826086,0.7391304347826086,0.7391304347826086
0,0,0,0.96700233,0.96700233,0.96700233,0.2727272727272727,0.2727272727272727,0.2727272727272727
0,0,1,0.96700233,0.96700233,0.96700233,0.2727272727272727,0.2727272727272727,0.2727272727272727
0,0,2,0.96700233,0.96700233,0.96700233,0.2727272727272727,0.2727272727272727,0.2727272727272727
1,1,1,0.96700233,0.96700233,0.96700233,0.2727272727272727,0.2727272727272727,0.2727272727272727
1,1,1,0.96700233,0.96700233,0.96700233,0.2727272727272727,0.2727272727272727,0.2727272727272727
1,1,1,0.96700233,0.96700233,0.96700233,0.2727272727272727,0.2727272727272727,0.2727272727272727
1,1,1,0.96700233,0.96700233,0.96700233,0.2727272727272727,0.2727272727272727,0.2727272727272727
1,1,1,0.96700233,0.96700233,0.96700233,0.2727272727272727,0.2727272727272727,0.2727272727272727
1,1,1,0.96700233,0.96700233,0.96700233,0.2727272727272727,0.2727272727272727,0.2727272727272727
1,1,1,0.96700233,0.96700233,0.96700233,0.2727272727272727,0.2727272727272727,0.2727272727272727
1,1,1,0.96700233,0.96700233,0.96700233,0.2727272727272727,0.2727272727272727,0.2727272727272727
1,1,1,0.96700233,0.96700233,0.96700233,0.2727272727272727,0.2727272727272727,0.2727272727272727
1,1,2,0.96700233,0.96700233,0.96700233,0.2727272727272727,0.2727272727272727,0.2727272727272727
1,1,2,0.96700233,0.96700233,0.96700233,0.2727272727272727,0.2727272727272727,0.2727272727272727
1,1,2,0.96700233,0.96700233,0.96700233,0.2727272727272727,0.2727272727272727,0.2727272727272727
1,1,2,0.96700233,0.96700233,0.96700233,0.2727272727272727,0.2727272727272727,0.2727272727272727
1,1,2,0.96700233,0.96700233,0.96700233,0.2727272727272727,0.2727272727272727,0.2727272727272727
1,1,2,0.96700233,0.96700233,0.96700233,0.2727272727272727,0.2727272727272727,0.2727272727272727
1,1,2,0.96700233,0.96700233,0.96700233,0.2727272727272727,0.2727272727272727,0.2727272727272727
1,1,2,0.96700233,0.96700233,0.96700233,0.2727272727272727,0.2727272727272727,0.2727272727272727
1,1,2,0.96700233,0.96700233,0.96700233,0.2727272727272727,0.2727272727272727,0.2727272727272727
1,2,1,0.96700233,0.96700233,0.96700233,0.2727272727272727,0.2727272727272727,0.2727272727272727
1,2,1,0.96700233,0.96700233,0.96700233,0.2727272727272727,0.2727272727272727,0.2727272727272727
1,2,1,0.96700233,0.96700233,0.96700233,0.2727272727272727,0.2727272727272727,0.2727272727272727
1,2,1,0.96700233,0.96700233,0.96700233,0.2727272727272727,0.2727272727272727,0.2727272727272727
1,2,1,0.96700233,0.96700233,0.96700233,0.2727272727272727,0.2727272727272727,0.2727272727272727
1,2,1,0.96700233,0.96700233,0.96700233,0.2727272727272727,0.2727272727272727,0.2727272727272727
1,2,1,0.96700233,0.96700233,0.96700233,0.2727272727272727,0.2727272727272727,0.2727272727272727
1,2,1,0.96700233,0.96700233,0.96700233,0.2727272727272727,0.2727272727272727,0.2727272727272727
1,2,1,0.96700233,0.96700233,0.96700233,0.2727272727272727,0.2727272727272727,0.2727272727272727
1,2,2,0.96700233,0.96700233,0.96700233,0.2727272727272727,0.2727272727272727,0.2727272727272727
1,2,2,0.96700233,0.96700233,0.96700233,0.2727272727272727,0.2727272727272727,0.2727272727272727
1,2,2,0.96700233,0.96700233,0.96700233,0.2727272727272727,0.2727272727272727,0.2727272727272727
1,2,2,0.96700233,0.96700233,0.96700233,0.2727272727272727,0.2727272727272727,0.2727272727272727
1,2,2,0.96700233,0.96700233,0.96700233,0.2727272727272727,0.2727272727272727,0.2727272727272727
1,2,2,0.96700233,0.96700233,0.96700233,0.2727272727272727,0.2727272727272727,0.2727272727272727
1,2,2,0.96700233,0.96700233,0.96700233,0.2727272727272727,0.2727272727272727,0.2727272727272727
1,2,2,0.96700233,0.96700233,0.96700233,0.2727272727272727,0.2727272727272727,0.2727272727272727
1,2,2,0.96700233,0.96700233,0.96700233,0.2727272727272727,0.2727272727272727,0.2727272727272727
0,0,0,1.0000001,0.5184772,1.0000001,0.15,0.6666666666666667,0.15
0,0,1,1.0000001,-0.022632932,1.0000001,0.15,0.0,0.15
0,0,2,1.0000001,0.5184772,1.0000001,0.15,0.6666666666666667,0.15
1,1,1,1.0000001,0.5184772,1.0000001,0.15,0.6666666666666667,0.15
1,1,1,1.0000001,0.5184772,1.0000001,0.15,0.6666666666666667,0.15
1,1,1,1.0000001,-0.022632932,1.0000001,0.15,0.0,0.15
1,1,1,1.0000001,-0.022632932,1.0000001,0.15,0.0,0.15
1,1,1,1.0000001,-0.022632932,1.0000001,0.15,0.0,0.15
1,1,1,1.0000001,-0.022632932,1.0000001,0.15,0.0,0.15
1,1,1,1.0000001,0.5184772,1.0000001,0.15,0.6666666666666667,0.15
1,1,1,1.0000001,-0.022632932,1.0000001,0.15,0.0,0.15
1,1,1,1.0000001,0.5184772,1.0000001,0.15,0.6666666666666667,0.15
1,1,2,1.0000001,-0.022632932,1.0000001,0.15,0.0,0.15
1,1,2,1.0000001,0.5184772,1.0000001,0.15,0.6666666666666667,0.15
1,1,2,1.0000001,-0.022632932,1.0000001,0.15,0.0,0.15
1,1,2,1.0000001,0.5184772,1.0000001,0.15,0.6666666666666667,0.15
1,1,2,1.0000001,-0.022632932,1.0000001,0.15,0.0,0.15
1,1,2,1.0000001,0.5184772,1.0000001,0.15,0.6666666666666667,0.15
1,1,2,1.0000001,-0.022632932,1.0000001,0.15,0.0,0.15
1,1,2,1.0000001,-0.022632932,1.0,0.15,0.0,0.15
1,1,2,1.0000001,-0.022632932,1.0,0.15,0.0,0.15
1,2,1,1.0000001,-0.022632932,1.0,0.15,0.0,0.15
1,2,1,1.0000001,-0.022632932,1.0,0.15,0.0,0.15
1,2,1,1.0000001,-0.022632932,1.0,0.15,0.0,0.15
1,2,1,1.0000001,-0.022632932,1.0,0.15,0.0,0.15
1,2,1,1.0000001,-0.022632932,1.0,0.15,0.0,0.15
1,2,1,1.0000001,0.5184772,1.0,0.15,0.6666666666666667,0.15
1,2,1,1.0000001,-0.022632932,1.0,0.15,0.0,0.15
1,2,1,1.0000001,0.5184772,1.0000001,0.15,0.6666666666666667,0.15
1,2,1,1.0000001,0.5184772,1.0,0.15,0.6666666666666667,0.15
1,2,2,1.0000001,0.5184772,1.0,0.15,0.6666666666666667,0.15
1,2,2,1.0000001,0.5184772,1.0,0.15,0.6666666666666667,0.15
1,2,2,1.0000001,0.5184772,1.0000001,0.15,0.6666666666666667,0.15
1,2,2,1.0000001,-0.022632932,1.0000001,0.15,0.0,0.15
1,2,2,1.0000001,-0.022632932,1.0000001,0.15,0.0,0.15
1,2,2,1.0000001,-0.022632932,1.0000001,0.15,0.0,0.15
1,2,2,1.0000001,0.5184772,1.0000001,0.15,0.6666666666666667,0.15
1,2,2,1.0000001,-0.022632932,1.0000001,0.15,0.0,0.15
1,2,2,1.0000001,-0.022632932,1.0000001,0.15,0.0,0.15
0,0,0,0.86784136,0.86784136,0.86784136,0.8972972972972972,0.8972972972972972,0.8972972972972972
0,0,1,0.86784136,0.86784136,0.86784136,0.8972972972972972,0.8972972972972972,0.8972972972972972
0,0,2,0.86784136,0.86784136,0.86784136,0.8972972972972972,0.8972972972972972,0.8972972972972972
1,1,1,0.86784136,0.86784136,0.86784136,0.8972972972972972,0.8972972972972972,0.8972972972972972
1,1,1,0.86784136,0.86784136,0.86784136,0.8972972972972972,0.8972972972972972,0.8972972972972972
1,1,1,0.86784136,0.86784136,0.86784136,0.8972972972972972,0.8972972972972972,0.8972972972972972
1,1,1,0.86784136,0.86784136,0.86784136,0.8972972972972972,0.8972972972972972,0.8972972972972972
1,1,1,0.86784136,0.86784136,0.86784136,0.8972972972972972,0.8972972972972972,0.8972972972972972
1,1,1,0.86784136,0.86784136,0.86784136,0.8972972972972972,0.8972972972972972,0.8972972972972972
1,1,1,0.86784136,0.86784136,0.86784136,0.8972972972972972,0.8972972972972972,0.8972972972972972
1,1,1,0.86784136,0.86784136,0.86784136,0.8972972972972972,0.8972972972972972,0.8972972972972972
1,1,1,0.86784136,0.86784136,0.86784136,0.8972972972972972,0.8972972972972972,0.8972972972972972
1,1,2,0.86784136,0.86784136,0.86784136,0.8972972972972972,0.8972972972972972,0.8972972972972972
1,1,2,0.86784136,0.86784136,0.86784136,0.8972972972972972,0.8972972972972972,0.8972972972972972
1,1,2,0.86784136,0.86784136,0.86784136,0.8972972972972972,0.8972972972972972,0.8972972972972972
1,1,2,0.86784136,0.86784136,0.86784136,0.8972972972972972,0.8972972972972972,0.8972972972972972
1,1,2,0.86784136,0.86784136,0.86784136,0.8972972972972972,0.8972972972972972,0.8972972972972972
1,1,2,0.86784136,0.86784136,0.86784136,0.8972972972972972,0.8972972972972972,0.8972972972972972
1,1,2,0.86784136,0.86784136,0.86784136,0.8972972972972972,0.8972972972972972,0.8972972972972972
1,1,2,0.86784136,0.86784136,0.86784136,0.8972972972972972,0.8972972972972972,0.8972972972972972
1,1,2,0.86784136,0.86784136,0.86784136,0.8972972972972972,0.8972972972972972,0.8972972972972972
1,2,1,0.86784136,0.86784136,0.86784136,0.8972972972972972,0.8972972972972972,0.8972972972972972
1,2,1,0.86784136,0.86784136,0.86784136,0.8972972972972972,0.8972972972972972,0.8972972972972972
1,2,1,0.86784136,0.86784136,0.86784136,0.8972972972972972,0.8972972972972972,0.8972972972972972
1,2,1,0.86784136,0.86784136,0.86784136,0.8972972972972972,0.8972972972972972,0.8972972972972972
1,2,1,0.86784136,0.86784136,0.86784136,0.8972972972972972,0.8972972972972972,0.8972972972972972
1,2,1,0.86784136,0.86784136,0.86784136,0.8972972972972972,0.8972972972972972,0.8972972972972972
1,2,1,0.86784136,0.86784136,0.86784136,0.8972972972972972,0.8972972972972972,0.8972972972972972
1,2,1,0.86784136,0.86784136,0.86784136,0.8972972972972972,0.8972972972972972,0.8972972972972972
1,2,1,0.86784136,0.86784136,0.86784136,0.8972972972972972,0.8972972972972972,0.8972972972972972
1,2,2,0.86784136,0.86784136,0.86784136,0.8972972972972972,0.8972972972972972,0.8972972972972972
1,2,2,0.86784136,0.86784136,0.86784136,0.8972972972972972,0.8972972972972972,0.8972972972972972
1,2,2,0.86784136,0.86784136,0.86784136,0.8972972972972972,0.8972972972972972,0.8972972972972972
1,2,2,0.86784136,0.86784136,0.86784136,0.8972972972972972,0.8972972972972972,0.8972972972972972
1,2,2,0.86784136,0.86784136,0.86784136,0.8972972972972972,0.8972972972972972,0.8972972972972972
1,2,2,0.86784136,0.86784136,0.86784136,0.8972972972972972,0.8972972972972972,0.8972972972972972
1,2,2,0.86784136,0.86784136,0.86784136,0.8972972972972972,0.8972972972972972,0.8972972972972972
1,2,2,0.86784136,0.86784136,0.86784136,0.8972972972972972,0.8972972972972972,0.8972972972972972
1,2,2,0.86784136,0.86784136,0.86784136,0.8972972972972972,0.8972972972972972,0.8972972972972972
0,0,0,0.95515925,0.95515925,0.9551592,-0.0416666666666667,-0.0416666666666667,-0.0416666666666667
0,0,1,0.9551592,0.95515925,0.9551592,-0.0416666666666667,-0.0416666666666667,-0.0416666666666667
0,0,2,0.95515925,0.9551592,0.9551592,-0.0416666666666667,-0.0416666666666667,-0.0416666666666667
1,1,1,0.95515925,0.9551592,0.9551592,-0.0416666666666667,-0.0416666666666667,-0.0416666666666667
1,1,1,0.95515925,0.9551592,0.9551592,-0.0416666666666667,-0.0416666666666667,-0.0416666666666667
1,1,1,0.9551593,0.95515925,0.95515925,-0.0416666666666667,-0.0416666666666667,-0.0416666666666667
1,1,1,0.95515925,0.95515925,0.95515925,-0.0416666666666667,-0.0416666666666667,-0.0416666666666667
1,1,1,0.9551592,0.9551592,0.9551592,-0.0416666666666667,-0.0416666666666667,-0.0416666666666667
1,1,1,0.95515925,0.95515925,0.95515925,-0.0416666666666667,-0.0416666666666667,-0.0416666666666667
1,1,1,0.95515925,0.95515925,0.95515925,-0.0416666666666667,-0.0416666666666667,-0.0416666666666667
1,1,1,0.95515925,0.9551593,0.95515925,-0.0416666666666667,-0.0416666666666667,-0.0416666666666667
1,1,1,0.95515925,0.95515925,0.95515925,-0.0416666666666667,-0.0416666666666667,-0.0416666666666667
1,1,2,0.95515925,0.95515925,0.95515925,-0.0416666666666667,-0.0416666666666667,-0.0416666666666667
1,1,2,0.95515925,0.95515925,0.95515925,-0.0416666666666667,-0.0416666666666667,-0.0416666666666667
1,1,2,0.95515925,0.95515925,0.95515925,-0.0416666666666667,-0.0416666666666667,-0.0416666666666667
1,1,2,0.95515925,0.95515925,0.95515925,-0.0416666666666667,-0.0416666666666667,-0.0416666666666667
1,1,2,0.95515925,0.95515925,0.95515925,-0.0416666666666667,-0.0416666666666667,-0.0416666666666667
1,1,2,0.95515925,0.9551592,0.9551592,-0.0416666666666667,-0.0416666666666667,-0.0416666666666667
1,1,2,0.95515925,0.9551592,0.9551592,-0.0416666666666667,-0.0416666666666667,-0.0416666666666667
1,1,2,0.95515925,0.95515925,0.9551592,-0.0416666666666667,-0.0416666666666667,-0.0416666666666667
1,1,2,0.95515925,0.95515925,0.9551592,-0.0416666666666667,-0.0416666666666667,-0.0416666666666667
1,2,1,0.95515925,0.95515925,0.9551592,-0.0416666666666667,-0.0416666666666667,-0.0416666666666667
1,2,1,0.95515925,0.95515925,0.9551592,-0.0416666666666667,-0.0416666666666667,-0.0416666666666667
1,2,1,0.95515925,0.95515925,0.9551592,-0.0416666666666667,-0.0416666666666667,-0.0416666666666667
1,2,1,0.95515925,0.95515925,0.9551592,-0.0416666666666667,-0.0416666666666667,-0.0416666666666667
1,2,1,0.95515925,0.95515925,0.9551592,-0.0416666666666667,-0.0416666666666667,-0.0416666666666667
1,2,1,0.95515925,0.95515925,0.9551592,-0.0416666666666667,-0.0416666666666667,-0.0416666666666667
1,2,1,0.95515925,0.95515925,0.9551592,-0.0416666666666667,-0.0416666666666667,-0.0416666666666667
1,2,1,0.95515925,0.95515925,0.9551592,-0.0416666666666667,-0.0416666666666667,-0.0416666666666667
1,2,1,0.95515925,0.95515925,0.9551592,-0.0416666666666667,-0.0416666666666667,-0.0416666666666667
1,2,2,0.95515925,0.95515925,0.9551592,-0.0416666666666667,-0.0416666666666667,-0.0416666666666667
1,2,2,0.95515925,0.95515925,0.9551592,-0.0416666666666667,-0.0416666666666667,-0.0416666666666667
1,2,2,0.95515925,0.95515925,0.9551592,-0.0416666666666667,-0.0416666666666667,-0.0416666666666667
1,2,2,0.95515925,0.95515925,0.9551592,-0.0416666666666667,-0.0416666666666667,-0.0416666666666667
1,2,2,0.95515925,0.95515925,0.9551592,-0.0416666666666667,-0.0416666666666667,-0.0416666666666667
1,2,2,0.95515925,0.95515925,0.9551592,-0.0416666666666667,-0.0416666666666667,-0.0416666666666667
1,2,2,0.95515925,0.95515925,0.9551592,-0.0416666666666667,-0.0416666666666667,-0.0416666666666667
1,2,2,0.9551593,0.9551593,0.95515925,-0.0416666666666667,-0.0416666666666667,-0.0416666666666667
1,2,2,0.9551592,0.95515925,0.9551592,-0.0416666666666667,-0.0416666666666667,-0.0416666666666667
0,0,0,0.9980079,0.9980079,0.9980079,0.0512820512820513,0.0512820512820513,0.0512820512820513
0,0,1,0.9980079,0.9980079,0.9980079,0.0512820512820513,0.0512820512820513,0.0512820512820513
0,0,2,0.9980079,0.9980079,0.9980079,0.0512820512820513,0.0512820512820513,0.0512820512820513
1,1,1,0.9980079,0.9980079,0.9980079,0.0512820512820513,0.0512820512820513,0.0512820512820513
1,1,1,0.9980079,0.9980079,0.9980079,0.0512820512820513,0.0512820512820513,0.0512820512820513
1,1,1,0.9980079,0.9980079,0.9980079,0.0512820512820513,0.0512820512820513,0.0512820512820513
1,1,1,0.9980079,0.9980079,0.9980079,0.0512820512820513,0.0512820512820513,0.0512820512820513
1,1,1,0.9980079,0.9980079,0.9980079,0.0512820512820513,0.0512820512820513,0.0512820512820513
1,1,1,0.9980079,0.9980079,0.9980079,0.0512820512820513,0.0512820512820513,0.0512820512820513
1,1,1,0.9980079,0.9980079,0.9980079,0.0512820512820513,0.0512820512820513,0.0512820512820513
1,1,1,0.9980079,0.9980079,0.9980079,0.0512820512820513,0.0512820512820513,0.0512820512820513
1,1,1,0.9980079,0.9980079,0.9980079,0.0512820512820513,0.0512820512820513,0.0512820512820513
1,1,2,0.9980079,0.9980079,0.9980079,0.0512820512820513,0.0512820512820513,0.0512820512820513
1,1,2,0.9980079,0.9980079,0.9980079,0.0512820512820513,0.0512820512820513,0.0512820512820513
1,1,2,0.9980079,0.9980079,0.9980079,0.0512820512820513,0.0512820512820513,0.0512820512820513
1,1,2,0.9980079,0.9980079,0.9980079,0.0512820512820513,0.0512820512820513,0.0512820512820513
1,1,2,0.9980079,0.9980079,0.9980079,0.0512820512820513,0.0512820512820513,0.0512820512820513
1,1,2,0.9980079,0.9980079,0.9980079,0.0512820512820513,0.0512820512820513,0.0512820512820513
1,1,2,0.9980079,0.9980079,0.9980079,0.0512820512820513,0.0512820512820513,0.0512820512820513
1,1,2,0.9980079,0.9980079,0.9980079,0.0512820512820513,0.0512820512820513,0.0512820512820513
1,1,2,0.9980079,0.9980079,0.9980079,0.0512820512820513,0.0512820512820513,0.0512820512820513
1,2,1,0.9980079,0.9980079,0.9980079,0.0512820512820513,0.0512820512820513,0.0512820512820513
1,2,1,0.9980079,0.9980079,0.9980079,0.0512820512820513,0.0512820512820513,0.0512820512820513
1,2,1,0.9980079,0.9980079,0.9980079,0.0512820512820513,0.0512820512820513,0.0512820512820513
1,2,1,0.9980079,0.9980079,0.9980079,0.0512820512820513,0.0512820512820513,0.0512820512820513
1,2,1,0.9980079,0.9980079,0.9980079,0.0512820512820513,0.0512820512820513,0.0512820512820513
1,2,1,0.9980079,0.9980079,0.9980079,0.0512820512820513,0.0512820512820513,0.0512820512820513
1,2,1,0.9980079,0.9980079,0.9980079,0.0512820512820513,0.0512820512820513,0.0512820512820513
1,2,1,0.9980079,0.9980079,0.9980079,0.0512820512820513,0.0512820512820513,0.0512820512820513
1,2,1,0.9980079,0.9980079,0.9980079,0.0512820512820513,0.0512820512820513,0.0512820512820513
1,2,2,0.9980079,0.9980079,0.9980079,0.0512820512820513,0.0512820512820513,0.0512820512820513
1,2,2,0.9980079,0.9980079,0.9980079,0.0512820512820513,0.0512820512820513,0.0512820512820513
1,2,2,0.9980079,0.9980079,0.9980079,0.0512820512820513,0.0512820512820513,0.0512820512820513
1,2,2,0.9980079,0.9980079,0.9980079,0.0512820512820513,0.0512820512820513,0.0512820512820513
1,2,2,0.9980079,0.9980079,0.9980079,0.0512820512820513,0.0512820512820513,0.0512820512820513
1,2,2,0.9980079,0.9980079,0.9980079,0.0512820512820513,0.0512820512820513,0.0512820512820513
1,2,2,0.9980079,0.9980079,0.9980079,0.0512820512820513,0.0512820512820513,0.0512820512820513
1,2,2,0.9980079,0.9980079,0.9980079,0.0512820512820513,0.0512820512820513,0.0512820512820513
1,2,2,0.9980079,0.9980079,0.9980079,0.0512820512820513,0.0512820512820513,0.0512820512820513
0,0,0,1.0,1.0,1.0,-0.0666666666666666,-0.0666666666666666,-0.0666666666666666
0,0,1,1.0,1.0,1.0,-0.0666666666666666,-0.0666666666666666,-0.0666666666666666
0,0,2,1.0,1.0,1.0,-0.0666666666666666,-0.0666666666666666,-0.0666666666666666
1,1,1,1.0,1.0,1.0,-0.0666666666666666,-0.0666666666666666,-0.0666666666666666
1,1,1,1.0,1.0,1.0,-0.0666666666666666,-0.0666666666666666,-0.0666666666666666
1,1,1,1.0,1.0,1.0,-0.0666666666666666,-0.0666666666666666,-0.0666666666666666
1,1,1,1.0,1.0,1.0,-0.0666666666666666,-0.0666666666666666,-0.0666666666666666
1,1,1,1.0,1.0,1.0,-0.0666666666666666,-0.0666666666666666,-0.0666666666666666
1,1,1,1.0,1.0,1.0,-0.0666666666666666,-0.0666666666666666,-0.0666666666666666
1,1,1,1.0,1.0,1.0,-0.0666666666666666,-0.0666666666666666,-0.0666666666666666
1,1,1,1.0,1.0,1.0,-0.0666666666666666,-0.0666666666666666,-0.0666666666666666
1,1,1,1.0,1.0,1.0,-0.0666666666666666,-0.0666666666666666,-0.0666666666666666
1,1,2,1.0,1.0,1.0,-0.0666666666666666,-0.0666666666666666,-0.0666666666666666
1,1,2,1.0,1.0,1.0,-0.0666666666666666,-0.0666666666666666,-0.0666666666666666
1,1,2,1.0,1.0,1.0,-0.0666666666666666,-0.0666666666666666,-0.0666666666666666
1,1,2,1.0,1.0,1.0,-0.0666666666666666,-0.0666666666666666,-0.0666666666666666
1,1,2,1.0,1.0,1.0,-0.0666666666666666,-0.0666666666666666,-0.0666666666666666
1,1,2,1.0,1.0,1.0,-0.0666666666666666,-0.0666666666666666,-0.0666666666666666
1,1,2,1.0,1.0,1.0,-0.0666666666666666,-0.0666666666666666,-0.0666666666666666
1,1,2,1.0,1.0,1.0,-0.0666666666666666,-0.0666666666666666,-0.0666666666666666
1,1,2,1.0,1.0,1.0,-0.0666666666666666,-0.0666666666666666,-0.0666666666666666
1,2,1,1.0,1.0,1.0,-0.0666666666666666,-0.0666666666666666,-0.0666666666666666
1,2,1,1.0,1.0,1.0,-0.0666666666666666,-0.0666666666666666,-0.0666666666666666
1,2,1,1.0,1.0,1.0,-0.0666666666666666,-0.0666666666666666,-0.0666666666666666
1,2,1,1.0,1.0,1.0,-0.0666666666666666,-0.0666666666666666,-0.0666666666666666
1,2,1,1.0,1.0,1.0,-0.0666666666666666,-0.0666666666666666,-0.0666666666666666
1,2,1,1.0,1.0,1.0,-0.0666666666666666,-0.0666666666666666,-0.0666666666666666
1,2,1,1.0,1.0,1.0,-0.0666666666666666,-0.0666666666666666,-0.0666666666666666
1,2,1,1.0,1.0,1.0,-0.0666666666666666,-0.0666666666666666,-0.0666666666666666
1,2,1,1.0,1.0,1.0,-0.0666666666666666,-0.0666666666666666,-0.0666666666666666
1,2,2,1.0,1.0,1.0,-0.0666666666666666,-0.0666666666666666,-0.0666666666666666
1,2,2,1.0,1.0,1.0,-0.0666666666666666,-0.0666666666666666,-0.0666666666666666
1,2,2,1.0,1.0,1.0,-0.0666666666666666,-0.0666666666666666,-0.0666666666666666
1,2,2,1.0,1.0,1.0,-0.0666666666666666,-0.0666666666666666,-0.0666666666666666
1,2,2,1.0,1.0,1.0,-0.0666666666666666,-0.0666666666666666,-0.0666666666666666
1,2,2,1.0,1.0,1.0,-0.0666666666666666,-0.0666666666666666,-0.0666666666666666
1,2,2,1.0,1.0,1.0,-0.0666666666666666,-0.0666666666666666,-0.0666666666666666
1,2,2,1.0,1.0,1.0,-0.0666666666666666,-0.0666666666666666,-0.0666666666666666
1,2,2,1.0,1.0,1.0,-0.0666666666666666,-0.0666666666666666,-0.0666666666666666
0,0,0,0.9961922,0.9961922,0.9961922,0.119047619047619,0.119047619047619,0.119047619047619
0,0,1,0.9961922,0.9961922,0.9961922,0.119047619047619,0.119047619047619,0.119047619047619
0,0,2,0.9961922,0.9961922,0.9961922,0.119047619047619,0.119047619047619,0.119047619047619
1,1,1,0.9961922,0.9961922,0.9961922,0.119047619047619,0.119047619047619,0.119047619047619
1,1,1,0.9961922,0.9961922,0.9961922,0.119047619047619,0.119047619047619,0.119047619047619
1,1,1,0.9961922,0.9961922,0.9961922,0.119047619047619,0.119047619047619,0.119047619047619
1,1,1,0.9961922,0.9961922,0.9961922,0.119047619047619,0.119047619047619,0.119047619047619
1,1,1,0.9961922,0.9961922,0.9961922,0.119047619047619,0.119047619047619,0.119047619047619
1,1,1,0.9961922,0.9961922,0.9961922,0.119047619047619,0.119047619047619,0.119047619047619
1,1,1,0.9961922,0.9961922,0.9961922,0.119047619047619,0.119047619047619,0.119047619047619
1,1,1,0.9961922,0.9961922,0.9961922,0.119047619047619,0.119047619047619,0.119047619047619
1,1,1,0.9961922,0.9961922,0.9961922,0.119047619047619,0.119047619047619,0.119047619047619
1,1,2,0.9961922,0.9961922,0.9961922,0.119047619047619,0.119047619047619,0.119047619047619
1,1,2,0.9961922,0.9961922,0.9961922,0.119047619047619,0.119047619047619,0.119047619047619
1,1,2,0.9961922,0.9961922,0.9961922,0.119047619047619,0.119047619047619,0.119047619047619
1,1,2,0.9961922,0.9961922,0.9961922,0.119047619047619,0.119047619047619,0.119047619047619
1,1,2,0.9961922,0.9961922,0.9961922,0.119047619047619,0.119047619047619,0.119047619047619
1,1,2,0.9961922,0.9961922,0.9961922,0.119047619047619,0.119047619047619,0.119047619047619
1,1,2,0.9961922,0.9961922,0.9961922,0.119047619047619,0.119047619047619,0.119047619047619
1,1,2,0.9961922,0.9961922,0.9961922,0.119047619047619,0.119047619047619,0.119047619047619
1,1,2,0.9961922,0.9961922,0.9961922,0.119047619047619,0.119047619047619,0.119047619047619
1,2,1,0.9961922,0.9961922,0.9961922,0.119047619047619,0.119047619047619,0.119047619047619
1,2,1,0.9961922,0.9961922,0.9961922,0.119047619047619,0.119047619047619,0.119047619047619
1,2,1,0.9961922,0.9961922,0.9961922,0.119047619047619,0.119047619047619,0.119047619047619
1,2,1,0.9961922,0.9961922,0.9961922,0.119047619047619,0.119047619047619,0.119047619047619
1,2,1,0.9961922,0.9961922,0.9961922,0.119047619047619,0.119047619047619,0.119047619047619
1,2,1,0.9961922,0.9961922,0.9961922,0.119047619047619,0.119047619047619,0.119047619047619
1,2,1,0.9961922,0.9961922,0.9961922,0.119047619047619,0.119047619047619,0.119047619047619
1,2,1,0.9961922,0.9961922,0.9961922,0.119047619047619,0.119047619047619,0.119047619047619
1,2,1,0.9961922,0.9961922,0.9961922,0.119047619047619,0.119047619047619,0.119047619047619
1,2,2,0.9961922,0.9961922,0.9961922,0.119047619047619,0.119047619047619,0.119047619047619
1,2,2,0.9961922,0.9961922,0.9961922,0.119047619047619,0.119047619047619,0.119047619047619
1,2,2,0.9961922,0.9961922,0.9961922,0.119047619047619,0.119047619047619,0.119047619047619
1,2,2,0.9961922,0.9961922,0.9961922,0.119047619047619,0.119047619047619,0.119047619047619
1,2,2,0.9961922,0.9961922,0.9961922,0.119047619047619,0.119047619047619,0.119047619047619
1,2,2,0.9961922,0.9961922,0.9961922,0.119047619047619,0.119047619047619,0.119047619047619
1,2,2,0.9961922,0.9961922,0.9961922,0.119047619047619,0.119047619047619,0.119047619047619
1,2,2,0.9961922,0.9961922,0.9961922,0.119047619047619,0.119047619047619,0.119047619047619
1,2,2,0.9961922,0.9961922,0.9961922,0.119047619047619,0.119047619047619,0.119047619047619
0,0,0,0.965736,0.965736,0.965736,0.2222222222222222,0.2222222222222222,0.2222222222222222
0,0,1,0.965736,0.965736,0.965736,0.2222222222222222,0.2222222222222222,0.2222222222222222
0,0,2,0.965736,0.965736,0.965736,0.2222222222222222,0.2222222222222222,0.2222222222222222
1,1,1,0.965736,0.965736,0.965736,0.2222222222222222,0.2222222222222222,0.2222222222222222
1,1,1,0.965736,0.965736,0.965736,0.2222222222222222,0.2222222222222222,0.2222222222222222
1,1,1,0.965736,0.965736,0.965736,0.2222222222222222,0.2222222222222222,0.2222222222222222
1,1,1,0.965736,0.965736,0.965736,0.2222222222222222,0.2222222222222222,0.2222222222222222
1,1,1,0.965736,0.965736,0.965736,0.2222222222222222,0.2222222222222222,0.2222222222222222
1,1,1,0.965736,0.965736,0.965736,0.2222222222222222,0.2222222222222222,0.2222222222222222
1,1,1,0.965736,0.965736,0.965736,0.2222222222222222,0.2222222222222222,0.2222222222222222
1,1,1,0.965736,0.965736,0.965736,0.2222222222222222,0.2222222222222222,0.2222222222222222
1,1,1,0.965736,0.965736,0.965736,0.2222222222222222,0.2222222222222222,0.2222222222222222
1,1,2,0.965736,0.965736,0.965736,0.2222222222222222,0.2222222222222222,0.2222222222222222
1,1,2,0.965736,0.965736,0.965736,0.2222222222222222,0.2222222222222222,0.2222222222222222
1,1,2,0.965736,0.965736,0.965736,0.2222222222222222,0.2222222222222222,0.2222222222222222
1,1,2,0.965736,0.965736,0.965736,0.2222222222222222,0.2222222222222222,0.2222222222222222
1,1,2,0.965736,0.965736,0.965736,0.2222222222222222,0.2222222222222222,0.2222222222222222
1,1,2,0.965736,0.965736,0.965736,0.2222222222222222,0.2222222222222222,0.2222222222222222
1,1,2,0.965736,0.965736,0.965736,0.2222222222222222,0.2222222222222222,0.2222222222222222
1,1,2,0.965736,0.965736,0.965736,0.2222222222222222,0.2222222222222222,0.2222222222222222
1,1,2,0.965736,0.965736,0.965736,0.2222222222222222,0.2222222222222222,0.2222222222222222
1,2,1,0.965736,0.965736,0.965736,0.2222222222222222,0.2222222222222222,0.2222222222222222
1,2,1,0.965736,0.965736,0.965736,0.2222222222222222,0.2222222222222222,0.2222222222222222
1,2,1,0.965736,0.965736,0.965736,0.2222222222222222,0.2222222222222222,0.2222222222222222
1,2,1,0.965736,0.965736,0.965736,0.2222222222222222,0.2222222222222222,0.2222222222222222
1,2,1,0.965736,0.965736,0.965736,0.2222222222222222,0.2222222222222222,0.2222222222222222
1,2,1,0.965736,0.965736,0.965736,0.2222222222222222,0.2222222222222222,0.2222222222222222
1,2,1,0.965736,0.965736,0.965736,0.2222222222222222,0.2222222222222222,0.2222222222222222
1,2,1,0.965736,0.965736,0.965736,0.2222222222222222,0.2222222222222222,0.2222222222222222
1,2,1,0.965736,0.965736,0.965736,0.2222222222222222,0.2222222222222222,0.2222222222222222
1,2,2,0.965736,0.965736,0.965736,0.2222222222222222,0.2222222222222222,0.2222222222222222
1,2,2,0.965736,0.965736,0.965736,0.2222222222222222,0.2222222222222222,0.2222222222222222
1,2,2,0.965736,0.965736,0.965736,0.2222222222222222,0.2222222222222222,0.2222222222222222
1,2,2,0.965736,0.965736,0.965736,0.2222222222222222,0.2222222222222222,0.2222222222222222
1,2,2,0.965736,0.965736,0.965736,0.2222222222222222,0.2222222222222222,0.2222222222222222
1,2,2,0.965736,0.965736,0.965736,0.2222222222222222,0.2222222222222222,0.2222222222222222
1,2,2,0.965736,0.965736,0.965736,0.2222222222222222,0.2222222222222222,0.2222222222222222
1,2,2,0.965736,0.965736,0.965736,0.2222222222222222,0.2222222222222222,0.2222222222222222
1,2,2,0.965736,0.965736,0.965736,0.2222222222222222,0.2222222222222222,0.2222222222222222
0,0,0,0.8718089,0.8718089,0.8718089,0.7307692307692308,0.7307692307692308,0.7307692307692308
0,0,1,0.8718089,0.8718089,0.8718089,0.7307692307692308,0.7307692307692308,0.7307692307692308
0,0,2,0.8718089,0.8718089,0.8718089,0.7307692307692308,0.7307692307692308,0.7307692307692308
1,1,1,0.8718089,0.8718089,0.8718089,0.7307692307692308,0.7307692307692308,0.7307692307692308
1,1,1,0.8718089,0.8718089,0.8718089,0.7307692307692308,0.7307692307692308,0.7307692307692308
1,1,1,0.8718089,0.8718089,0.8718089,0.7307692307692308,0.7307692307692308,0.7307692307692308
1,1,1,0.8718089,0.8718089,0.8718089,0.7307692307692308,0.7307692307692308,0.7307692307692308
1,1,1,0.8718089,0.8718089,0.8718089,0.7307692307692308,0.7307692307692308,0.7307692307692308
1,1,1,0.8718089,0.8718089,0.8718089,0.7307692307692308,0.7307692307692308,0.7307692307692308
1,1,1,0.8718089,0.8718089,0.8718089,0.7307692307692308,0.7307692307692308,0.7307692307692308
1,1,1,0.8718089,0.8718089,0.8718089,0.7307692307692308,0.7307692307692308,0.7307692307692308
1,1,1,0.8718089,0.8718089,0.8718089,0.7307692307692308,0.7307692307692308,0.7307692307692308
1,1,2,0.8718089,0.8718089,0.8718089,0.7307692307692308,0.7307692307692308,0.7307692307692308
1,1,2,0.8718089,0.8718089,0.8718089,0.7307692307692308,0.7307692307692308,0.7307692307692308
1,1,2,0.8718089,0.8718089,0.8718089,0.7307692307692308,0.7307692307692308,0.7307692307692308
1,1,2,0.8718089,0.8718089,0.8718089,0.7307692307692308,0.7307692307692308,0.7307692307692308
1,1,2,0.8718089,0.8718089,0.8718089,0.7307692307692308,0.7307692307692308,0.7307692307692308
1,1,2,0.8718089,0.8718089,0.8718089,0.7307692307692308,0.7307692307692308,0.7307692307692308
1,1,2,0.8718089,0.8718089,0.8718089,0.7307692307692308,0.7307692307692308,0.7307692307692308
1,1,2,0.8718089,0.8718089,0.8718089,0.7307692307692308,0.7307692307692308,0.7307692307692308
1,1,2,0.8718089,0.8718089,0.8718089,0.7307692307692308,0.7307692307692308,0.7307692307692308
1,2,1,0.8718089,0.8718089,0.8718089,0.7307692307692308,0.7307692307692308,0.7307692307692308
1,2,1,0.8718089,0.8718089,0.8718089,0.7307692307692308,0.7307692307692308,0.7307692307692308
1,2,1,0.8718089,0.8718089,0.8718089,0.7307692307692308,0.7307692307692308,0.7307692307692308
1,2,1,0.8718089,0.8718089,0.8718089,0.7307692307692308,0.7307692307692308,0.7307692307692308
1,2,1,0.8718089,0.8718089,0.8718089,0.7307692307692308,0.7307692307692308,0.7307692307692308
1,2,1,0.8718089,0.8718089,0.8718089,0.7307692307692308,0.7307692307692308,0.7307692307692308
1,2,1,0.8718089,0.8718089,0.8718089,0.7307692307692308,0.7307692307692308,0.7307692307692308
1,2,1,0.8718089,0.8718089,0.8718089,0.7307692307692308,0.7307692307692308,0.7307692307692308
1,2,1,0.8718089,0.8718089,0.8718089,0.7307692307692308,0.7307692307692308,0.7307692307692308
1,2,2,0.8718089,0.8718089,0.8718089,0.7307692307692308,0.7307692307692308,0.7307692307692308
1,2,2,0.8718089,0.8718089,0.8718089,0.7307692307692308,0.7307692307692308,0.7307692307692308
1,2,2,0.8718089,0.8718089,0.8718089,0.7307692307692308,0.7307692307692308,0.7307692307692308
1,2,2,0.8718089,0.8718089,0.8718089,0.7307692307692308,0.7307692307692308,0.7307692307692308
1,2,2,0.8718089,0.8718089,0.8718089,0.7307692307692308,0.7307692307692308,0.7307692307692308
1,2,2,0.8718089,0.8718089,0.8718089,0.7307692307692308,0.7307692307692308,0.7307692307692308
1,2,2,0.8718089,0.8718089,0.8718089,0.7307692307692308,0.7307692307692308,0.7307692307692308
1,2,2,0.8718089,0.8718089,0.8718089,0.7307692307692308,0.7307692307692308,0.7307692307692308
1,2,2,0.8718089,0.8718089,0.8718089,0.7307692307692308,0.7307692307692308,0.7307692307692308
0,0,0,0.98783857,0.98783857,0.98783857,0.4603174603174603,0.4603174603174603,0.4603174603174603
0,0,1,0.98783857,0.98783857,0.98783857,0.4603174603174603,0.4603174603174603,0.4603174603174603
0,0,2,0.98783857,0.98783857,0.98783857,0.4603174603174603,0.4603174603174603,0.4603174603174603
1,1,1,0.98783857,0.98783857,0.98783857,0.4603174603174603,0.4603174603174603,0.4603174603174603
1,1,1,0.98783857,0.98783857,0.98783857,0.4603174603174603,0.4603174603174603,0.4603174603174603
1,1,1,0.98783857,0.98783857,0.98783857,0.4603174603174603,0.4603174603174603,0.4603174603174603
1,1,1,0.98783857,0.98783857,0.98783857,0.4603174603174603,0.4603174603174603,0.4603174603174603
1,1,1,0.98783857,0.98783857,0.98783857,0.4603174603174603,0.4603174603174603,0.4603174603174603
1,1,1,0.98783857,0.98783857,0.98783857,0.4603174603174603,0.4603174603174603,0.4603174603174603
1,1,1,0.98783857,0.98783857,0.98783857,0.4603174603174603,0.4603174603174603,0.4603174603174603
1,1,1,0.98783857,0.98783857,0.98783857,0.4603174603174603,0.4603174603174603,0.4603174603174603
1,1,1,0.98783857,0.98783857,0.98783857,0.4603174603174603,0.4603174603174603,0.4603174603174603
1,1,2,0.98783857,0.98783857,0.98783857,0.4603174603174603,0.4603174603174603,0.4603174603174603
1,1,2,0.98783857,0.98783857,0.98783857,0.4603174603174603,0.4603174603174603,0.4603174603174603
1,1,2,0.98783857,0.98783857,0.98783857,0.4603174603174603,0.4603174603174603,0.4603174603174603
1,1,2,0.98783857,0.98783857,0.98783857,0.4603174603174603,0.4603174603174603,0.4603174603174603
1,1,2,0.98783857,0.98783857,0.98783857,0.4603174603174603,0.4603174603174603,0.4603174603174603
1,1,2,0.98783857,0.98783857,0.98783857,0.4603174603174603,0.4603174603174603,0.4603174603174603
1,1,2,0.98783857,0.98783857,0.98783857,0.4603174603174603,0.4603174603174603,0.4603174603174603
1,1,2,0.98783857,0.98783857,0.98783857,0.4603174603174603,0.4603174603174603,0.4603174603174603
1,1,2,0.98783857,0.98783857,0.98783857,0.4603174603174603,0.4603174603174603,0.4603174603174603
1,2,1,0.98783857,0.98783857,0.98783857,0.4603174603174603,0.4603174603174603,0.4603174603174603
1,2,1,0.98783857,0.98783857,0.98783857,0.4603174603174603,0.4603174603174603,0.4603174603174603
1,2,1,0.98783857,0.98783857,0.98783857,0.4603174603174603,0.4603174603174603,0.4603174603174603
1,2,1,0.98783857,0.98783857,0.98783857,0.4603174603174603,0.4603174603174603,0.4603174603174603
1,2,1,0.98783857,0.98783857,0.98783857,0.4603174603174603,0.4603174603174603,0.4603174603174603
1,2,1,0.98783857,0.98783857,0.98783857,0.4603174603174603,0.4603174603174603,0.4603174603174603
1,2,1,0.98783857,0.98783857,0.98783857,0.4603174603174603,0.4603174603174603,0.4603174603174603
1,2,1,0.98783857,0.98783857,0.98783857,0.4603174603174603,0.4603174603174603,0.4603174603174603
1,2,1,0.98783857,0.98783857,0.98783857,0.4603174603174603,0.4603174603174603,0.4603174603174603
1,2,2,0.98783857,0.98783857,0.98783857,0.4603174603174603,0.4603174603174603,0.4603174603174603
1,2,2,0.98783857,0.98783857,0.98783857,0.4603174603174603,0.4603174603174603,0.4603174603174603
1,2,2,0.98783857,0.98783857,0.98783857,0.4603174603174603,0.4603174603174603,0.4603174603174603
1,2,2,0.98783857,0.98783857,0.98783857,0.4603174603174603,0.4603174603174603,0.4603174603174603
1,2,2,0.98783857,0.98783857,0.98783857,0.4603174603174603,0.4603174603174603,0.4603174603174603
1,2,2,0.98783857,0.98783857,0.98783857,0.4603174603174603,0.4603174603174603,0.4603174603174603
1,2,2,0.98783857,0.98783857,0.98783857,0.4603174603174603,0.4603174603174603,0.4603174603174603
1,2,2,0.98783857,0.98783857,0.98783857,0.4603174603174603,0.4603174603174603,0.4603174603174603
1,2,2,0.98783857,0.98783857,0.98783857,0.4603174603174603,0.4603174603174603,0.4603174603174603
0,0,0,0.96297497,0.96297497,0.96297497,0.4705882352941176,0.4705882352941176,0.4705882352941176
0,0,1,0.96297497,0.96297497,0.96297497,0.4705882352941176,0.4705882352941176,0.4705882352941176
0,0,2,0.96297497,0.96297497,0.96297497,0.4705882352941176,0.4705882352941176,0.4705882352941176
1,1,1,0.96297497,0.96297497,0.96297497,0.4705882352941176,0.4705882352941176,0.4705882352941176
1,1,1,0.96297497,0.96297497,0.96297497,0.4705882352941176,0.4705882352941176,0.4705882352941176
1,1,1,0.96297497,0.96297497,0.96297497,0.4705882352941176,0.4705882352941176,0.4705882352941176
1,1,1,0.96297497,0.96297497,0.96297497,0.4705882352941176,0.4705882352941176,0.4705882352941176
1,1,1,0.96297497,0.96297497,0.96297497,0.4705882352941176,0.4705882352941176,0.4705882352941176
1,1,1,0.96297497,0.96297497,0.96297497,0.4705882352941176,0.4705882352941176,0.4705882352941176
1,1,1,0.96297497,0.96297497,0.96297497,0.4705882352941176,0.4705882352941176,0.4705882352941176
1,1,1,0.96297497,0.96297497,0.96297497,0.4705882352941176,0.4705882352941176,0.4705882352941176
1,1,1,0.96297497,0.96297497,0.96297497,0.4705882352941176,0.4705882352941176,0.4705882352941176
1,1,2,0.96297497,0.96297497,0.96297497,0.4705882352941176,0.4705882352941176,0.4705882352941176
1,1,2,0.96297497,0.96297497,0.96297497,0.4705882352941176,0.4705882352941176,0.4705882352941176
1,1,2,0.96297497,0.96297497,0.96297497,0.4705882352941176,0.4705882352941176,0.4705882352941176
1,1,2,0.96297497,0.96297497,0.96297497,0.4705882352941176,0.4705882352941176,0.4705882352941176
1,1,2,0.96297497,0.96297497,0.96297497,0.4705882352941176,0.4705882352941176,0.4705882352941176
1,1,2,0.96297497,0.96297497,0.96297497,0.4705882352941176,0.4705882352941176,0.4705882352941176
1,1,2,0.96297497,0.96297497,0.96297497,0.4705882352941176,0.4705882352941176,0.4705882352941176
1,1,2,0.96297497,0.96297497,0.96297497,0.4705882352941176,0.4705882352941176,0.4705882352941176
1,1,2,0.96297497,0.96297497,0.96297497,0.4705882352941176,0.4705882352941176,0.4705882352941176
1,2,1,0.96297497,0.96297497,0.96297497,0.4705882352941176,0.4705882352941176,0.4705882352941176
1,2,1,0.96297497,0.96297497,0.96297497,0.4705882352941176,0.4705882352941176,0.4705882352941176
1,2,1,0.96297497,0.96297497,0.96297497,0.4705882352941176,0.4705882352941176,0.4705882352941176
1,2,1,0.96297497,0.96297497,0.96297497,0.4705882352941176,0.4705882352941176,0.4705882352941176
1,2,1,0.96297497,0.96297497,0.96297497,0.4705882352941176,0.4705882352941176,0.4705882352941176
1,2,1,0.96297497,0.96297497,0.96297497,0.4705882352941176,0.4705882352941176,0.4705882352941176
1,2,1,0.96297497,0.96297497,0.96297497,0.4705882352941176,0.4705882352941176,0.4705882352941176
1,2,1,0.96297497,0.96297497,0.96297497,0.4705882352941176,0.4705882352941176,0.4705882352941176
1,2,1,0.96297497,0.96297497,0.96297497,0.4705882352941176,0.4705882352941176,0.4705882352941176
1,2,2,0.96297497,0.96297497,0.96297497,0.4705882352941176,0.4705882352941176,0.4705882352941176
1,2,2,0.96297497,0.96297497,0.96297497,0.4705882352941176,0.4705882352941176,0.4705882352941176
1,2,2,0.96297497,0.96297497,0.96297497,0.4705882352941176,0.4705882352941176,0.4705882352941176
1,2,2,0.96297497,0.96297497,0.96297497,0.4705882352941176,0.4705882352941176,0.4705882352941176
1,2,2,0.96297497,0.96297497,0.96297497,0.4705882352941176,0.4705882352941176,0.4705882352941176
1,2,2,0.96297497,0.96297497,0.96297497,0.4705882352941176,0.4705882352941176,0.4705882352941176
1,2,2,0.96297497,0.96297497,0.96297497,0.4705882352941176,0.4705882352941176,0.4705882352941176
1,2,2,0.96297497,0.96297497,0.96297497,0.4705882352941176,0.4705882352941176,0.4705882352941176
1,2,2,0.96297497,0.96297497,0.96297497,0.4705882352941176,0.4705882352941176,0.4705882352941176
0,0,0,0.8456416,0.8456416,0.8456416,0.8664383561643836,0.8664383561643836,0.8664383561643836
0,0,1,0.8456416,0.8456416,0.8456416,0.8664383561643836,0.8664383561643836,0.8664383561643836
0,0,2,0.8456416,0.8456416,0.8456416,0.8664383561643836,0.8664383561643836,0.8664383561643836
1,1,1,0.8456416,0.8456416,0.8456416,0.8664383561643836,0.8664383561643836,0.8664383561643836
1,1,1,0.8456416,0.8456416,0.8456416,0.8664383561643836,0.8664383561643836,0.8664383561643836
1,1,1,0.8456416,0.8456416,0.8456416,0.8664383561643836,0.8664383561643836,0.8664383561643836
1,1,1,0.8456416,0.8456416,0.8456416,0.8664383561643836,0.8664383561643836,0.8664383561643836
1,1,1,0.8456416,0.8456416,0.8456416,0.8664383561643836,0.8664383561643836,0.8664383561643836
1,1,1,0.8456416,0.8456416,0.8456416,0.8664383561643836,0.8664383561643836,0.8664383561643836
1,1,1,0.8456416,0.8456416,0.8456416,0.8664383561643836,0.8664383561643836,0.8664383561643836
1,1,1,0.8456416,0.8456416,0.8456416,0.8664383561643836,0.8664383561643836,0.8664383561643836
1,1,1,0.8456416,0.8456416,0.8456416,0.8664383561643836,0.8664383561643836,0.8664383561643836
1,1,2,0.8456416,0.8456416,0.8456416,0.8664383561643836,0.8664383561643836,0.8664383561643836
1,1,2,0.8456416,0.8456416,0.8456416,0.8664383561643836,0.8664383561643836,0.8664383561643836
1,1,2,0.8456416,0.8456416,0.8456416,0.8664383561643836,0.8664383561643836,0.8664383561643836
1,1,2,0.8456416,0.8456416,0.8456416,0.8664383561643836,0.8664383561643836,0.8664383561643836
1,1,2,0.8456416,0.8456416,0.8456416,0.8664383561643836,0.8664383561643836,0.8664383561643836
1,1,2,0.8456416,0.8456416,0.8456416,0.8664383561643836,0.8664383561643836,0.8664383561643836
1,1,2,0.8456416,0.8456416,0.8456416,0.8664383561643836,0.8664383561643836,0.8664383561643836
1,1,2,0.8456416,0.8456416,0.8456416,0.8664383561643836,0.8664383561643836,0.8664383561643836
1,1,2,0.8456416,0.8456416,0.8456416,0.8664383561643836,0.8664383561643836,0.8664383561643836
1,2,1,0.8456416,0.8456416,0.8456416,0.8664383561643836,0.8664383561643836,0.8664383561643836
1,2,1,0.8456416,0.8456416,0.8456416,0.8664383561643836,0.8664383561643836,0.8664383561643836
1,2,1,0.8456416,0.8456416,0.8456416,0.8664383561643836,0.8664383561643836,0.8664383561643836
1,2,1,0.8456416,0.8456416,0.8456416,0.8664383561643836,0.8664383561643836,0.8664383561643836
1,2,1,0.8456416,0.8456416,0.8456416,0.8664383561643836,0.8664383561643836,0.8664383561643836
1,2,1,0.8456416,0.8456416,0.8456416,0.8664383561643836,0.8664383561643836,0.8664383561643836
1,2,1,0.8456416,0.8456416,0.8456416,0.8664383561643836,0.8664383561643836,0.8664383561643836
1,2,1,0.8456416,0.8456416,0.8456416,0.8664383561643836,0.8664383561643836,0.8664383561643836
1,2,1,0.8456416,0.8456416,0.8456416,0.8664383561643836,0.8664383561643836,0.8664383561643836
1,2,2,0.8456416,0.8456416,0.8456416,0.8664383561643836,0.8664383561643836,0.8664383561643836
1,2,2,0.8456416,0.8456416,0.8456416,0.8664383561643836,0.8664383561643836,0.8664383561643836
1,2,2,0.8456416,0.8456416,0.8456416,0.8664383561643836,0.8664383561643836,0.8664383561643836
1,2,2,0.8456416,0.8456416,0.8456416,0.8664383561643836,0.8664383561643836,0.8664383561643836
1,2,2,0.8456416,0.8456416,0.8456416,0.8664383561643836,0.8664383561643836,0.8664383561643836
1,2,2,0.8456416,0.8456416,0.8456416,0.8664383561643836,0.8664383561643836,0.8664383561643836
1,2,2,0.8456416,0.8456416,0.8456416,0.8664383561643836,0.8664383561643836,0.8664383561643836
1,2,2,0.8456416,0.8456416,0.8456416,0.8664383561643836,0.8664383561643836,0.8664383561643836
1,2,2,0.8456416,0.8456416,0.8456416,0.8664383561643836,0.8664383561643836,0.8664383561643836
0,0,0,0.903908,0.903908,0.903908,0.4722222222222222,0.4722222222222222,0.4722222222222222
0,0,1,0.903908,0.903908,0.903908,0.4722222222222222,0.4722222222222222,0.4722222222222222
0,0,2,0.903908,0.903908,0.903908,0.4722222222222222,0.4722222222222222,0.4722222222222222
1,1,1,0.903908,0.903908,0.903908,0.4722222222222222,0.4722222222222222,0.4722222222222222
1,1,1,0.903908,0.903908,0.903908,0.4722222222222222,0.4722222222222222,0.4722222222222222
1,1,1,0.903908,0.903908,0.903908,0.4722222222222222,0.4722222222222222,0.4722222222222222
1,1,1,0.903908,0.903908,0.903908,0.4722222222222222,0.4722222222222222,0.4722222222222222
1,1,1,0.903908,0.903908,0.903908,0.4722222222222222,0.4722222222222222,0.4722222222222222
1,1,1,0.903908,0.903908,0.903908,0.4722222222222222,0.4722222222222222,0.4722222222222222
1,1,1,0.903908,0.903908,0.903908,0.4722222222222222,0.4722222222222222,0.4722222222222222
1,1,1,0.903908,0.903908,0.903908,0.4722222222222222,0.4722222222222222,0.4722222222222222
1,1,1,0.903908,0.903908,0.903908,0.4722222222222222,0.4722222222222222,0.4722222222222222
1,1,2,0.903908,0.903908,0.903908,0.4722222222222222,0.4722222222222222,0.4722222222222222
1,1,2,0.903908,0.903908,0.903908,0.4722222222222222,0.4722222222222222,0.4722222222222222
1,1,2,0.903908,0.903908,0.903908,0.4722222222222222,0.4722222222222222,0.4722222222222222
1,1,2,0.903908,0.903908,0.903908,0.4722222222222222,0.4722222222222222,0.4722222222222222
1,1,2,0.903908,0.903908,0.903908,0.4722222222222222,0.4722222222222222,0.4722222222222222
1,1,2,0.903908,0.903908,0.903908,0.4722222222222222,0.4722222222222222,0.4722222222222222
1,1,2,0.903908,0.903908,0.903908,0.4722222222222222,0.4722222222222222,0.4722222222222222
1,1,2,0.903908,0.903908,0.903908,0.4722222222222222,0.4722222222222222,0.4722222222222222
1,1,2,0.903908,0.903908,0.903908,0.4722222222222222,0.4722222222222222,0.4722222222222222
1,2,1,0.903908,0.903908,0.903908,0.4722222222222222,0.4722222222222222,0.4722222222222222
1,2,1,0.903908,0.903908,0.903908,0.4722222222222222,0.4722222222222222,0.4722222222222222
1,2,1,0.903908,0.903908,0.903908,0.4722222222222222,0.4722222222222222,0.4722222222222222
1,2,1,0.903908,0.903908,0.903908,0.4722222222222222,0.4722222222222222,0.4722222222222222
1,2,1,0.903908,0.903908,0.903908,0.4722222222222222,0.4722222222222222,0.4722222222222222
1,2,1,0.903908,0.903908,0.903908,0.4722222222222222,0.4722222222222222,0.4722222222222222
1,2,1,0.903908,0.903908,0.903908,0.4722222222222222,0.4722222222222222,0.4722222222222222
1,2,1,0.903908,0.903908,0.903908,0.4722222222222222,0.4722222222222222,0.4722222222222222
1,2,1,0.903908,0.903908,0.903908,0.4722222222222222,0.4722222222222222,0.4722222222222222
1,2,2,0.903908,0.903908,0.903908,0.4722222222222222,0.4722222222222222,0.4722222222222222
1,2,2,0.903908,0.903908,0.903908,0.4722222222222222,0.4722222222222222,0.4722222222222222
1,2,2,0.903908,0.903908,0.903908,0.4722222222222222,0.4722222222222222,0.4722222222222222
1,2,2,0.903908,0.903908,0.903908,0.4722222222222222,0.4722222222222222,0.4722222222222222
1,2,2,0.903908,0.903908,0.903908,0.4722222222222222,0.4722222222222222,0.4722222222222222
1,2,2,0.903908,0.903908,0.903908,0.4722222222222222,0.4722222222222222,0.4722222222222222
1,2,2,0.903908,0.903908,0.903908,0.4722222222222222,0.4722222222222222,0.4722222222222222
1,2,2,0.903908,0.903908,0.903908,0.4722222222222222,0.4722222222222222,0.4722222222222222
1,2,2,0.903908,0.903908,0.903908,0.4722222222222222,0.4722222222222222,0.4722222222222222
0,0,0,0.8572777,0.8572777,0.8572777,0.875,0.875,0.875
0,0,1,0.8572777,0.8572777,0.8572777,0.875,0.875,0.875
0,0,2,0.8572777,0.8572777,0.8572777,0.875,0.875,0.875
1,1,1,0.8572777,0.8572777,0.8572777,0.875,0.875,0.875
1,1,1,0.8572777,0.030231573,0.8572777,0.875,0.0,0.875
1,1,1,0.8572777,0.030231573,0.8572777,0.875,0.0,0.875
1,1,1,0.8572777,0.8572777,0.8572777,0.875,0.875,0.875
1,1,1,0.8572777,0.8572777,0.8572777,0.875,0.875,0.875
1,1,1,0.8572777,0.8572777,0.8572777,0.875,0.875,0.875
1,1,1,0.8572777,0.030231573,0.8572777,0.875,0.0,0.875
1,1,1,0.8572777,0.8572777,0.8572777,0.875,0.875,0.875
1,1,1,0.8572777,0.8572777,0.8572777,0.875,0.875,0.875
1,1,2,0.8572777,0.8572777,0.8572777,0.875,0.875,0.875
1,1,2,0.8572777,0.030231573,0.8572777,0.875,0.0,0.875
1,1,2,0.8572777,0.030231573,0.8572777,0.875,0.0,0.875
1,1,2,0.8572777,0.8572777,0.8572777,0.875,0.875,0.875
1,1,2,0.8572777,0.8572777,0.8572777,0.875,0.875,0.875
1,1,2,0.8572777,0.030231573,0.8572777,0.875,0.0,0.875
1,1,2,0.8572777,0.030231573,0.8572777,0.875,0.0,0.875
1,1,2,0.8572777,0.8572777,0.8572777,0.875,0.875,0.875
1,1,2,0.8572777,0.030231573,0.8572777,0.875,0.0,0.875
1,2,1,0.8572777,0.8572777,0.8572777,0.875,0.875,0.875
1,2,1,0.8572777,0.8572777,0.8572777,0.875,0.875,0.875
1,2,1,0.8572777,0.030231573,0.8572777,0.875,0.0,0.875
1,2,1,0.8572777,0.030231573,0.8572777,0.875,0.0,0.875
1,2,1,0.8572777,0.8572777,0.8572777,0.875,0.875,0.875
1,2,1,0.8572777,0.8572777,0.8572777,0.875,0.875,0.875
1,2,1,0.8572777,0.030231573,0.8572777,0.875,0.0,0.875
1,2,1,0.8572777,0.030231573,0.8572777,0.875,0.0,0.875
1,2,1,0.8572777,0.8572777,0.8572777,0.875,0.875,0.875
1,2,2,0.8572777,0.030231573,0.8572777,0.875,0.0,0.875
1,2,2,0.8572777,0.030231573,0.8572777,0.875,0.0,0.875
1,2,2,0.8572777,0.030231573,0.8572777,0.875,0.0,0.875
1,2,2,0.8572777,0.5754758,0.8572777,0.875,0.4722222222222222,0.875
1,2,2,0.8572777,0.030231573,0.8572777,0.875,0.0,0.875
1,2,2,0.8572777,0.030231573,0.8572777,0.875,0.0,0.875
1,2,2,0.8572777,0.5754758,0.8572777,0.875,0.4722222222222222,0.875
1,2,2,0.8572777,0.030231573,0.8572777,0.875,0.0,0.875
1,2,2,0.8572777,0.030231573,0.8572777,0.875,0.0,0.875
0,0,0,0.98444057,0.98444057,0.98444057,0.5303030303030303,0.5303030303030303,0.5303030303030303
0,0,1,0.98444057,0.98444057,-0.0110766385,0.5303030303030303,0.5303030303030303,0.0
0,0,2,0.98444057,0.98444057,-0.0110766385,0.5303030303030303,0.5303030303030303,0.0
1,1,1,0.98444057,0.98444057,-0.0110766385,0.5303030303030303,0.5303030303030303,0.0
1,1,1,0.98444057,0.98444057,-0.0110766385,0.5303030303030303,0.5303030303030303,0.0
1,1,1,0.98444057,0.98444057,-0.0110766385,0.5303030303030303,0.5303030303030303,0.0
1,1,1,0.98444057,0.98444057,-0.0110766385,0.5303030303030303,0.5303030303030303,0.0
1,1,1,0.98444057,0.98444057,-0.0110766385,0.5303030303030303,0.5303030303030303,0.0
1,1,1,0.98444057,0.98444057,-0.0110766385,0.5303030303030303,0.5303030303030303,0.0
1,1,1,0.98444057,0.98444057,-0.0110766385,0.5303030303030303,0.5303030303030303,0.0
1,1,1,0.98444057,0.98444057,-0.0110766385,0.5303030303030303,0.5303030303030303,0.0
1,1,1,0.98444057,0.98444057,-0.0110766385,0.5303030303030303,0.5303030303030303,0.0
1,1,2,0.98444057,0.98444057,-0.0110766385,0.5303030303030303,0.5303030303030303,0.0
1,1,2,0.98444057,0.98444057,-0.0110766385,0.5303030303030303,0.5303030303030303,0.0
1,1,2,0.98444057,0.98444057,-0.0110766385,0.5303030303030303,0.5303030303030303,0.0
1,1,2,0.98444057,0.98444057,-0.0110766385,0.5303030303030303,0.5303030303030303,0.0
1,1,2,0.98444057,0.98444057,-0.0110766385,0.5303030303030303,0.5303030303030303,0.0
1,1,2,0.98444057,0.98444057,-0.0110766385,0.5303030303030303,0.5303030303030303,0.0
1,1,2,0.98444057,0.98444057,-0.0110766385,0.5303030303030303,0.5303030303030303,0.0
1,1,2,0.98444057,0.98444057,-0.0110766385,0.5303030303030303,0.5303030303030303,0.0
1,1,2,0.98444057,0.98444057,-0.0110766385,0.5303030303030303,0.5303030303030303,0.0
1,2,1,0.98444057,0.98444057,-0.0110766385,0.5303030303030303,0.5303030303030303,0.0
1,2,1,0.98444057,0.98444057,-0.0110766385,0.5303030303030303,0.5303030303030303,0.0
1,2,1,0.98444057,0.98444057,-0.0110766385,0.5303030303030303,0.5303030303030303,0.0
1,2,1,0.98444057,0.98444057,-0.0110766385,0.5303030303030303,0.5303030303030303,0.0
1,2,1,0.98444057,0.98444057,-0.0110766385,0.5303030303030303,0.5303030303030303,0.0
1,2,1,0.98444057,0.98444057,-0.0110766385,0.5303030303030303,0.5303030303030303,0.0
1,2,1,0.98444057,0.98444057,-0.0110766385,0.5303030303030303,0.5303030303030303,0.0
1,2,1,0.98444057,0.98444057,-0.0110766385,0.5303030303030303,0.5303030303030303,0.0
1,2,1,0.98444057,0.98444057,-0.0110766385,0.5303030303030303,0.5303030303030303,0.0
1,2,2,0.98444057,0.98444057,-0.0110766385,0.5303030303030303,0.5303030303030303,0.0
1,2,2,0.98444057,0.98444057,-0.0110766385,0.5303030303030303,0.5303030303030303,0.0
1,2,2,0.98444057,0.98444057,-0.0110766385,0.5303030303030303,0.5303030303030303,0.0
1,2,2,0.98444057,0.98444057,-0.0110766385,0.5303030303030303,0.5303030303030303,0.0
1,2,2,0.98444057,0.98444057,-0.0110766385,0.5303030303030303,0.5303030303030303,0.0
1,2,2,0.98444057,0.98444057,-0.0110766385,0.5303030303030303,0.5303030303030303,0.0
1,2,2,0.98444057,0.98444057,-0.0110766385,0.5303030303030303,0.5303030303030303,0.0
1,2,2,0.98444057,0.98444057,-0.0110766385,0.5303030303030303,0.5303030303030303,0.0
1,2,2,0.98444057,0.98444057,-0.0110766385,0.5303030303030303,0.5303030303030303,0.0
0,0,0,0.77369934,0.77369934,0.77369934,0.6547619047619048,0.6547619047619048,0.6547619047619048
0,0,1,0.77369934,0.77369934,0.77369934,0.6547619047619048,0.6547619047619048,0.6547619047619048
0,0,2,0.77369934,0.77369934,0.77369934,0.6547619047619048,0.6547619047619048,0.6547619047619048
1,1,1,0.77369934,0.77369934,0.77369934,0.6547619047619048,0.6547619047619048,0.6547619047619048
1,1,1,0.77369934,0.77369934,0.77369934,0.6547619047619048,0.6547619047619048,0.6547619047619048
1,1,1,0.77369934,0.77369934,0.77369934,0.6547619047619048,0.6547619047619048,0.6547619047619048
1,1,1,0.77369934,0.77369934,0.77369934,0.6547619047619048,0.6547619047619048,0.6547619047619048
1,1,1,0.77369934,0.77369934,0.77369934,0.6547619047619048,0.6547619047619048,0.6547619047619048
1,1,1,0.77369934,0.77369934,0.77369934,0.6547619047619048,0.6547619047619048,0.6547619047619048
1,1,1,0.77369934,0.77369934,0.77369934,0.6547619047619048,0.6547619047619048,0.6547619047619048
1,1,1,0.77369934,0.77369934,0.77369934,0.6547619047619048,0.6547619047619048,0.6547619047619048
1,1,1,0.77369934,0.77369934,0.77369934,0.6547619047619048,0.6547619047619048,0.6547619047619048
1,1,2,0.77369934,0.77369934,0.77369934,0.6547619047619048,0.6547619047619048,0.6547619047619048
1,1,2,0.77369934,0.77369934,0.77369934,0.6547619047619048,0.6547619047619048,0.6547619047619048
1,1,2,0.77369934,0.77369934,0.77369934,0.6547619047619048,0.6547619047619048,0.6547619047619048
1,1,2,0.77369934,0.77369934,0.77369934,0.6547619047619048,0.6547619047619048,0.6547619047619048
1,1,2,0.77369934,0.77369934,0.77369934,0.6547619047619048,0.6547619047619048,0.6547619047619048
1,1,2,0.77369934,0.77369934,0.77369934,0.6547619047619048,0.6547619047619048,0.6547619047619048
1,1,2,0.77369934,0.77369934,0.77369934,0.6547619047619048,0.6547619047619048,0.6547619047619048
1,1,2,0.77369934,0.77369934,0.77369934,0.6547619047619048,0.6547619047619048,0.6547619047619048
1,1,2,0.77369934,0.77369934,0.77369934,0.6547619047619048,0.6547619047619048,0.6547619047619048
1,2,1,0.77369934,0.77369934,0.77369934,0.6547619047619048,0.6547619047619048,0.6547619047619048
1,2,1,0.77369934,0.77369934,0.77369934,0.6547619047619048,0.6547619047619048,0.6547619047619048
1,2,1,0.77369934,0.77369934,0.77369934,0.6547619047619048,0.6547619047619048,0.6547619047619048
1,2,1,0.77369934,0.77369934,0.77369934,0.6547619047619048,0.6547619047619048,0.6547619047619048
1,2,1,0.77369934,0.77369934,0.77369934,0.6547619047619048,0.6547619047619048,0.6547619047619048
1,2,1,0.77369934,0.77369934,0.77369934,0.6547619047619048,0.6547619047619048,0.6547619047619048
1,2,1,0.77369934,0.77369934,0.77369934,0.6547619047619048,0.6547619047619048,0.6547619047619048
1,2,1,0.77369934,0.77369934,0.77369934,0.6547619047619048,0.6547619047619048,0.6547619047619048
1,2,1,0.77369934,0.77369934,0.77369934,0.6547619047619048,0.6547619047619048,0.6547619047619048
1,2,2,0.77369934,0.77369934,0.77369934,0.6547619047619048,0.6547619047619048,0.6547619047619048
1,2,2,0.77369934,0.77369934,0.77369934,0.6547619047619048,0.6547619047619048,0.6547619047619048
1,2,2,0.77369934,0.77369934,0.77369934,0.6547619047619048,0.6547619047619048,0.6547619047619048
1,2,2,0.77369934,0.77369934,0.77369934,0.6547619047619048,0.6547619047619048,0.6547619047619048
1,2,2,0.77369934,0.77369934,0.77369934,0.6547619047619048,0.6547619047619048,0.6547619047619048
1,2,2,0.77369934,0.77369934,0.77369934,0.6547619047619048,0.6547619047619048,0.6547619047619048
1,2,2,0.77369934,0.77369934,0.77369934,0.6547619047619048,0.6547619047619048,0.6547619047619048
1,2,2,0.77369934,0.77369934,0.77369934,0.6547619047619048,0.6547619047619048,0.6547619047619048
1,2,2,0.77369934,0.77369934,0.77369934,0.6547619047619048,0.6547619047619048,0.6547619047619048
0,0,0,0.8257675,0.8257675,0.8257675,0.7989949748743719,0.7989949748743719,0.7989949748743719
0,0,1,0.8257675,0.8257675,0.8257675,0.7989949748743719,0.7989949748743719,0.7989949748743719
0,0,2,0.8257675,0.8257675,0.8257675,0.7989949748743719,0.7989949748743719,0.7989949748743719
1,1,1,0.8257675,0.8257675,0.8257675,0.7989949748743719,0.7989949748743719,0.7989949748743719
1,1,1,0.8257675,0.8257675,0.8257675,0.7989949748743719,0.7989949748743719,0.7989949748743719
1,1,1,0.8257675,0.8257675,0.8257675,0.7989949748743719,0.7989949748743719,0.7989949748743719
1,1,1,0.8257675,0.8257675,0.8257675,0.7989949748743719,0.7989949748743719,0.7989949748743719
1,1,1,0.8257675,0.8257675,0.8257675,0.7989949748743719,0.7989949748743719,0.7989949748743719
1,1,1,0.8257675,0.8257675,0.8257675,0.7989949748743719,0.7989949748743719,0.7989949748743719
1,1,1,0.8257675,0.8257675,0.8257675,0.7989949748743719,0.7989949748743719,0.7989949748743719
1,1,1,0.8257675,0.8257675,0.8257675,0.7989949748743719,0.7989949748743719,0.7989949748743719
1,1,1,0.8257675,0.8257675,0.8257675,0.7989949748743719,0.7989949748743719,0.7989949748743719
1,1,2,0.8257675,0.8257675,0.8257675,0.7989949748743719,0.7989949748743719,0.7989949748743719
1,1,2,0.8257675,0.8257675,0.8257675,0.7989949748743719,0.7989949748743719,0.7989949748743719
1,1,2,0.8257675,0.8257675,0.8257675,0.7989949748743719,0.7989949748743719,0.7989949748743719
1,1,2,0.8257675,0.8257675,0.8257675,0.7989949748743719,0.7989949748743719,0.7989949748743719
1,1,2,0.8257675,0.8257675,0.8257675,0.7989949748743719,0.7989949748743719,0.7989949748743719
1,1,2,0.8257675,0.8257675,0.8257675,0.7989949748743719,0.7989949748743719,0.7989949748743719
1,1,2,0.8257675,0.8257675,0.8257675,0.7989949748743719,0.7989949748743719,0.7989949748743719
1,1,2,0.8257675,0.8257675,0.8257675,0.7989949748743719,0.7989949748743719,0.7989949748743719
1,1,2,0.8257675,0.8257675,0.8257675,0.7989949748743719,0.7989949748743719,0.7989949748743719
1,2,1,0.8257675,0.8257675,0.8257675,0.7989949748743719,0.7989949748743719,0.7989949748743719
1,2,1,0.8257675,0.8257675,0.8257675,0.7989949748743719,0.7989949748743719,0.7989949748743719
1,2,1,0.8257675,0.8257675,0.8257675,0.7989949748743719,0.7989949748743719,0.7989949748743719
1,2,1,0.8257675,0.8257675,0.8257675,0.7989949748743719,0.7989949748743719,0.7989949748743719
1,2,1,0.8257675,0.8257675,0.8257675,0.7989949748743719,0.7989949748743719,0.7989949748743719
1,2,1,0.8257675,0.8257675,0.8257675,0.7989949748743719,0.7989949748743719,0.7989949748743719
1,2,1,0.8257675,0.8257675,0.8257675,0.7989949748743719,0.7989949748743719,0.7989949748743719
1,2,1,0.8257675,0.8257675,0.8257675,0.7989949748743719,0.7989949748743719,0.7989949748743719
1,2,1,0.8257675,0.8257675,0.8257675,0.7989949748743719,0.7989949748743719,0.7989949748743719
1,2,2,0.8257675,0.8257675,0.8257675,0.7989949748743719,0.7989949748743719,0.7989949748743719
1,2,2,0.8257675,0.8257675,0.8257675,0.7989949748743719,0.7989949748743719,0.7989949748743719
1,2,2,0.8257675,0.8257675,0.8257675,0.7989949748743719,0.7989949748743719,0.7989949748743719
1,2,2,0.8257675,0.8257675,0.8257675,0.7989949748743719,0.7989949748743719,0.7989949748743719
1,2,2,0.8257675,0.8257675,0.8257675,0.7989949748743719,0.7989949748743719,0.7989949748743719
1,2,2,0.8257675,0.8257675,0.8257675,0.7989949748743719,0.7989949748743719,0.7989949748743719
1,2,2,0.8257675,0.8257675,0.8257675,0.7989949748743719,0.7989949748743719,0.7989949748743719
1,2,2,0.8257675,0.8257675,0.8257675,0.7989949748743719,0.7989949748743719,0.7989949748743719
1,2,2,0.8257675,0.8257675,0.8257675,0.7989949748743719,0.7989949748743719,0.7989949748743719
0,0,0,0.83554244,0.83554244,0.83554244,0.7840909090909091,0.7840909090909091,0.7840909090909091
0,0,1,0.83554244,0.83554244,0.83554244,0.7840909090909091,0.7840909090909091,0.7840909090909091
0,0,2,0.83554244,0.83554244,0.83554244,0.7840909090909091,0.7840909090909091,0.7840909090909091
1,1,1,0.83554244,0.83554244,0.83554244,0.7840909090909091,0.7840909090909091,0.7840909090909091
1,1,1,0.83554244,0.83554244,0.83554244,0.7840909090909091,0.7840909090909091,0.7840909090909091
1,1,1,0.83554244,0.83554244,0.83554244,0.7840909090909091,0.7840909090909091,0.7840909090909091
1,1,1,0.83554244,0.83554244,0.83554244,0.7840909090909091,0.7840909090909091,0.7840909090909091
1,1,1,0.83554244,0.83554244,0.83554244,0.7840909090909091,0.7840909090909091,0.7840909090909091
1,1,1,0.83554244,0.83554244,0.83554244,0.7840909090909091,0.7840909090909091,0.7840909090909091
1,1,1,0.83554244,0.83554244,0.83554244,0.7840909090909091,0.7840909090909091,0.7840909090909091
1,1,1,0.83554244,0.83554244,0.83554244,0.7840909090909091,0.7840909090909091,0.7840909090909091
1,1,1,0.83554244,0.83554244,0.83554244,0.7840909090909091,0.7840909090909091,0.7840909090909091
1,1,2,0.83554244,0.83554244,0.83554244,0.7840909090909091,0.7840909090909091,0.7840909090909091
1,1,2,0.83554244,0.83554244,0.83554244,0.7840909090909091,0.7840909090909091,0.7840909090909091
1,1,2,0.83554244,0.83554244,0.83554244,0.7840909090909091,0.7840909090909091,0.7840909090909091
1,1,2,0.83554244,0.83554244,0.83554244,0.7840909090909091,0.7840909090909091,0.7840909090909091
1,1,2,0.83554244,0.83554244,0.83554244,0.7840909090909091,0.7840909090909091,0.7840909090909091
1,1,2,0.83554244,0.83554244,0.83554244,0.7840909090909091,0.7840909090909091,0.7840909090909091
1,1,2,0.83554244,0.83554244,0.83554244,0.7840909090909091,0.7840909090909091,0.7840909090909091
1,1,2,0.83554244,0.83554244,0.83554244,0.7840909090909091,0.7840909090909091,0.7840909090909091
1,1,2,0.83554244,0.83554244,0.83554244,0.7840909090909091,0.7840909090909091,0.7840909090909091
1,2,1,0.83554244,0.83554244,0.83554244,0.7840909090909091,0.7840909090909091,0.7840909090909091
1,2,1,0.83554244,0.83554244,0.83554244,0.7840909090909091,0.7840909090909091,0.7840909090909091
1,2,1,0.83554244,0.83554244,0.83554244,0.7840909090909091,0.7840909090909091,0.7840909090909091
1,2,1,0.83554244,0.83554244,0.83554244,0.7840909090909091,0.7840909090909091,0.7840909090909091
1,2,1,0.83554244,0.83554244,0.83554244,0.7840909090909091,0.7840909090909091,0.7840909090909091
1,2,1,0.83554244,0.83554244,0.83554244,0.7840909090909091,0.7840909090909091,0.7840909090909091
1,2,1,0.83554244,0.83554244,0.83554244,0.7840909090909091,0.7840909090909091,0.7840909090909091
1,2,1,0.83554244,0.83554244,0.83554244,0.7840909090909091,0.7840909090909091,0.7840909090909091
1,2,1,0.83554244,0.83554244,0.83554244,0.7840909090909091,0.7840909090909091,0.7840909090909091
1,2,2,0.83554244,0.83554244,0.83554244,0.7840909090909091,0.7840909090909091,0.7840909090909091
1,2,2,0.83554244,0.83554244,0.83554244,0.7840909090909091,0.7840909090909091,0.7840909090909091
1,2,2,0.83554244,0.83554244,0.83554244,0.7840909090909091,0.7840909090909091,0.7840909090909091
1,2,2,0.83554244,0.83554244,0.83554244,0.7840909090909091,0.7840909090909091,0.7840909090909091
1,2,2,0.83554244,0.83554244,0.83554244,0.7840909090909091,0.7840909090909091,0.7840909090909091
1,2,2,0.83554244,0.83554244,0.83554244,0.7840909090909091,0.7840909090909091,0.7840909090909091
1,2,2,0.83554244,0.83554244,0.83554244,0.7840909090909091,0.7840909090909091,0.7840909090909091
1,2,2,0.83554244,0.83554244,0.83554244,0.7840909090909091,0.7840909090909091,0.7840909090909091
1,2,2,0.83554244,0.83554244,0.83554244,0.7840909090909091,0.7840909090909091,0.7840909090909091
0,0,0,0.98881334,0.98881334,0.98881334,0.0238095238095238,0.0238095238095238,0.0238095238095238
0,0,1,0.98881334,0.98881334,0.98881334,0.0238095238095238,0.0238095238095238,0.0238095238095238
0,0,2,0.98881334,0.98881334,0.98881334,0.0238095238095238,0.0238095238095238,0.0238095238095238
1,1,1,0.98881334,0.98881334,0.98881334,0.0238095238095238,0.0238095238095238,0.0238095238095238
1,1,1,0.98881334,0.98881334,0.98881334,0.0238095238095238,0.0238095238095238,0.0238095238095238
1,1,1,0.98881334,0.98881334,0.98881334,0.0238095238095238,0.0238095238095238,0.0238095238095238
1,1,1,0.98881334,0.98881334,0.98881334,0.0238095238095238,0.0238095238095238,0.0238095238095238
1,1,1,0.98881334,0.98881334,0.98881334,0.0238095238095238,0.0238095238095238,0.0238095238095238
1,1,1,0.98881334,0.98881334,0.98881334,0.0238095238095238,0.0238095238095238,0.0238095238095238
1,1,1,0.98881334,0.98881334,0.98881334,0.0238095238095238,0.0238095238095238,0.0238095238095238
1,1,1,0.98881334,0.98881334,0.98881334,0.0238095238095238,0.0238095238095238,0.0238095238095238
1,1,1,0.98881334,0.98881334,0.98881334,0.0238095238095238,0.0238095238095238,0.0238095238095238
1,1,2,0.98881334,0.98881334,0.98881334,0.0238095238095238,0.0238095238095238,0.0238095238095238
1,1,2,0.98881334,0.98881334,0.98881334,0.0238095238095238,0.0238095238095238,0.0238095238095238
1,1,2,0.98881334,0.98881334,0.98881334,0.0238095238095238,0.0238095238095238,0.0238095238095238
1,1,2,0.98881334,0.98881334,0.98881334,0.0238095238095238,0.0238095238095238,0.0238095238095238
1,1,2,0.98881334,0.98881334,0.98881334,0.0238095238095238,0.0238095238095238,0.0238095238095238
1,1,2,0.98881334,0.98881334,0.98881334,0.0238095238095238,0.0238095238095238,0.0238095238095238
1,1,2,0.98881334,0.98881334,0.98881334,0.0238095238095238,0.0238095238095238,0.0238095238095238
1,1,2,0.98881334,0.98881334,0.98881334,0.0238095238095238,0.0238095238095238,0.0238095238095238
1,1,2,0.98881334,0.98881334,0.98881334,0.0238095238095238,0.0238095238095238,0.0238095238095238
1,2,1,0.98881334,0.98881334,0.98881334,0.0238095238095238,0.0238095238095238,0.0238095238095238
1,2,1,0.98881334,0.98881334,0.98881334,0.0238095238095238,0.0238095238095238,0.0238095238095238
1,2,1,0.98881334,0.98881334,0.98881334,0.0238095238095238,0.0238095238095238,0.0238095238095238
1,2,1,0.98881334,0.98881334,0.98881334,0.0238095238095238,0.0238095238095238,0.0238095238095238
1,2,1,0.98881334,0.98881334,0.98881334,0.0238095238095238,0.0238095238095238,0.0238095238095238
1,2,1,0.98881334,0.98881334,0.98881334,0.0238095238095238,0.0238095238095238,0.0238095238095238
1,2,1,0.98881334,0.98881334,0.98881334,0.0238095238095238,0.0238095238095238,0.0238095238095238
1,2,1,0.98881334,0.98881334,0.98881334,0.0238095238095238,0.0238095238095238,0.0238095238095238
1,2,1,0.98881334,0.98881334,0.98881334,0.0238095238095238,0.0238095238095238,0.0238095238095238
1,2,2,0.98881334,0.98881334,0.98881334,0.0238095238095238,0.0238095238095238,0.0238095238095238
1,2,2,0.98881334,0.98881334,0.98881334,0.0238095238095238,0.0238095238095238,0.0238095238095238
1,2,2,0.98881334,0.98881334,0.98881334,0.0238095238095238,0.0238095238095238,0.0238095238095238
1,2,2,0.98881334,0.98881334,0.98881334,0.0238095238095238,0.0238095238095238,0.0238095238095238
1,2,2,0.98881334,0.98881334,0.98881334,0.0238095238095238,0.0238095238095238,0.0238095238095238
1,2,2,0.98881334,0.98881334,0.98881334,0.0238095238095238,0.0238095238095238,0.0238095238095238
1,2,2,0.98881334,0.98881334,0.98881334,0.0238095238095238,0.0238095238095238,0.0238095238095238
1,2,2,0.98881334,0.98881334,0.98881334,0.0238095238095238,0.0238095238095238,0.0238095238095238
1,2,2,0.98881334,0.98881334,0.98881334,0.0238095238095238,0.0238095238095238,0.0238095238095238
0,0,0,0.97261256,0.97261256,0.97261256,0.35,0.35,0.35
0,0,1,0.97261256,0.97261256,0.97261256,0.35,0.35,0.35
0,0,2,0.97261256,0.97261256,0.97261256,0.35,0.35,0.35
1,1,1,0.97261256,0.97261256,0.97261256,0.35,0.35,0.35
1,1,1,0.97261256,0.97261256,0.97261256,0.35,0.35,0.35
1,1,1,0.97261256,0.97261256,0.97261256,0.35,0.35,0.35
1,1,1,0.97261256,0.97261256,0.97261256,0.35,0.35,0.35
1,1,1,0.97261256,0.97261256,0.97261256,0.35,0.35,0.35
1,1,1,0.97261256,0.97261256,0.97261256,0.35,0.35,0.35
1,1,1,0.97261256,0.97261256,0.97261256,0.35,0.35,0.35
1,1,1,0.97261256,0.97261256,0.97261256,0.35,0.35,0.35
1,1,1,0.97261256,0.97261256,0.97261256,0.35,0.35,0.35
1,1,2,0.97261256,0.97261256,0.97261256,0.35,0.35,0.35
1,1,2,0.97261256,0.97261256,0.97261256,0.35,0.35,0.35
1,1,2,0.97261256,0.97261256,0.97261256,0.35,0.35,0.35
1,1,2,0.97261256,0.97261256,0.97261256,0.35,0.35,0.35
1,1,2,0.97261256,0.97261256,0.97261256,0.35,0.35,0.35
1,1,2,0.97261256,0.97261256,0.97261256,0.35,0.35,0.35
1,1,2,0.97261256,0.97261256,0.97261256,0.35,0.35,0.35
1,1,2,0.97261256,0.97261256,0.97261256,0.35,0.35,0.35
1,1,2,0.97261256,0.97261256,0.97261256,0.35,0.35,0.35
1,2,1,0.97261256,0.97261256,0.97261256,0.35,0.35,0.35
1,2,1,0.97261256,0.97261256,0.97261256,0.35,0.35,0.35
1,2,1,0.97261256,0.97261256,0.97261256,0.35,0.35,0.35
1,2,1,0.97261256,0.97261256,0.97261256,0.35,0.35,0.35
1,2,1,0.97261256,0.97261256,0.97261256,0.35,0.35,0.35
1,2,1,0.97261256,0.97261256,0.97261256,0.35,0.35,0.35
1,2,1,0.97261256,0.97261256,0.97261256,0.35,0.35,0.35
1,2,1,0.97261256,0.97261256,0.97261256,0.35,0.35,0.35
1,2,1,0.97261256,0.97261256,0.97261256,0.35,0.35,0.35
1,2,2,0.97261256,0.97261256,0.97261256,0.35,0.35,0.35
1,2,2,0.97261256,0.97261256,0.97261256,0.35,0.35,0.35
1,2,2,0.97261256,0.97261256,0.97261256,0.35,0.35,0.35
1,2,2,0.97261256,0.97261256,0.97261256,0.35,0.35,0.35
1,2,2,0.97261256,0.97261256,0.97261256,0.35,0.35,0.35
1,2,2,0.97261256,0.97261256,0.97261256,0.35,0.35,0.35
1,2,2,0.97261256,0.97261256,0.97261256,0.35,0.35,0.35
1,2,2,0.97261256,0.97261256,0.97261256,0.35,0.35,0.35
1,2,2,0.97261256,0.97261256,0.97261256,0.35,0.35,0.35
0,0,0,0.8225682,0.8225682,0.8225682,0.8475336322869955,0.8475336322869955,0.8475336322869955
0,0,1,0.8225682,0.8225682,0.8225682,0.8475336322869955,0.8475336322869955,0.8475336322869955
0,0,2,0.8225682,0.8225682,0.8225682,0.8475336322869955,0.8475336322869955,0.8475336322869955
1,1,1,0.8225682,0.8225682,0.8225682,0.8475336322869955,0.8475336322869955,0.8475336322869955
1,1,1,0.8225682,0.8225682,0.8225682,0.8475336322869955,0.8475336322869955,0.8475336322869955
1,1,1,0.8225682,0.8225682,0.8225682,0.8475336322869955,0.8475336322869955,0.8475336322869955
1,1,1,0.8225682,0.8225682,0.8225682,0.8475336322869955,0.8475336322869955,0.8475336322869955
1,1,1,0.8225682,0.8225682,0.8225682,0.8475336322869955,0.8475336322869955,0.8475336322869955
1,1,1,0.8225682,0.8225682,0.8225682,0.8475336322869955,0.8475336322869955,0.8475336322869955
1,1,1,0.8225682,0.8225682,0.8225682,0.8475336322869955,0.8475336322869955,0.8475336322869955
1,1,1,0.8225682,0.8225682,0.8225682,0.8475336322869955,0.8475336322869955,0.8475336322869955
1,1,1,0.8225682,0.8225682,0.8225682,0.8475336322869955,0.8475336322869955,0.8475336322869955
1,1,2,0.8225682,0.8225682,0.8225682,0.8475336322869955,0.8475336322869955,0.8475336322869955
1,1,2,0.8225682,0.8225682,0.8225682,0.8475336322869955,0.8475336322869955,0.8475336322869955
1,1,2,0.8225682,0.8225682,0.8225682,0.8475336322869955,0.8475336322869955,0.8475336322869955
1,1,2,0.8225682,0.8225682,0.8225682,0.8475336322869955,0.8475336322869955,0.8475336322869955
1,1,2,0.8225682,0.8225682,0.8225682,0.8475336322869955,0.8475336322869955,0.8475336322869955
1,1,2,0.8225682,0.8225682,0.8225682,0.8475336322869955,0.8475336322869955,0.8475336322869955
1,1,2,0.8225682,0.8225682,0.8225682,0.8475336322869955,0.8475336322869955,0.8475336322869955
1,1,2,0.8225682,0.8225682,0.8225682,0.8475336322869955,0.8475336322869955,0.8475336322869955
1,1,2,0.8225682,0.8225682,0.8225682,0.8475336322869955,0.8475336322869955,0.8475336322869955
1,2,1,0.8225682,0.8225682,0.8225682,0.8475336322869955,0.8475336322869955,0.8475336322869955
1,2,1,0.8225682,0.8225682,0.8225682,0.8475336322869955,0.8475336322869955,0.8475336322869955
1,2,1,0.8225682,0.8225682,0.8225682,0.8475336322869955,0.8475336322869955,0.8475336322869955
1,2,1,0.8225682,0.8225682,0.8225682,0.8475336322869955,0.8475336322869955,0.8475336322869955
1,2,1,0.8225682,0.8225682,0.8225682,0.8475336322869955,0.8475336322869955,0.8475336322869955
1,2,1,0.8225682,0.8225682,0.8225682,0.8475336322869955,0.8475336322869955,0.8475336322869955
1,2,1,0.8225682,0.8225682,0.8225682,0.8475336322869955,0.8475336322869955,0.8475336322869955
1,2,1,0.8225682,0.8225682,0.8225682,0.8475336322869955,0.8475336322869955,0.8475336322869955
1,2,1,0.8225682,0.8225682,0.8225682,0.8475336322869955,0.8475336322869955,0.8475336322869955
1,2,2,0.8225682,0.8225682,0.8225682,0.8475336322869955,0.8475336322869955,0.8475336322869955
1,2,2,0.8225682,0.8225682,0.8225682,0.8475336322869955,0.8475336322869955,0.8475336322869955
1,2,2,0.8225682,0.8225682,0.8225682,0.8475336322869955,0.8475336322869955,0.8475336322869955
1,2,2,0.8225682,0.8225682,0.8225682,0.8475336322869955,0.8475336322869955,0.8475336322869955
1,2,2,0.8225682,0.8225682,0.8225682,0.8475336322869955,0.8475336322869955,0.8475336322869955
1,2,2,0.8225682,0.8225682,0.8225682,0.8475336322869955,0.8475336322869955,0.8475336322869955
1,2,2,0.8225682,0.8225682,0.8225682,0.8475336322869955,0.8475336322869955,0.8475336322869955
1,2,2,0.8225682,0.8225682,0.8225682,0.8475336322869955,0.8475336322869955,0.8475336322869955
1,2,2,0.8225682,0.8225682,0.8225682,0.8475336322869955,0.8475336322869955,0.8475336322869955
0,0,0,0.77989817,0.77989817,0.77989817,0.8369098712446352,0.8369098712446352,0.8369098712446352
0,0,1,0.77989817,0.77989817,0.77989817,0.8369098712446352,0.8369098712446352,0.8369098712446352
0,0,2,0.77989817,0.77989817,0.77989817,0.8369098712446352,0.8369098712446352,0.8369098712446352
1,1,1,0.77989817,0.77989817,0.77989817,0.8369098712446352,0.8369098712446352,0.8369098712446352
1,1,1,0.77989817,0.77989817,0.77989817,0.8369098712446352,0.8369098712446352,0.8369098712446352
1,1,1,0.77989817,0.77989817,0.77989817,0.8369098712446352,0.8369098712446352,0.8369098712446352
1,1,1,0.77989817,0.77989817,0.77989817,0.8369098712446352,0.8369098712446352,0.8369098712446352
1,1,1,0.77989817,0.77989817,0.77989817,0.8369098712446352,0.8369098712446352,0.8369098712446352
1,1,1,0.77989817,0.77989817,0.77989817,0.8369098712446352,0.8369098712446352,0.8369098712446352
1,1,1,0.77989817,0.77989817,0.77989817,0.8369098712446352,0.8369098712446352,0.8369098712446352
1,1,1,0.77989817,0.77989817,0.77989817,0.8369098712446352,0.8369098712446352,0.8369098712446352
1,1,1,0.77989817,0.77989817,0.77989817,0.8369098712446352,0.8369098712446352,0.8369098712446352
1,1,2,0.77989817,0.77989817,0.77989817,0.8369098712446352,0.8369098712446352,0.8369098712446352
1,1,2,0.77989817,0.77989817,0.77989817,0.8369098712446352,0.8369098712446352,0.8369098712446352
1,1,2,0.77989817,0.77989817,0.77989817,0.8369098712446352,0.8369098712446352,0.8369098712446352
1,1,2,0.77989817,0.77989817,0.77989817,0.8369098712446352,0.8369098712446352,0.8369098712446352
1,1,2,0.77989817,0.77989817,0.77989817,0.8369098712446352,0.8369098712446352,0.8369098712446352
1,1,2,0.77989817,0.77989817,0.77989817,0.8369098712446352,0.8369098712446352,0.8369098712446352
1,1,2,0.77989817,0.77989817,0.77989817,0.8369098712446352,0.8369098712446352,0.8369098712446352
1,1,2,0.77989817,0.77989817,0.77989817,0.8369098712446352,0.8369098712446352,0.8369098712446352
1,1,2,0.77989817,0.77989817,0.77989817,0.8369098712446352,0.8369098712446352,0.8369098712446352
1,2,1,0.77989817,0.77989817,0.77989817,0.8369098712446352,0.8369098712446352,0.8369098712446352
1,2,1,0.77989817,0.77989817,0.77989817,0.8369098712446352,0.8369098712446352,0.8369098712446352
1,2,1,0.77989817,0.77989817,0.77989817,0.8369098712446352,0.8369098712446352,0.8369098712446352
1,2,1,0.77989817,0.77989817,0.77989817,0.8369098712446352,0.8369098712446352,0.8369098712446352
1,2,1,0.77989817,0.77989817,0.77989817,0.8369098712446352,0.8369098712446352,0.8369098712446352
1,2,1,0.77989817,0.77989817,0.77989817,0.8369098712446352,0.8369098712446352,0.8369098712446352
1,2,1,0.77989817,0.77989817,0.77989817,0.8369098712446352,0.8369098712446352,0.8369098712446352
1,2,1,0.77989817,0.77989817,0.77989817,0.8369098712446352,0.8369098712446352,0.8369098712446352
1,2,1,0.77989817,0.77989817,0.77989817,0.8369098712446352,0.8369098712446352,0.8369098712446352
1,2,2,0.77989817,0.77989817,0.77989817,0.8369098712446352,0.8369098712446352,0.8369098712446352
1,2,2,0.77989817,0.77989817,0.77989817,0.8369098712446352,0.8369098712446352,0.8369098712446352
1,2,2,0.77989817,0.77989817,0.77989817,0.8369098712446352,0.8369098712446352,0.8369098712446352
1,2,2,0.77989817,0.77989817,0.77989817,0.8369098712446352,0.8369098712446352,0.8369098712446352
1,2,2,0.77989817,0.77989817,0.77989817,0.8369098712446352,0.8369098712446352,0.8369098712446352
1,2,2,0.77989817,0.77989817,0.77989817,0.8369098712446352,0.8369098712446352,0.8369098712446352
1,2,2,0.77989817,0.77989817,0.77989817,0.8369098712446352,0.8369098712446352,0.8369098712446352
1,2,2,0.77989817,0.77989817,0.77989817,0.8369098712446352,0.8369098712446352,0.8369098712446352
1,2,2,0.77989817,0.77989817,0.77989817,0.8369098712446352,0.8369098712446352,0.8369098712446352
0,0,0,0.960997,0.960997,0.960997,0.4358974358974359,0.4358974358974359,0.4358974358974359
0,0,1,0.960997,0.960997,0.960997,0.4358974358974359,0.4358974358974359,0.4358974358974359
0,0,2,0.960997,0.960997,0.960997,0.4358974358974359,0.4358974358974359,0.4358974358974359
1,1,1,0.960997,0.960997,0.960997,0.4358974358974359,0.4358974358974359,0.4358974358974359
1,1,1,0.960997,0.960997,0.960997,0.4358974358974359,0.4358974358974359,0.4358974358974359
1,1,1,0.960997,0.960997,0.960997,0.4358974358974359,0.4358974358974359,0.4358974358974359
1,1,1,0.960997,0.960997,0.960997,0.4358974358974359,0.4358974358974359,0.4358974358974359
1,1,1,0.960997,0.960997,0.960997,0.4358974358974359,0.4358974358974359,0.4358974358974359
1,1,1,0.960997,0.960997,0.960997,0.4358974358974359,0.4358974358974359,0.4358974358974359
1,1,1,0.960997,0.960997,0.960997,0.4358974358974359,0.4358974358974359,0.4358974358974359
1,1,1,0.960997,0.960997,0.960997,0.4358974358974359,0.4358974358974359,0.4358974358974359
1,1,1,0.960997,0.960997,0.960997,0.4358974358974359,0.4358974358974359,0.4358974358974359
1,1,2,0.960997,0.960997,0.960997,0.4358974358974359,0.4358974358974359,0.4358974358974359
1,1,2,0.960997,0.960997,0.960997,0.4358974358974359,0.4358974358974359,0.4358974358974359
1,1,2,0.960997,0.960997,0.960997,0.4358974358974359,0.4358974358974359,0.4358974358974359
1,1,2,0.960997,0.960997,0.960997,0.4358974358974359,0.4358974358974359,0.4358974358974359
1,1,2,0.960997,0.960997,0.960997,0.4358974358974359,0.4358974358974359,0.4358974358974359
1,1,2,0.960997,0.960997,0.960997,0.4358974358974359,0.4358974358974359,0.4358974358974359
1,1,2,0.960997,0.960997,0.960997,0.4358974358974359,0.4358974358974359,0.4358974358974359
1,1,2,0.960997,0.960997,0.960997,0.4358974358974359,0.4358974358974359,0.4358974358974359
1,1,2,0.960997,0.960997,0.960997,0.4358974358974359,0.4358974358974359,0.4358974358974359
1,2,1,0.960997,0.960997,0.960997,0.4358974358974359,0.4358974358974359,0.4358974358974359
1,2,1,0.960997,0.960997,0.960997,0.4358974358974359,0.4358974358974359,0.4358974358974359
1,2,1,0.960997,0.960997,0.960997,0.4358974358974359,0.4358974358974359,0.4358974358974359
1,2,1,0.960997,0.960997,0.960997,0.4358974358974359,0.4358974358974359,0.4358974358974359
1,2,1,0.960997,0.960997,0.960997,0.4358974358974359,0.4358974358974359,0.4358974358974359
1,2,1,0.960997,0.960997,0.960997,0.4358974358974359,0.4358974358974359,0.4358974358974359
1,2,1,0.960997,0.960997,0.960997,0.4358974358974359,0.4358974358974359,0.4358974358974359
1,2,1,0.960997,0.960997,0.960997,0.4358974358974359,0.4358974358974359,0.4358974358974359
1,2,1,0.960997,0.960997,0.960997,0.4358974358974359,0.4358974358974359,0.4358974358974359
1,2,2,0.960997,0.960997,0.960997,0.4358974358974359,0.4358974358974359,0.4358974358974359
1,2,2,0.960997,0.960997,0.960997,0.4358974358974359,0.4358974358974359,0.4358974358974359
1,2,2,0.960997,0.960997,0.960997,0.4358974358974359,0.4358974358974359,0.4358974358974359
1,2,2,0.960997,0.960997,0.960997,0.4358974358974359,0.4358974358974359,0.4358974358974359
1,2,2,0.960997,0.960997,0.960997,0.4358974358974359,0.4358974358974359,0.4358974358974359
1,2,2,0.960997,0.960997,0.960997,0.4358974358974359,0.4358974358974359,0.4358974358974359
1,2,2,0.960997,0.960997,0.960997,0.4358974358974359,0.4358974358974359,0.4358974358974359
1,2,2,0.960997,0.960997,0.960997,0.4358974358974359,0.4358974358974359,0.4358974358974359
1,2,2,0.960997,0.960997,0.960997,0.4358974358974359,0.4358974358974359,0.4358974358974359
0,0,0,0.89316654,0.89316654,0.89316654,0.7006369426751593,0.7006369426751593,0.7006369426751593
0,0,1,0.89316654,0.89316654,0.89316654,0.7006369426751593,0.7006369426751593,0.7006369426751593
0,0,2,0.89316654,0.89316654,0.89316654,0.7006369426751593,0.7006369426751593,0.7006369426751593
1,1,1,0.89316654,0.89316654,0.89316654,0.7006369426751593,0.7006369426751593,0.7006369426751593
1,1,1,0.89316654,0.89316654,0.89316654,0.7006369426751593,0.7006369426751593,0.7006369426751593
1,1,1,0.89316654,0.89316654,0.89316654,0.7006369426751593,0.7006369426751593,0.7006369426751593
1,1,1,0.89316654,0.89316654,0.89316654,0.7006369426751593,0.7006369426751593,0.7006369426751593
1,1,1,0.89316654,0.89316654,0.89316654,0.7006369426751593,0.7006369426751593,0.7006369426751593
1,1,1,0.89316654,0.89316654,0.89316654,0.7006369426751593,0.7006369426751593,0.7006369426751593
1,1,1,0.89316654,0.89316654,0.89316654,0.7006369426751593,0.7006369426751593,0.7006369426751593
1,1,1,0.89316654,0.89316654,0.89316654,0.7006369426751593,0.7006369426751593,0.7006369426751593
1,1,1,0.89316654,0.89316654,0.89316654,0.7006369426751593,0.7006369426751593,0.7006369426751593
1,1,2,0.89316654,0.89316654,0.89316654,0.7006369426751593,0.7006369426751593,0.7006369426751593
1,1,2,0.89316654,0.89316654,0.89316654,0.7006369426751593,0.7006369426751593,0.7006369426751593
1,1,2,0.89316654,0.89316654,0.89316654,0.7006369426751593,0.7006369426751593,0.7006369426751593
1,1,2,0.89316654,0.89316654,0.89316654,0.7006369426751593,0.7006369426751593,0.7006369426751593
1,1,2,0.89316654,0.89316654,0.89316654,0.7006369426751593,0.7006369426751593,0.7006369426751593
1,1,2,0.89316654,0.89316654,0.89316654,0.7006369426751593,0.7006369426751593,0.7006369426751593
1,1,2,0.89316654,0.89316654,0.89316654,0.7006369426751593,0.7006369426751593,0.7006369426751593
1,1,2,0.89316654,0.89316654,0.89316654,0.7006369426751593,0.7006369426751593,0.7006369426751593
1,1,2,0.89316654,0.89316654,0.89316654,0.7006369426751593,0.7006369426751593,0.7006369426751593
1,2,1,0.89316654,0.89316654,0.89316654,0.7006369426751593,0.7006369426751593,0.7006369426751593
1,2,1,0.89316654,0.89316654,0.89316654,0.7006369426751593,0.7006369426751593,0.7006369426751593
1,2,1,0.89316654,0.89316654,0.89316654,0.7006369426751593,0.7006369426751593,0.7006369426751593
1,2,1,0.89316654,0.89316654,0.89316654,0.7006369426751593,0.7006369426751593,0.7006369426751593
1,2,1,0.89316654,0.89316654,0.89316654,0.7006369426751593,0.7006369426751593,0.7006369426751593
1,2,1,0.89316654,0.89316654,0.89316654,0.7006369426751593,0.7006369426751593,0.7006369426751593
1,2,1,0.89316654,0.89316654,0.89316654,0.7006369426751593,0.7006369426751593,0.7006369426751593
1,2,1,0.89316654,0.89316654,0.89316654,0.7006369426751593,0.7006369426751593,0.7006369426751593
1,2,1,0.89316654,0.89316654,0.89316654,0.7006369426751593,0.7006369426751593,0.7006369426751593
1,2,2,0.89316654,0.89316654,0.89316654,0.7006369426751593,0.7006369426751593,0.7006369426751593
1,2,2,0.89316654,0.89316654,0.89316654,0.7006369426751593,0.7006369426751593,0.7006369426751593
1,2,2,0.89316654,0.89316654,0.89316654,0.7006369426751593,0.7006369426751593,0.7006369426751593
1,2,2,0.89316654,0.89316654,0.89316654,0.7006369426751593,0.7006369426751593,0.7006369426751593
1,2,2,0.89316654,0.89316654,0.89316654,0.7006369426751593,0.7006369426751593,0.7006369426751593
1,2,2,0.89316654,0.89316654,0.89316654,0.7006369426751593,0.7006369426751593,0.7006369426751593
1,2,2,0.89316654,0.89316654,0.89316654,0.7006369426751593,0.7006369426751593,0.7006369426751593
1,2,2,0.89316654,0.89316654,0.89316654,0.7006369426751593,0.7006369426751593,0.7006369426751593
1,2,2,0.89316654,0.89316654,0.89316654,0.7006369426751593,0.7006369426751593,0.7006369426751593
0,0,0,0.94068515,0.94068515,0.94068515,0.4776119402985075,0.4776119402985075,0.4776119402985075
0,0,1,0.94068515,0.94068515,0.94068515,0.4776119402985075,0.4776119402985075,0.4776119402985075
0,0,2,0.94068515,0.94068515,0.94068515,0.4776119402985075,0.4776119402985075,0.4776119402985075
1,1,1,0.94068515,0.94068515,0.94068515,0.4776119402985075,0.4776119402985075,0.4776119402985075
1,1,1,0.94068515,0.94068515,0.94068515,0.4776119402985075,0.4776119402985075,0.4776119402985075
1,1,1,0.94068515,0.94068515,0.94068515,0.4776119402985075,0.4776119402985075,0.4776119402985075
1,1,1,0.94068515,0.94068515,0.94068515,0.4776119402985075,0.4776119402985075,0.4776119402985075
1,1,1,0.94068515,0.94068515,0.94068515,0.4776119402985075,0.4776119402985075,0.4776119402985075
1,1,1,0.94068515,0.94068515,0.94068515,0.4776119402985075,0.4776119402985075,0.4776119402985075
1,1,1,0.94068515,0.94068515,0.94068515,0.4776119402985075,0.4776119402985075,0.4776119402985075
1,1,1,0.94068515,0.94068515,0.94068515,0.4776119402985075,0.4776119402985075,0.4776119402985075
1,1,1,0.94068515,0.94068515,0.94068515,0.4776119402985075,0.4776119402985075,0.4776119402985075
1,1,2,0.94068515,0.94068515,0.94068515,0.4776119402985075,0.4776119402985075,0.4776119402985075
1,1,2,0.94068515,0.94068515,0.94068515,0.4776119402985075,0.4776119402985075,0.4776119402985075
1,1,2,0.94068515,0.94068515,0.94068515,0.4776119402985075,0.4776119402985075,0.4776119402985075
1,1,2,0.94068515,0.94068515,0.94068515,0.4776119402985075,0.4776119402985075,0.4776119402985075
1,1,2,0.94068515,0.94068515,0.94068515,0.4776119402985075,0.4776119402985075,0.4776119402985075
1,1,2,0.94068515,0.94068515,0.94068515,0.4776119402985075,0.4776119402985075,0.4776119402985075
1,1,2,0.94068515,0.94068515,0.94068515,0.4776119402985075,0.4776119402985075,0.4776119402985075
1,1,2,0.94068515,0.94068515,0.94068515,0.4776119402985075,0.4776119402985075,0.4776119402985075
1,1,2,0.94068515,0.94068515,0.94068515,0.4776119402985075,0.4776119402985075,0.4776119402985075
1,2,1,0.94068515,0.94068515,0.94068515,0.4776119402985075,0.4776119402985075,0.4776119402985075
1,2,1,0.94068515,0.94068515,0.94068515,0.4776119402985075,0.4776119402985075,0.4776119402985075
1,2,1,0.94068515,0.94068515,0.94068515,0.4776119402985075,0.4776119402985075,0.4776119402985075
1,2,1,0.94068515,0.94068515,0.94068515,0.4776119402985075,0.4776119402985075,0.4776119402985075
1,2,1,0.94068515,0.94068515,0.94068515,0.4776119402985075,0.4776119402985075,0.4776119402985075
1,2,1,0.94068515,0.94068515,0.94068515,0.4776119402985075,0.4776119402985075,0.4776119402985075
1,2,1,0.94068515,0.94068515,0.94068515,0.4776119402985075,0.4776119402985075,0.4776119402985075
1,2,1,0.94068515,0.94068515,0.94068515,0.4776119402985075,0.4776119402985075,0.4776119402985075
1,2,1,0.94068515,0.94068515,0.94068515,0.4776119402985075,0.4776119402985075,0.4776119402985075
1,2,2,0.94068515,0.94068515,0.94068515,0.4776119402985075,0.4776119402985075,0.4776119402985075
1,2,2,0.94068515,0.94068515,0.94068515,0.4776119402985075,0.4776119402985075,0.4776119402985075
1,2,2,0.94068515,0.94068515,0.94068515,0.4776119402985075,0.4776119402985075,0.4776119402985075
1,2,2,0.94068515,0.94068515,0.94068515,0.4776119402985075,0.4776119402985075,0.4776119402985075
1,2,2,0.94068515,0.94068515,0.94068515,0.4776119402985075,0.4776119402985075,0.4776119402985075
1,2,2,0.94068515,0.94068515,0.94068515,0.4776119402985075,0.4776119402985075,0.4776119402985075
1,2,2,0.94068515,0.94068515,0.94068515,0.4776119402985075,0.4776119402985075,0.4776119402985075
1,2,2,0.94068515,0.94068515,0.94068515,0.4776119402985075,0.4776119402985075,0.4776119402985075
1,2,2,0.94068515,0.94068515,0.94068515,0.4776119402985075,0.4776119402985075,0.4776119402985075
0,0,0,0.92909646,0.92909646,0.92909646,0.5,0.5,0.5
0,0,1,0.92909646,0.92909646,0.92909646,0.5,0.5,0.5
0,0,2,0.92909646,0.92909646,0.92909646,0.5,0.5,0.5
1,1,1,0.92909646,0.92909646,0.92909646,0.5,0.5,0.5
1,1,1,0.92909646,0.92909646,0.92909646,0.5,0.5,0.5
1,1,1,0.92909646,0.92909646,0.92909646,0.5,0.5,0.5
1,1,1,0.92909646,0.92909646,0.92909646,0.5,0.5,0.5
1,1,1,0.92909646,0.92909646,0.92909646,0.5,0.5,0.5
1,1,1,0.92909646,0.92909646,0.92909646,0.5,0.5,0.5
1,1,1,0.92909646,0.92909646,0.92909646,0.5,0.5,0.5
1,1,1,0.92909646,0.92909646,0.92909646,0.5,0.5,0.5
1,1,1,0.92909646,0.92909646,0.92909646,0.5,0.5,0.5
1,1,2,0.92909646,0.92909646,0.92909646,0.5,0.5,0.5
1,1,2,0.92909646,0.92909646,0.92909646,0.5,0.5,0.5
1,1,2,0.92909646,0.92909646,0.92909646,0.5,0.5,0.5
1,1,2,0.92909646,0.92909646,0.92909646,0.5,0.5,0.5
1,1,2,0.92909646,0.92909646,0.92909646,0.5,0.5,0.5
1,1,2,0.92909646,0.92909646,0.92909646,0.5,0.5,0.5
1,1,2,0.92909646,0.92909646,0.92909646,0.5,0.5,0.5
1,1,2,0.92909646,0.92909646,0.92909646,0.5,0.5,0.5
1,1,2,0.92909646,0.92909646,0.92909646,0.5,0.5,0.5
1,2,1,0.92909646,0.92909646,0.92909646,0.5,0.5,0.5
1,2,1,0.92909646,0.92909646,0.92909646,0.5,0.5,0.5
1,2,1,0.92909646,0.92909646,0.92909646,0.5,0.5,0.5
1,2,1,0.92909646,0.92909646,0.92909646,0.5,0.5,0.5
1,2,1,0.92909646,0.92909646,0.92909646,0.5,0.5,0.5
1,2,1,0.92909646,0.92909646,0.92909646,0.5,0.5,0.5
1,2,1,0.92909646,0.92909646,0.92909646,0.5,0.5,0.5
1,2,1,0.92909646,0.92909646,0.92909646,0.5,0.5,0.5
1,2,1,0.92909646,0.92909646,0.92909646,0.5,0.5,0.5
1,2,2,0.92909646,0.92909646,0.92909646,0.5,0.5,0.5
1,2,2,0.92909646,0.92909646,0.92909646,0.5,0.5,0.5
1,2,2,0.92909646,0.92909646,0.92909646,0.5,0.5,0.5
1,2,2,0.92909646,0.92909646,0.92909646,0.5,0.5,0.5
1,2,2,0.92909646,0.92909646,0.92909646,0.5,0.5,0.5
1,2,2,0.92909646,0.92909646,0.92909646,0.5,0.5,0.5
1,2,2,0.92909646,0.92909646,0.92909646,0.5,0.5,0.5
1,2,2,0.92909646,0.92909646,0.92909646,0.5,0.5,0.5
1,2,2,0.92909646,0.92909646,0.92909646,0.5,0.5,0.5
0,0,0,0.8593156,0.8593156,0.8593156,0.8018433179723502,0.8018433179723502,0.8018433179723502
0,0,1,0.8593156,0.8593156,0.8593156,0.8018433179723502,0.8018433179723502,0.8018433179723502
0,0,2,0.8593156,0.8593156,0.8593156,0.8018433179723502,0.8018433179723502,0.8018433179723502
1,1,1,0.8593156,0.8593156,0.8593156,0.8018433179723502,0.8018433179723502,0.8018433179723502
1,1,1,0.8593156,0.8593156,0.8593156,0.8018433179723502,0.8018433179723502,0.8018433179723502
1,1,1,0.8593156,0.8593156,0.8593156,0.8018433179723502,0.8018433179723502,0.8018433179723502
1,1,1,0.8593156,0.8593156,0.8593156,0.8018433179723502,0.8018433179723502,0.8018433179723502
1,1,1,0.8593156,0.8593156,0.8593156,0.8018433179723502,0.8018433179723502,0.8018433179723502
1,1,1,0.8593156,0.8593156,0.8593156,0.8018433179723502,0.8018433179723502,0.8018433179723502
1,1,1,0.8593156,0.8593156,0.8593156,0.8018433179723502,0.8018433179723502,0.8018433179723502
1,1,1,0.8593156,0.8593156,0.8593156,0.8018433179723502,0.8018433179723502,0.8018433179723502
1,1,1,0.8593156,0.8593156,0.8593156,0.8018433179723502,0.8018433179723502,0.8018433179723502
1,1,2,0.8593156,0.8593156,0.8593156,0.8018433179723502,0.8018433179723502,0.8018433179723502
1,1,2,0.8593156,0.8593156,0.8593156,0.8018433179723502,0.8018433179723502,0.8018433179723502
1,1,2,0.8593156,0.8593156,0.8593156,0.8018433179723502,0.8018433179723502,0.8018433179723502
1,1,2,0.8593156,0.8593156,0.8593156,0.8018433179723502,0.8018433179723502,0.8018433179723502
1,1,2,0.8593156,0.8593156,0.8593156,0.8018433179723502,0.8018433179723502,0.8018433179723502
1,1,2,0.8593156,0.8593156,0.8593156,0.8018433179723502,0.8018433179723502,0.8018433179723502
1,1,2,0.8593156,0.8593156,0.8593156,0.8018433179723502,0.8018433179723502,0.8018433179723502
1,1,2,0.8593156,0.8593156,0.8593156,0.8018433179723502,0.8018433179723502,0.8018433179723502
1,1,2,0.8593156,0.8593156,0.8593156,0.8018433179723502,0.8018433179723502,0.8018433179723502
1,2,1,0.8593156,0.8593156,0.8593156,0.8018433179723502,0.8018433179723502,0.8018433179723502
1,2,1,0.8593156,0.8593156,0.8593156,0.8018433179723502,0.8018433179723502,0.8018433179723502
1,2,1,0.8593156,0.8593156,0.8593156,0.8018433179723502,0.8018433179723502,0.8018433179723502
1,2,1,0.8593156,0.8593156,0.8593156,0.8018433179723502,0.8018433179723502,0.8018433179723502
1,2,1,0.8593156,0.8593156,0.8593156,0.8018433179723502,0.8018433179723502,0.8018433179723502
1,2,1,0.8593156,0.8593156,0.8593156,0.8018433179723502,0.8018433179723502,0.8018433179723502
1,2,1,0.8593156,0.8593156,0.8593156,0.8018433179723502,0.8018433179723502,0.8018433179723502
1,2,1,0.8593156,0.8593156,0.8593156,0.8018433179723502,0.8018433179723502,0.8018433179723502
1,2,1,0.8593156,0.8593156,0.8593156,0.8018433179723502,0.8018433179723502,0.8018433179723502
1,2,2,0.8593156,0.8593156,0.8593156,0.8018433179723502,0.8018433179723502,0.8018433179723502
1,2,2,0.8593156,0.8593156,0.8593156,0.8018433179723502,0.8018433179723502,0.8018433179723502
1,2,2,0.8593156,0.8593156,0.8593156,0.8018433179723502,0.8018433179723502,0.8018433179723502
1,2,2,0.8593156,0.8593156,0.8593156,0.8018433179723502,0.8018433179723502,0.8018433179723502
1,2,2,0.8593156,0.8593156,0.8593156,0.8018433179723502,0.8018433179723502,0.8018433179723502
1,2,2,0.8593156,0.8593156,0.8593156,0.8018433179723502,0.8018433179723502,0.8018433179723502
1,2,2,0.8593156,0.8593156,0.8593156,0.8018433179723502,0.8018433179723502,0.8018433179723502
1,2,2,0.8593156,0.8593156,0.8593156,0.8018433179723502,0.8018433179723502,0.8018433179723502
1,2,2,0.8593156,0.8593156,0.8593156,0.8018433179723502,0.8018433179723502,0.8018433179723502
0,0,0,0.89482635,0.89482635,0.89482635,0.326530612244898,0.326530612244898,0.326530612244898
0,0,1,0.89482635,0.89482635,0.89482635,0.326530612244898,0.326530612244898,0.326530612244898
0,0,2,0.89482635,0.89482635,0.89482635,0.326530612244898,0.326530612244898,0.326530612244898
1,1,1,0.89482635,0.89482635,0.89482635,0.326530612244898,0.326530612244898,0.326530612244898
1,1,1,0.89482635,0.89482635,0.89482635,0.326530612244898,0.326530612244898,0.326530612244898
1,1,1,0.89482635,0.89482635,0.89482635,0.326530612244898,0.326530612244898,0.326530612244898
1,1,1,0.89482635,0.89482635,0.89482635,0.326530612244898,0.326530612244898,0.326530612244898
1,1,1,0.89482635,0.89482635,0.89482635,0.326530612244898,0.326530612244898,0.326530612244898
1,1,1,0.8948263,0.8948263,0.8948263,0.326530612244898,0.326530612244898,0.326530612244898
1,1,1,0.8948263,0.8948263,0.8948263,0.326530612244898,0.326530612244898,0.326530612244898
1,1,1,0.8948263,0.8948263,0.8948263,0.326530612244898,0.326530612244898,0.326530612244898
1,1,1,0.8948263,0.8948263,0.8948263,0.326530612244898,0.326530612244898,0.326530612244898
1,1,2,0.8948263,0.8948263,0.8948263,0.326530612244898,0.326530612244898,0.326530612244898
1,1,2,0.8948263,0.8948263,0.8948263,0.326530612244898,0.326530612244898,0.326530612244898
1,1,2,0.89482635,0.89482635,0.89482635,0.326530612244898,0.326530612244898,0.326530612244898
1,1,2,0.89482635,0.89482635,0.89482635,0.326530612244898,0.326530612244898,0.326530612244898
1,1,2,0.89482635,0.89482635,0.89482635,0.326530612244898,0.326530612244898,0.326530612244898
1,1,2,0.89482635,0.89482635,0.89482635,0.326530612244898,0.326530612244898,0.326530612244898
1,1,2,0.89482635,0.89482635,0.89482635,0.326530612244898,0.326530612244898,0.326530612244898
1,1,2,0.89482635,0.89482635,0.89482635,0.326530612244898,0.326530612244898,0.326530612244898
1,1,2,0.89482635,0.89482635,0.89482635,0.326530612244898,0.326530612244898,0.326530612244898
1,2,1,0.89482635,0.89482635,0.89482635,0.326530612244898,0.326530612244898,0.326530612244898
1,2,1,0.89482635,0.89482635,0.89482635,0.326530612244898,0.326530612244898,0.326530612244898
1,2,1,0.89482635,0.89482635,0.89482635,0.326530612244898,0.326530612244898,0.326530612244898
1,2,1,0.89482635,0.89482635,0.89482635,0.326530612244898,0.326530612244898,0.326530612244898
1,2,1,0.89482635,0.89482635,0.89482635,0.326530612244898,0.326530612244898,0.326530612244898
1,2,1,0.89482635,0.89482635,0.89482635,0.326530612244898,0.326530612244898,0.326530612244898
1,2,1,0.89482635,0.89482635,0.89482635,0.326530612244898,0.326530612244898,0.326530612244898
1,2,1,0.89482635,0.89482635,0.89482635,0.326530612244898,0.326530612244898,0.326530612244898
1,2,1,0.89482635,0.89482635,0.89482635,0.326530612244898,0.326530612244898,0.326530612244898
1,2,2,0.89482635,0.89482635,0.89482635,0.326530612244898,0.326530612244898,0.326530612244898
1,2,2,0.89482635,0.89482635,0.89482635,0.326530612244898,0.326530612244898,0.326530612244898
1,2,2,0.89482635,0.89482635,0.89482635,0.326530612244898,0.326530612244898,0.326530612244898
1,2,2,0.8948263,0.8948263,0.8948263,0.326530612244898,0.326530612244898,0.326530612244898
1,2,2,0.89482635,0.89482635,0.89482635,0.326530612244898,0.326530612244898,0.326530612244898
1,2,2,0.89482635,0.89482635,0.89482635,0.326530612244898,0.326530612244898,0.326530612244898
1,2,2,0.89482635,0.89482635,0.89482635,0.326530612244898,0.326530612244898,0.326530612244898
1,2,2,0.89482635,0.89482635,0.89482635,0.326530612244898,0.326530612244898,0.326530612244898
1,2,2,0.89482635,0.89482635,0.89482635,0.326530612244898,0.326530612244898,0.326530612244898
0,0,0,0.90453666,0.90453666,0.90453666,0.6,0.6,0.6
0,0,1,0.90453666,0.90453666,0.90453666,0.6,0.6,0.6
0,0,2,0.90453666,0.90453666,0.90453666,0.6,0.6,0.6
1,1,1,0.90453666,0.90453666,0.90453666,0.6,0.6,0.6
1,1,1,0.90453666,0.90453666,0.90453666,0.6,0.6,0.6
1,1,1,0.90453666,0.90453666,0.90453666,0.6,0.6,0.6
1,1,1,0.90453666,0.90453666,0.90453666,0.6,0.6,0.6
1,1,1,0.90453666,0.90453666,0.90453666,0.6,0.6,0.6
1,1,1,0.90453666,0.90453666,0.90453666,0.6,0.6,0.6
1,1,1,0.90453666,0.90453666,0.90453666,0.6,0.6,0.6
1,1,1,0.90453666,0.90453666,0.90453666,0.6,0.6,0.6
1,1,1,0.90453666,0.90453666,0.90453666,0.6,0.6,0.6
1,1,2,0.90453666,0.90453666,0.90453666,0.6,0.6,0.6
1,1,2,0.90453666,0.90453666,0.90453666,0.6,0.6,0.6
1,1,2,0.90453666,0.90453666,0.90453666,0.6,0.6,0.6
1,1,2,0.90453666,0.90453666,0.90453666,0.6,0.6,0.6
1,1,2,0.90453666,0.90453666,0.90453666,0.6,0.6,0.6
1,1,2,0.90453666,0.90453666,0.90453666,0.6,0.6,0.6
1,1,2,0.90453666,0.90453666,0.90453666,0.6,0.6,0.6
1,1,2,0.90453666,0.90453666,0.90453666,0.6,0.6,0.6
1,1,2,0.90453666,0.90453666,0.90453666,0.6,0.6,0.6
1,2,1,0.90453666,0.90453666,0.90453666,0.6,0.6,0.6
1,2,1,0.90453666,0.90453666,0.90453666,0.6,0.6,0.6
1,2,1,0.90453666,0.90453666,0.90453666,0.6,0.6,0.6
1,2,1,0.90453666,0.90453666,0.90453666,0.6,0.6,0.6
1,2,1,0.90453666,0.90453666,0.90453666,0.6,0.6,0.6
1,2,1,0.90453666,0.90453666,0.90453666,0.6,0.6,0.6
1,2,1,0.90453666,0.90453666,0.90453666,0.6,0.6,0.6
1,2,1,0.90453666,0.90453666,0.90453666,0.6,0.6,0.6
1,2,1,0.90453666,0.90453666,0.90453666,0.6,0.6,0.6
1,2,2,0.90453666,0.90453666,0.90453666,0.6,0.6,0.6
1,2,2,0.90453666,0.90453666,0.90453666,0.6,0.6,0.6
1,2,2,0.90453666,0.90453666,0.90453666,0.6,0.6,0.6
1,2,2,0.90453666,0.90453666,0.90453666,0.6,0.6,0.6
1,2,2,0.90453666,0.90453666,0.90453666,0.6,0.6,0.6
1,2,2,0.90453666,0.90453666,0.90453666,0.6,0.6,0.6
1,2,2,0.90453666,0.90453666,0.90453666,0.6,0.6,0.6
1,2,2,0.90453666,0.90453666,0.90453666,0.6,0.6,0.6
1,2,2,0.90453666,0.90453666,0.90453666,0.6,0.6,0.6
0,0,0,0.9848181,0.9848181,0.9848181,0.38,0.38,0.38
0,0,1,0.9848181,0.9848181,0.9848181,0.38,0.38,0.38
0,0,2,0.9848181,0.9848181,0.9848181,0.38,0.38,0.38
1,1,1,0.9848181,0.9848181,0.9848181,0.38,0.38,0.38
1,1,1,0.9848181,0.9848181,0.9848181,0.38,0.38,0.38
1,1,1,0.9848181,0.9848181,0.9848181,0.38,0.38,0.38
1,1,1,0.9848181,0.9848181,0.9848181,0.38,0.38,0.38
1,1,1,0.9848181,0.9848181,0.9848181,0.38,0.38,0.38
1,1,1,0.9848181,0.9848181,0.9848181,0.38,0.38,0.38
1,1,1,0.9848181,0.9848181,0.9848181,0.38,0.38,0.38
1,1,1,0.9848181,0.9848181,0.9848181,0.38,0.38,0.38
1,1,1,0.9848181,0.9848181,0.9848181,0.38,0.38,0.38
1,1,2,0.9848181,0.9848181,0.9848181,0.38,0.38,0.38
1,1,2,0.9848181,0.9848181,0.9848181,0.38,0.38,0.38
1,1,2,0.9848181,0.9848181,0.9848181,0.38,0.38,0.38
1,1,2,0.9848181,0.9848181,0.9848181,0.38,0.38,0.38
1,1,2,0.9848181,0.9848181,0.9848181,0.38,0.38,0.38
1,1,2,0.9848181,0.9848181,0.9848181,0.38,0.38,0.38
1,1,2,0.9848181,0.9848181,0.9848181,0.38,0.38,0.38
1,1,2,0.9848181,0.9848181,0.9848181,0.38,0.38,0.38
1,1,2,0.9848181,0.9848181,0.9848181,0.38,0.38,0.38
1,2,1,0.9848181,0.9848181,0.9848181,0.38,0.38,0.38
1,2,1,0.9848181,0.9848181,0.9848181,0.38,0.38,0.38
1,2,1,0.9848181,0.9848181,0.9848181,0.38,0.38,0.38
1,2,1,0.9848181,0.9848181,0.9848181,0.38,0.38,0.38
1,2,1,0.9848181,0.9848181,0.9848181,0.38,0.38,0.38
1,2,1,0.9848181,0.9848181,0.9848181,0.38,0.38,0.38
1,2,1,0.9848181,0.9848181,0.9848181,0.38,0.38,0.38
1,2,1,0.9848181,0.9848181,0.9848181,0.38,0.38,0.38
1,2,1,0.9848181,0.9848181,0.9848181,0.38,0.38,0.38
1,2,2,0.9848181,0.9848181,0.9848181,0.38,0.38,0.38
1,2,2,0.9848181,0.9848181,0.9848181,0.38,0.38,0.38
1,2,2,0.9848181,0.9848181,0.9848181,0.38,0.38,0.38
1,2,2,0.9848181,0.9848181,0.9848181,0.38,0.38,0.38
1,2,2,0.9848181,0.9848181,0.9848181,0.38,0.38,0.38
1,2,2,0.9848181,0.9848181,0.9848181,0.38,0.38,0.38
1,2,2,0.9848181,0.9848181,0.9848181,0.38,0.38,0.38
1,2,2,0.9848181,0.9848181,0.9848181,0.38,0.38,0.38
1,2,2,0.9848181,0.9848181,0.9848181,0.38,0.38,0.38
0,0,0,1.0,1.0,1.0,0.1764705882352941,0.1764705882352941,0.1764705882352941
0,0,1,1.0,1.0,1.0,0.1764705882352941,0.1764705882352941,0.1764705882352941
0,0,2,1.0,1.0,1.0,0.1764705882352941,0.1764705882352941,0.1764705882352941
1,1,1,1.0,1.0,1.0,0.1764705882352941,0.1764705882352941,0.1764705882352941
1,1,1,1.0,1.0,1.0,0.1764705882352941,0.1764705882352941,0.1764705882352941
1,1,1,1.0,1.0,1.0,0.1764705882352941,0.1764705882352941,0.1764705882352941
1,1,1,1.0,1.0,1.0,0.1764705882352941,0.1764705882352941,0.1764705882352941
1,1,1,1.0,1.0,1.0,0.1764705882352941,0.1764705882352941,0.1764705882352941
1,1,1,1.0,1.0,1.0,0.1764705882352941,0.1764705882352941,0.1764705882352941
1,1,1,1.0,1.0,1.0,0.1764705882352941,0.1764705882352941,0.1764705882352941
1,1,1,1.0,1.0,1.0,0.1764705882352941,0.1764705882352941,0.1764705882352941
1,1,1,1.0,1.0,1.0,0.1764705882352941,0.1764705882352941,0.1764705882352941
1,1,2,1.0,1.0,1.0,0.1764705882352941,0.1764705882352941,0.1764705882352941
1,1,2,1.0,1.0,1.0,0.1764705882352941,0.1764705882352941,0.1764705882352941
1,1,2,1.0,1.0,1.0,0.1764705882352941,0.1764705882352941,0.1764705882352941
1,1,2,1.0,1.0,1.0,0.1764705882352941,0.1764705882352941,0.1764705882352941
1,1,2,1.0,1.0,1.0,0.1764705882352941,0.1764705882352941,0.1764705882352941
1,1,2,1.0,1.0,1.0,0.1764705882352941,0.1764705882352941,0.1764705882352941
1,1,2,1.0,1.0,1.0,0.1764705882352941,0.1764705882352941,0.1764705882352941
1,1,2,1.0,1.0,1.0,0.1764705882352941,0.1764705882352941,0.1764705882352941
1,1,2,1.0,1.0,1.0,0.1764705882352941,0.1764705882352941,0.1764705882352941
1,2,1,1.0,1.0,1.0,0.1764705882352941,0.1764705882352941,0.1764705882352941
1,2,1,1.0,1.0,1.0,0.1764705882352941,0.1764705882352941,0.1764705882352941
1,2,1,1.0,1.0,1.0,0.1764705882352941,0.1764705882352941,0.1764705882352941
1,2,1,1.0,1.0,1.0,0.1764705882352941,0.1764705882352941,0.1764705882352941
1,2,1,1.0,1.0,1.0,0.1764705882352941,0.1764705882352941,0.1764705882352941
1,2,1,1.0,1.0,1.0,0.1764705882352941,0.1764705882352941,0.1764705882352941
1,2,1,1.0,1.0,1.0,0.1764705882352941,0.1764705882352941,0.1764705882352941
1,2,1,1.0,1.0,1.0,0.1764705882352941,0.1764705882352941,0.1764705882352941
1,2,1,1.0,1.0,1.0,0.1764705882352941,0.1764705882352941,0.1764705882352941
1,2,2,1.0,1.0,1.0,0.1764705882352941,0.1764705882352941,0.1764705882352941
1,2,2,1.0,1.0,1.0,0.1764705882352941,0.1764705882352941,0.1764705882352941
1,2,2,1.0,1.0,1.0,0.1764705882352941,0.1764705882352941,0.1764705882352941
1,2,2,1.0,1.0,1.0,0.1764705882352941,0.1764705882352941,0.1764705882352941
1,2,2,1.0,1.0,1.0,0.1764705882352941,0.1764705882352941,0.1764705882352941
1,2,2,1.0,1.0,1.0,0.1764705882352941,0.1764705882352941,0.1764705882352941
1,2,2,1.0,1.0,1.0,0.1764705882352941,0.1764705882352941,0.1764705882352941
1,2,2,1.0,1.0,1.0,0.1764705882352941,0.1764705882352941,0.1764705882352941
1,2,2,1.0,1.0,1.0,0.1764705882352941,0.1764705882352941,0.1764705882352941
0,0,0,0.9766162,0.9766162,0.9766162,0.2641509433962264,0.2641509433962264,0.2641509433962264
0,0,1,0.9766162,0.9766162,0.9766162,0.2641509433962264,0.2641509433962264,0.2641509433962264
0,0,2,0.9766162,0.9766162,0.9766162,0.2641509433962264,0.2641509433962264,0.2641509433962264
1,1,1,0.9766162,0.9766162,0.9766162,0.2641509433962264,0.2641509433962264,0.2641509433962264
1,1,1,0.9766162,0.9766162,0.9766162,0.2641509433962264,0.2641509433962264,0.2641509433962264
1,1,1,0.9766162,0.9766162,0.9766162,0.2641509433962264,0.2641509433962264,0.2641509433962264
1,1,1,0.9766162,0.9766162,0.9766162,0.2641509433962264,0.2641509433962264,0.2641509433962264
1,1,1,0.9766162,0.9766162,0.9766162,0.2641509433962264,0.2641509433962264,0.2641509433962264
1,1,1,0.9766162,0.9766162,0.9766162,0.2641509433962264,0.2641509433962264,0.2641509433962264
1,1,1,0.9766162,0.9766162,0.9766162,0.2641509433962264,0.2641509433962264,0.2641509433962264
1,1,1,0.9766162,0.9766162,0.9766162,0.2641509433962264,0.2641509433962264,0.2641509433962264
1,1,1,0.9766162,0.9766162,0.9766162,0.2641509433962264,0.2641509433962264,0.2641509433962264
1,1,2,0.9766162,0.9766162,0.9766162,0.2641509433962264,0.2641509433962264,0.2641509433962264
1,1,2,0.9766162,0.9766162,0.9766162,0.2641509433962264,0.2641509433962264,0.2641509433962264
1,1,2,0.9766162,0.9766162,0.9766162,0.2641509433962264,0.2641509433962264,0.2641509433962264
1,1,2,0.9766162,0.9766162,0.9766162,0.2641509433962264,0.2641509433962264,0.2641509433962264
1,1,2,0.9766162,0.9766162,0.9766162,0.2641509433962264,0.2641509433962264,0.2641509433962264
1,1,2,0.9766162,0.9766162,0.9766162,0.2641509433962264,0.2641509433962264,0.2641509433962264
1,1,2,0.9766162,0.9766162,0.9766162,0.2641509433962264,0.2641509433962264,0.2641509433962264
1,1,2,0.9766162,0.9766162,0.9766162,0.2641509433962264,0.2641509433962264,0.2641509433962264
1,1,2,0.9766162,0.9766162,0.9766162,0.2641509433962264,0.2641509433962264,0.2641509433962264
1,2,1,0.9766162,0.9766162,0.9766162,0.2641509433962264,0.2641509433962264,0.2641509433962264
1,2,1,0.9766162,0.9766162,0.9766162,0.2641509433962264,0.2641509433962264,0.2641509433962264
1,2,1,0.9766162,0.9766162,0.9766162,0.2641509433962264,0.2641509433962264,0.2641509433962264
1,2,1,0.9766162,0.9766162,0.9766162,0.2641509433962264,0.2641509433962264,0.2641509433962264
1,2,1,0.9766162,0.9766162,0.9766162,0.2641509433962264,0.2641509433962264,0.2641509433962264
1,2,1,0.9766162,0.9766162,0.9766162,0.2641509433962264,0.2641509433962264,0.2641509433962264
1,2,1,0.9766162,0.9766162,0.9766162,0.2641509433962264,0.2641509433962264,0.2641509433962264
1,2,1,0.9766162,0.9766162,0.9766162,0.2641509433962264,0.2641509433962264,0.2641509433962264
1,2,1,0.9766162,0.9766162,0.9766162,0.2641509433962264,0.2641509433962264,0.2641509433962264
1,2,2,0.9766162,0.9766162,0.9766162,0.2641509433962264,0.2641509433962264,0.2641509433962264
1,2,2,0.9766162,0.9766162,0.9766162,0.2641509433962264,0.2641509433962264,0.2641509433962264
1,2,2,0.9766162,0.9766162,0.9766162,0.2641509433962264,0.2641509433962264,0.2641509433962264
1,2,2,0.9766162,0.9766162,0.9766162,0.2641509433962264,0.2641509433962264,0.2641509433962264
1,2,2,0.9766162,0.9766162,0.9766162,0.2641509433962264,0.2641509433962264,0.2641509433962264
1,2,2,0.9766162,0.9766162,0.9766162,0.2641509433962264,0.2641509433962264,0.2641509433962264
1,2,2,0.9766162,0.9766162,0.9766162,0.2641509433962264,0.2641509433962264,0.2641509433962264
1,2,2,0.9766162,0.9766162,0.9766162,0.2641509433962264,0.2641509433962264,0.2641509433962264
1,2,2,0.9766162,0.9766162,0.9766162,0.2641509433962264,0.2641509433962264,0.2641509433962264
0,0,0,0.96246994,0.96246994,0.96246994,0.0256410256410256,0.0256410256410256,0.0256410256410256
0,0,1,0.96246994,0.96246994,0.96246994,0.0256410256410256,0.0256410256410256,0.0256410256410256
0,0,2,0.96246994,0.96246994,0.96246994,0.0256410256410256,0.0256410256410256,0.0256410256410256
1,1,1,0.96246994,0.96246994,0.96246994,0.0256410256410256,0.0256410256410256,0.0256410256410256
1,1,1,0.96246994,0.96246994,0.96246994,0.0256410256410256,0.0256410256410256,0.0256410256410256
1,1,1,0.96246994,0.96246994,0.96246994,0.0256410256410256,0.0256410256410256,0.0256410256410256
1,1,1,0.96246994,0.96246994,0.96246994,0.0256410256410256,0.0256410256410256,0.0256410256410256
1,1,1,0.96246994,0.96246994,0.96246994,0.0256410256410256,0.0256410256410256,0.0256410256410256
1,1,1,0.96246994,0.96246994,0.96246994,0.0256410256410256,0.0256410256410256,0.0256410256410256
1,1,1,0.96246994,0.96246994,0.96246994,0.0256410256410256,0.0256410256410256,0.0256410256410256
1,1,1,0.96246994,0.96246994,0.96246994,0.0256410256410256,0.0256410256410256,0.0256410256410256
1,1,1,0.96246994,0.96246994,0.96246994,0.0256410256410256,0.0256410256410256,0.0256410256410256
1,1,2,0.96246994,0.96246994,0.96246994,0.0256410256410256,0.0256410256410256,0.0256410256410256
1,1,2,0.96246994,0.96246994,0.96246994,0.0256410256410256,0.0256410256410256,0.0256410256410256
1,1,2,0.96246994,0.96246994,0.96246994,0.0256410256410256,0.0256410256410256,0.0256410256410256
1,1,2,0.96246994,0.96246994,0.96246994,0.0256410256410256,0.0256410256410256,0.0256410256410256
1,1,2,0.96246994,0.96246994,0.96246994,0.0256410256410256,0.0256410256410256,0.0256410256410256
1,1,2,0.96246994,0.96246994,0.96246994,0.0256410256410256,0.0256410256410256,0.0256410256410256
1,1,2,0.96246994,0.96246994,0.96246994,0.0256410256410256,0.0256410256410256,0.0256410256410256
1,1,2,0.96246994,0.96246994,0.96246994,0.0256410256410256,0.0256410256410256,0.0256410256410256
1,1,2,0.96246994,0.96246994,0.96246994,0.0256410256410256,0.0256410256410256,0.0256410256410256
1,2,1,0.96246994,0.96246994,0.96246994,0.0256410256410256,0.0256410256410256,0.0256410256410256
1,2,1,0.96246994,0.96246994,0.96246994,0.0256410256410256,0.0256410256410256,0.0256410256410256
1,2,1,0.96246994,0.96246994,0.96246994,0.0256410256410256,0.0256410256410256,0.0256410256410256
1,2,1,0.96246994,0.96246994,0.96246994,0.0256410256410256,0.0256410256410256,0.0256410256410256
1,2,1,0.96246994,0.96246994,0.96246994,0.0256410256410256,0.0256410256410256,0.0256410256410256
1,2,1,0.96246994,0.96246994,0.96246994,0.0256410256410256,0.0256410256410256,0.0256410256410256
1,2,1,0.96246994,0.96246994,0.96246994,0.0256410256410256,0.0256410256410256,0.0256410256410256
1,2,1,0.96246994,0.96246994,0.96246994,0.0256410256410256,0.0256410256410256,0.0256410256410256
1,2,1,0.96246994,0.96246994,0.96246994,0.0256410256410256,0.0256410256410256,0.0256410256410256
1,2,2,0.96246994,0.96246994,0.96246994,0.0256410256410256,0.0256410256410256,0.0256410256410256
1,2,2,0.96246994,0.96246994,0.96246994,0.0256410256410256,0.0256410256410256,0.0256410256410256
1,2,2,0.96246994,0.96246994,0.96246994,0.0256410256410256,0.0256410256410256,0.0256410256410256
1,2,2,0.96246994,0.96246994,0.96246994,0.0256410256410256,0.0256410256410256,0.0256410256410256
1,2,2,0.96246994,0.96246994,0.96246994,0.0256410256410256,0.0256410256410256,0.0256410256410256
1,2,2,0.96246994,0.96246994,0.96246994,0.0256410256410256,0.0256410256410256,0.0256410256410256
1,2,2,0.96246994,0.96246994,0.96246994,0.0256410256410256,0.0256410256410256,0.0256410256410256
1,2,2,0.96246994,0.96246994,0.96246994,0.0256410256410256,0.0256410256410256,0.0256410256410256
1,2,2,0.96246994,0.96246994,0.96246994,0.0256410256410256,0.0256410256410256,0.0256410256410256
0,0,0,0.9641968,0.9641968,0.9641968,0.3653846153846154,0.3653846153846154,0.3653846153846154
0,0,1,0.9641968,0.9641968,0.9641968,0.3653846153846154,0.3653846153846154,0.3653846153846154
0,0,2,0.9641968,0.9641968,0.9641968,0.3653846153846154,0.3653846153846154,0.3653846153846154
1,1,1,0.9641968,0.9641968,0.9641968,0.3653846153846154,0.3653846153846154,0.3653846153846154
1,1,1,0.9641968,0.9641968,0.9641968,0.3653846153846154,0.3653846153846154,0.3653846153846154
1,1,1,0.9641968,0.9641968,0.9641968,0.3653846153846154,0.3653846153846154,0.3653846153846154
1,1,1,0.9641968,0.9641968,0.9641968,0.3653846153846154,0.3653846153846154,0.3653846153846154
1,1,1,0.9641968,0.9641968,0.9641968,0.3653846153846154,0.3653846153846154,0.3653846153846154
1,1,1,0.9641968,0.9641968,0.9641968,0.3653846153846154,0.3653846153846154,0.3653846153846154
1,1,1,0.9641968,0.9641968,0.9641968,0.3653846153846154,0.3653846153846154,0.3653846153846154
1,1,1,0.9641968,0.9641968,0.9641968,0.3653846153846154,0.3653846153846154,0.3653846153846154
1,1,1,0.9641968,0.9641968,0.9641968,0.3653846153846154,0.3653846153846154,0.3653846153846154
1,1,2,0.9641968,0.9641968,0.9641968,0.3653846153846154,0.3653846153846154,0.3653846153846154
1,1,2,0.9641968,0.9641968,0.9641968,0.3653846153846154,0.3653846153846154,0.3653846153846154
1,1,2,0.9641968,0.9641968,0.9641968,0.3653846153846154,0.3653846153846154,0.3653846153846154
1,1,2,0.9641968,0.9641968,0.9641968,0.3653846153846154,0.3653846153846154,0.3653846153846154
1,1,2,0.9641968,0.9641968,0.9641968,0.3653846153846154,0.3653846153846154,0.3653846153846154
1,1,2,0.9641968,0.9641968,0.9641968,0.3653846153846154,0.3653846153846154,0.3653846153846154
1,1,2,0.9641968,0.9641968,0.9641968,0.3653846153846154,0.3653846153846154,0.3653846153846154
1,1,2,0.9641968,0.9641968,0.9641968,0.3653846153846154,0.3653846153846154,0.3653846153846154
1,1,2,0.9641968,0.9641968,0.9641968,0.3653846153846154,0.3653846153846154,0.3653846153846154
1,2,1,0.9641968,0.9641968,0.9641968,0.3653846153846154,0.3653846153846154,0.3653846153846154
1,2,1,0.9641968,0.9641968,0.9641968,0.3653846153846154,0.3653846153846154,0.3653846153846154
1,2,1,0.9641968,0.9641968,0.9641968,0.3653846153846154,0.3653846153846154,0.3653846153846154
1,2,1,0.9641968,0.9641968,0.9641968,0.3653846153846154,0.3653846153846154,0.3653846153846154
1,2,1,0.9641968,0.9641968,0.9641968,0.3653846153846154,0.3653846153846154,0.3653846153846154
1,2,1,0.9641968,0.9641968,0.9641968,0.3653846153846154,0.3653846153846154,0.3653846153846154
1,2,1,0.9641968,0.9641968,0.9641968,0.3653846153846154,0.3653846153846154,0.3653846153846154
1,2,1,0.9641968,0.9641968,0.9641968,0.3653846153846154,0.3653846153846154,0.3653846153846154
1,2,1,0.9641968,0.9641968,0.9641968,0.3653846153846154,0.3653846153846154,0.3653846153846154
1,2,2,0.9641968,0.9641968,0.9641968,0.3653846153846154,0.3653846153846154,0.3653846153846154
1,2,2,0.9641968,0.9641968,0.9641968,0.3653846153846154,0.3653846153846154,0.3653846153846154
1,2,2,0.9641968,0.9641968,0.9641968,0.3653846153846154,0.3653846153846154,0.3653846153846154
1,2,2,0.9641968,0.9641968,0.9641968,0.3653846153846154,0.3653846153846154,0.3653846153846154
1,2,2,0.9641968,0.9641968,0.9641968,0.3653846153846154,0.3653846153846154,0.3653846153846154
1,2,2,0.9641968,0.9641968,0.9641968,0.3653846153846154,0.3653846153846154,0.3653846153846154
1,2,2,0.9641968,0.9641968,0.9641968,0.3653846153846154,0.3653846153846154,0.3653846153846154
1,2,2,0.9641968,0.9641968,0.9641968,0.3653846153846154,0.3653846153846154,0.3653846153846154
1,2,2,0.9641968,0.9641968,0.9641968,0.3653846153846154,0.3653846153846154,0.3653846153846154
0,0,0,0.96727663,0.96727663,0.96727663,0.5441176470588236,0.5441176470588236,0.5441176470588236
0,0,1,0.96727663,0.96727663,0.96727663,0.5441176470588236,0.5441176470588236,0.5441176470588236
0,0,2,0.96727663,0.96727663,0.96727663,0.5441176470588236,0.5441176470588236,0.5441176470588236
1,1,1,0.96727663,0.96727663,0.96727663,0.5441176470588236,0.5441176470588236,0.5441176470588236
1,1,1,0.96727663,0.96727663,0.96727663,0.5441176470588236,0.5441176470588236,0.5441176470588236
1,1,1,0.96727663,0.96727663,0.96727663,0.5441176470588236,0.5441176470588236,0.5441176470588236
1,1,1,0.96727663,0.96727663,0.96727663,0.5441176470588236,0.5441176470588236,0.5441176470588236
1,1,1,0.96727663,0.96727663,0.96727663,0.5441176470588236,0.5441176470588236,0.5441176470588236
1,1,1,0.96727663,0.96727663,0.96727663,0.5441176470588236,0.5441176470588236,0.5441176470588236
1,1,1,0.96727663,0.96727663,0.96727663,0.5441176470588236,0.5441176470588236,0.5441176470588236
1,1,1,0.96727663,0.96727663,0.96727663,0.5441176470588236,0.5441176470588236,0.5441176470588236
1,1,1,0.96727663,0.96727663,0.96727663,0.5441176470588236,0.5441176470588236,0.5441176470588236
1,1,2,0.96727663,0.96727663,0.96727663,0.5441176470588236,0.5441176470588236,0.5441176470588236
1,1,2,0.96727663,0.96727663,0.96727663,0.5441176470588236,0.5441176470588236,0.5441176470588236
1,1,2,0.96727663,0.96727663,0.96727663,0.5441176470588236,0.5441176470588236,0.5441176470588236
1,1,2,0.96727663,0.96727663,0.96727663,0.5441176470588236,0.5441176470588236,0.5441176470588236
1,1,2,0.96727663,0.96727663,0.96727663,0.5441176470588236,0.5441176470588236,0.5441176470588236
1,1,2,0.96727663,0.96727663,0.96727663,0.5441176470588236,0.5441176470588236,0.5441176470588236
1,1,2,0.96727663,0.96727663,0.96727663,0.5441176470588236,0.5441176470588236,0.5441176470588236
1,1,2,0.96727663,0.96727663,0.96727663,0.5441176470588236,0.5441176470588236,0.5441176470588236
1,1,2,0.96727663,0.96727663,0.96727663,0.5441176470588236,0.5441176470588236,0.5441176470588236
1,2,1,0.96727663,0.96727663,0.96727663,0.5441176470588236,0.5441176470588236,0.5441176470588236
1,2,1,0.96727663,0.96727663,0.96727663,0.5441176470588236,0.5441176470588236,0.5441176470588236
1,2,1,0.96727663,0.96727663,0.96727663,0.5441176470588236,0.5441176470588236,0.5441176470588236
1,2,1,0.96727663,0.96727663,0.96727663,0.5441176470588236,0.5441176470588236,0.5441176470588236
1,2,1,0.96727663,0.96727663,0.96727663,0.5441176470588236,0.5441176470588236,0.5441176470588236
1,2,1,0.96727663,0.96727663,0.96727663,0.5441176470588236,0.5441176470588236,0.5441176470588236
1,2,1,0.96727663,0.96727663,0.96727663,0.5441176470588236,0.5441176470588236,0.5441176470588236
1,2,1,0.96727663,0.96727663,0.96727663,0.5441176470588236,0.5441176470588236,0.5441176470588236
1,2,1,0.96727663,0.96727663,0.96727663,0.5441176470588236,0.5441176470588236,0.5441176470588236
1,2,2,0.96727663,0.96727663,0.96727663,0.5441176470588236,0.5441176470588236,0.5441176470588236
1,2,2,0.96727663,0.96727663,0.96727663,0.5441176470588236,0.5441176470588236,0.5441176470588236
1,2,2,0.96727663,0.96727663,0.96727663,0.5441176470588236,0.5441176470588236,0.5441176470588236
1,2,2,0.96727663,0.96727663,0.96727663,0.5441176470588236,0.5441176470588236,0.5441176470588236
1,2,2,0.96727663,0.96727663,0.96727663,0.5441176470588236,0.5441176470588236,0.5441176470588236
1,2,2,0.96727663,0.96727663,0.96727663,0.5441176470588236,0.5441176470588236,0.5441176470588236
1,2,2,0.96727663,0.96727663,0.96727663,0.5441176470588236,0.5441176470588236,0.5441176470588236
1,2,2,0.96727663,0.96727663,0.96727663,0.5441176470588236,0.5441176470588236,0.5441176470588236
1,2,2,0.96727663,0.96727663,0.96727663,0.5441176470588236,0.5441176470588236,0.5441176470588236
0,0,0,0.98356134,0.98356134,0.98356134,0.1463414634146341,0.1463414634146341,0.1463414634146341
0,0,1,0.98356134,0.98356134,0.98356134,0.1463414634146341,0.1463414634146341,0.1463414634146341
0,0,2,0.98356134,0.98356134,0.98356134,0.1463414634146341,0.1463414634146341,0.1463414634146341
1,1,1,0.98356134,0.98356134,0.98356134,0.1463414634146341,0.1463414634146341,0.1463414634146341
1,1,1,0.98356134,0.98356134,0.98356134,0.1463414634146341,0.1463414634146341,0.1463414634146341
1,1,1,0.98356134,0.98356134,0.98356134,0.1463414634146341,0.1463414634146341,0.1463414634146341
1,1,1,0.98356134,0.98356134,0.98356134,0.1463414634146341,0.1463414634146341,0.1463414634146341
1,1,1,0.98356134,0.98356134,0.98356134,0.1463414634146341,0.1463414634146341,0.1463414634146341
1,1,1,0.98356134,0.98356134,0.98356134,0.1463414634146341,0.1463414634146341,0.1463414634146341
1,1,1,0.98356134,0.98356134,0.98356134,0.1463414634146341,0.1463414634146341,0.1463414634146341
1,1,1,0.98356134,0.98356134,0.98356134,0.1463414634146341,0.1463414634146341,0.1463414634146341
1,1,1,0.98356134,0.98356134,0.98356134,0.1463414634146341,0.1463414634146341,0.1463414634146341
1,1,2,0.98356134,0.98356134,0.98356134,0.1463414634146341,0.1463414634146341,0.1463414634146341
1,1,2,0.98356134,0.98356134,0.98356134,0.1463414634146341,0.1463414634146341,0.1463414634146341
1,1,2,0.98356134,0.98356134,0.98356134,0.1463414634146341,0.1463414634146341,0.1463414634146341
1,1,2,0.98356134,0.98356134,0.98356134,0.1463414634146341,0.1463414634146341,0.1463414634146341
1,1,2,0.98356134,0.98356134,0.98356134,0.1463414634146341,0.1463414634146341,0.1463414634146341
1,1,2,0.98356134,0.98356134,0.98356134,0.1463414634146341,0.1463414634146341,0.1463414634146341
1,1,2,0.98356134,0.98356134,0.98356134,0.1463414634146341,0.1463414634146341,0.1463414634146341
1,1,2,0.98356134,0.98356134,0.98356134,0.1463414634146341,0.1463414634146341,0.1463414634146341
1,1,2,0.98356134,0.98356134,0.98356134,0.1463414634146341,0.1463414634146341,0.1463414634146341
1,2,1,0.98356134,0.98356134,0.98356134,0.1463414634146341,0.1463414634146341,0.1463414634146341
1,2,1,0.98356134,0.98356134,0.98356134,0.1463414634146341,0.1463414634146341,0.1463414634146341
1,2,1,0.98356134,0.98356134,0.98356134,0.1463414634146341,0.1463414634146341,0.1463414634146341
1,2,1,0.98356134,0.98356134,0.98356134,0.1463414634146341,0.1463414634146341,0.1463414634146341
1,2,1,0.98356134,0.98356134,0.98356134,0.1463414634146341,0.1463414634146341,0.1463414634146341
1,2,1,0.98356134,0.98356134,0.98356134,0.1463414634146341,0.1463414634146341,0.1463414634146341
1,2,1,0.98356134,0.98356134,0.98356134,0.1463414634146341,0.1463414634146341,0.1463414634146341
1,2,1,0.98356134,0.98356134,0.98356134,0.1463414634146341,0.1463414634146341,0.1463414634146341
1,2,1,0.98356134,0.98356134,0.98356134,0.1463414634146341,0.1463414634146341,0.1463414634146341
1,2,2,0.98356134,0.98356134,0.98356134,0.1463414634146341,0.1463414634146341,0.1463414634146341
1,2,2,0.98356134,0.98356134,0.98356134,0.1463414634146341,0.1463414634146341,0.1463414634146341
1,2,2,0.98356134,0.98356134,0.98356134,0.1463414634146341,0.1463414634146341,0.1463414634146341
1,2,2,0.98356134,0.98356134,0.98356134,0.1463414634146341,0.1463414634146341,0.1463414634146341
1,2,2,0.98356134,0.98356134,0.98356134,0.1463414634146341,0.1463414634146341,0.1463414634146341
1,2,2,0.98356134,0.98356134,0.98356134,0.1463414634146341,0.1463414634146341,0.1463414634146341
1,2,2,0.98356134,0.98356134,0.98356134,0.1463414634146341,0.1463414634146341,0.1463414634146341
1,2,2,0.98356134,0.98356134,0.98356134,0.1463414634146341,0.1463414634146341,0.1463414634146341
1,2,2,0.98356134,0.98356134,0.98356134,0.1463414634146341,0.1463414634146341,0.1463414634146341
0,0,0,0.8631934,0.8631934,0.8631934,0.7142857142857143,0.7142857142857143,0.7142857142857143
0,0,1,0.8631934,0.8631934,0.8631934,0.7142857142857143,0.7142857142857143,0.7142857142857143
0,0,2,0.8631934,0.8631934,0.8631934,0.7142857142857143,0.7142857142857143,0.7142857142857143
1,1,1,0.8631934,0.8631934,0.8631934,0.7142857142857143,0.7142857142857143,0.7142857142857143
1,1,1,0.8631934,0.8631934,0.8631934,0.7142857142857143,0.7142857142857143,0.7142857142857143
1,1,1,0.8631934,0.8631934,0.8631934,0.7142857142857143,0.7142857142857143,0.7142857142857143
1,1,1,0.8631934,0.8631934,0.8631934,0.7142857142857143,0.7142857142857143,0.7142857142857143
1,1,1,0.8631934,0.8631934,0.8631934,0.7142857142857143,0.7142857142857143,0.7142857142857143
1,1,1,0.8631934,0.8631934,0.8631934,0.7142857142857143,0.7142857142857143,0.7142857142857143
1,1,1,0.8631934,0.8631934,0.8631934,0.7142857142857143,0.7142857142857143,0.7142857142857143
1,1,1,0.8631934,0.8631934,0.8631934,0.7142857142857143,0.7142857142857143,0.7142857142857143
1,1,1,0.8631934,0.8631934,0.8631934,0.7142857142857143,0.7142857142857143,0.7142857142857143
1,1,2,0.8631934,0.8631934,0.8631934,0.7142857142857143,0.7142857142857143,0.7142857142857143
1,1,2,0.8631934,0.8631934,0.8631934,0.7142857142857143,0.7142857142857143,0.7142857142857143
1,1,2,0.8631934,0.8631934,0.8631934,0.7142857142857143,0.7142857142857143,0.7142857142857143
1,1,2,0.8631934,0.8631934,0.8631934,0.7142857142857143,0.7142857142857143,0.7142857142857143
1,1,2,0.8631934,0.8631934,0.8631934,0.7142857142857143,0.7142857142857143,0.7142857142857143
1,1,2,0.8631934,0.8631934,0.8631934,0.7142857142857143,0.7142857142857143,0.7142857142857143
1,1,2,0.8631934,0.8631934,0.8631934,0.7142857142857143,0.7142857142857143,0.7142857142857143
1,1,2,0.8631934,0.8631934,0.8631934,0.7142857142857143,0.7142857142857143,0.7142857142857143
1,1,2,0.8631934,0.8631934,0.8631934,0.7142857142857143,0.7142857142857143,0.7142857142857143
1,2,1,0.8631934,0.8631934,0.8631934,0.7142857142857143,0.7142857142857143,0.7142857142857143
1,2,1,0.8631934,0.8631934,0.8631934,0.7142857142857143,0.7142857142857143,0.7142857142857143
1,2,1,0.8631934,0.8631934,0.8631934,0.7142857142857143,0.7142857142857143,0.7142857142857143
1,2,1,0.8631934,0.8631934,0.8631934,0.7142857142857143,0.7142857142857143,0.7142857142857143
1,2,1,0.8631934,0.8631934,0.8631934,0.7142857142857143,0.7142857142857143,0.7142857142857143
1,2,1,0.8631934,0.8631934,0.8631934,0.7142857142857143,0.7142857142857143,0.7142857142857143
1,2,1,0.8631934,0.8631934,0.8631934,0.7142857142857143,0.7142857142857143,0.7142857142857143
1,2,1,0.8631934,0.8631934,0.8631934,0.7142857142857143,0.7142857142857143,0.7142857142857143
1,2,1,0.8631934,0.8631934,0.8631934,0.7142857142857143,0.7142857142857143,0.7142857142857143
1,2,2,0.8631934,0.8631934,0.8631934,0.7142857142857143,0.7142857142857143,0.7142857142857143
1,2,2,0.8631934,0.8631934,0.8631934,0.7142857142857143,0.7142857142857143,0.7142857142857143
1,2,2,0.8631934,0.8631934,0.8631934,0.7142857142857143,0.7142857142857143,0.7142857142857143
1,2,2,0.8631934,0.8631934,0.8631934,0.7142857142857143,0.7142857142857143,0.7142857142857143
1,2,2,0.8631934,0.8631934,0.8631934,0.7142857142857143,0.7142857142857143,0.7142857142857143
1,2,2,0.8631934,0.8631934,0.8631934,0.7142857142857143,0.7142857142857143,0.7142857142857143
1,2,2,0.8631934,0.8631934,0.8631934,0.7142857142857143,0.7142857142857143,0.7142857142857143
1,2,2,0.8631934,0.8631934,0.8631934,0.7142857142857143,0.7142857142857143,0.7142857142857143
1,2,2,0.8631934,0.8631934,0.8631934,0.7142857142857143,0.7142857142857143,0.7142857142857143
0,0,0,0.815809,0.815809,0.815809,0.7806122448979592,0.7806122448979592,0.7806122448979592
0,0,1,0.815809,0.815809,0.815809,0.7806122448979592,0.7806122448979592,0.7806122448979592
0,0,2,0.815809,0.815809,0.815809,0.7806122448979592,0.7806122448979592,0.7806122448979592
1,1,1,0.815809,0.815809,0.815809,0.7806122448979592,0.7806122448979592,0.7806122448979592
1,1,1,0.815809,0.815809,0.815809,0.7806122448979592,0.7806122448979592,0.7806122448979592
1,1,1,0.815809,0.815809,0.815809,0.7806122448979592,0.7806122448979592,0.7806122448979592
1,1,1,0.815809,0.815809,0.815809,0.7806122448979592,0.7806122448979592,0.7806122448979592
1,1,1,0.815809,0.815809,0.815809,0.7806122448979592,0.7806122448979592,0.7806122448979592
1,1,1,0.815809,0.815809,0.815809,0.7806122448979592,0.7806122448979592,0.7806122448979592
1,1,1,0.815809,0.815809,0.815809,0.7806122448979592,0.7806122448979592,0.7806122448979592
1,1,1,0.815809,0.815809,0.815809,0.7806122448979592,0.7806122448979592,0.7806122448979592
1,1,1,0.815809,0.815809,0.815809,0.7806122448979592,0.7806122448979592,0.7806122448979592
1,1,2,0.815809,0.815809,0.815809,0.7806122448979592,0.7806122448979592,0.7806122448979592
1,1,2,0.815809,0.815809,0.815809,0.7806122448979592,0.7806122448979592,0.7806122448979592
1,1,2,0.815809,0.815809,0.815809,0.7806122448979592,0.7806122448979592,0.7806122448979592
1,1,2,0.815809,0.815809,0.815809,0.7806122448979592,0.7806122448979592,0.7806122448979592
1,1,2,0.815809,0.815809,0.815809,0.7806122448979592,0.7806122448979592,0.7806122448979592
1,1,2,0.815809,0.815809,0.815809,0.7806122448979592,0.7806122448979592,0.7806122448979592
1,1,2,0.815809,0.815809,0.815809,0.7806122448979592,0.7806122448979592,0.7806122448979592
1,1,2,0.815809,0.815809,0.815809,0.7806122448979592,0.7806122448979592,0.7806122448979592
1,1,2,0.815809,0.815809,0.815809,0.7806122448979592,0.7806122448979592,0.7806122448979592
1,2,1,0.815809,0.815809,0.815809,0.7806122448979592,0.7806122448979592,0.7806122448979592
1,2,1,0.815809,0.815809,0.815809,0.7806122448979592,0.7806122448979592,0.7806122448979592
1,2,1,0.815809,0.815809,0.815809,0.7806122448979592,0.7806122448979592,0.7806122448979592
1,2,1,0.815809,0.815809,0.815809,0.7806122448979592,0.7806122448979592,0.7806122448979592
1,2,1,0.815809,0.815809,0.815809,0.7806122448979592,0.7806122448979592,0.7806122448979592
1,2,1,0.815809,0.815809,0.815809,0.7806122448979592,0.7806122448979592,0.7806122448979592
1,2,1,0.815809,0.815809,0.815809,0.7806122448979592,0.7806122448979592,0.7806122448979592
1,2,1,0.815809,0.815809,0.815809,0.7806122448979592,0.7806122448979592,0.7806122448979592
1,2,1,0.815809,0.815809,0.815809,0.7806122448979592,0.7806122448979592,0.7806122448979592
1,2,2,0.815809,0.815809,0.815809,0.7806122448979592,0.7806122448979592,0.7806122448979592
1,2,2,0.815809,0.815809,0.815809,0.7806122448979592,0.7806122448979592,0.7806122448979592
1,2,2,0.815809,0.815809,0.815809,0.7806122448979592,0.7806122448979592,0.7806122448979592
1,2,2,0.815809,0.815809,0.815809,0.7806122448979592,0.7806122448979592,0.7806122448979592
1,2,2,0.815809,0.815809,0.815809,0.7806122448979592,0.7806122448979592,0.7806122448979592
1,2,2,0.815809,0.815809,0.815809,0.7806122448979592,0.7806122448979592,0.7806122448979592
1,2,2,0.815809,0.815809,0.815809,0.7806122448979592,0.7806122448979592,0.7806122448979592
1,2,2,0.815809,0.815809,0.815809,0.7806122448979592,0.7806122448979592,0.7806122448979592
1,2,2,0.815809,0.815809,0.815809,0.7806122448979592,0.7806122448979592,0.7806122448979592
0,0,0,0.7184012,0.7184012,0.7184012,0.8082901554404145,0.8082901554404145,0.8082901554404145
0,0,1,0.7184012,0.7184012,0.7184012,0.8082901554404145,0.8082901554404145,0.8082901554404145
0,0,2,0.7184012,0.7184012,0.7184012,0.8082901554404145,0.8082901554404145,0.8082901554404145
1,1,1,0.7184012,0.7184012,0.7184012,0.8082901554404145,0.8082901554404145,0.8082901554404145
1,1,1,0.7184012,0.7184012,0.7184012,0.8082901554404145,0.8082901554404145,0.8082901554404145
1,1,1,0.7184012,0.7184012,0.7184012,0.8082901554404145,0.8082901554404145,0.8082901554404145
1,1,1,0.7184012,0.7184012,0.7184012,0.8082901554404145,0.8082901554404145,0.8082901554404145
1,1,1,0.7184012,0.7184012,0.7184012,0.8082901554404145,0.8082901554404145,0.8082901554404145
1,1,1,0.7184012,0.7184012,0.7184012,0.8082901554404145,0.8082901554404145,0.8082901554404145
1,1,1,0.7184012,0.7184012,0.7184012,0.8082901554404145,0.8082901554404145,0.8082901554404145
1,1,1,0.7184012,0.7184012,0.7184012,0.8082901554404145,0.8082901554404145,0.8082901554404145
1,1,1,0.7184012,0.7184012,0.7184012,0.8082901554404145,0.8082901554404145,0.8082901554404145
1,1,2,0.7184012,0.7184012,0.7184012,0.8082901554404145,0.8082901554404145,0.8082901554404145
1,1,2,0.7184012,0.7184012,0.7184012,0.8082901554404145,0.8082901554404145,0.8082901554404145
1,1,2,0.7184012,0.7184012,0.7184012,0.8082901554404145,0.8082901554404145,0.8082901554404145
1,1,2,0.7184012,0.7184012,0.7184012,0.8082901554404145,0.8082901554404145,0.8082901554404145
1,1,2,0.7184012,0.7184012,0.7184012,0.8082901554404145,0.8082901554404145,0.8082901554404145
1,1,2,0.7184012,0.7184012,0.7184012,0.8082901554404145,0.8082901554404145,0.8082901554404145
1,1,2,0.7184012,0.7184012,0.7184012,0.8082901554404145,0.8082901554404145,0.8082901554404145
1,1,2,0.7184012,0.7184012,0.7184012,0.8082901554404145,0.8082901554404145,0.8082901554404145
1,1,2,0.7184012,0.7184012,0.7184012,0.8082901554404145,0.8082901554404145,0.8082901554404145
1,2,1,0.7184012,0.7184012,0.7184012,0.8082901554404145,0.8082901554404145,0.8082901554404145
1,2,1,0.7184012,0.7184012,0.7184012,0.8082901554404145,0.8082901554404145,0.8082901554404145
1,2,1,0.7184012,0.7184012,0.7184012,0.8082901554404145,0.8082901554404145,0.8082901554404145
1,2,1,0.7184012,0.7184012,0.7184012,0.8082901554404145,0.8082901554404145,0.8082901554404145
1,2,1,0.7184012,0.7184012,0.7184012,0.8082901554404145,0.8082901554404145,0.8082901554404145
1,2,1,0.7184012,0.7184012,0.7184012,0.8082901554404145,0.8082901554404145,0.8082901554404145
1,2,1,0.7184012,0.7184012,0.7184012,0.8082901554404145,0.8082901554404145,0.8082901554404145
1,2,1,0.7184012,0.7184012,0.7184012,0.8082901554404145,0.8082901554404145,0.8082901554404145
1,2,1,0.7184012,0.7184012,0.7184012,0.8082901554404145,0.8082901554404145,0.8082901554404145
1,2,2,0.7184012,0.7184012,0.7184012,0.8082901554404145,0.8082901554404145,0.8082901554404145
1,2,2,0.7184012,0.7184012,0.7184012,0.8082901554404145,0.8082901554404145,0.8082901554404145
1,2,2,0.7184012,0.7184012,0.7184012,0.8082901554404145,0.8082901554404145,0.8082901554404145
1,2,2,0.7184012,0.7184012,0.7184012,0.8082901554404145,0.8082901554404145,0.8082901554404145
1,2,2,0.7184012,0.7184012,0.7184012,0.8082901554404145,0.8082901554404145,0.8082901554404145
1,2,2,0.7184012,0.7184012,0.7184012,0.8082901554404145,0.8082901554404145,0.8082901554404145
1,2,2,0.7184012,0.7184012,0.7184012,0.8082901554404145,0.8082901554404145,0.8082901554404145
1,2,2,0.7184012,0.7184012,0.7184012,0.8082901554404145,0.8082901554404145,0.8082901554404145
1,2,2,0.7184012,0.7184012,0.7184012,0.8082901554404145,0.8082901554404145,0.8082901554404145
0,0,0,0.90019226,0.90019226,0.90019226,0.196078431372549,0.196078431372549,0.196078431372549
0,0,1,0.90019226,0.90019226,0.90019226,0.196078431372549,0.196078431372549,0.196078431372549
0,0,2,0.90019226,0.90019226,0.90019226,0.196078431372549,0.196078431372549,0.196078431372549
1,1,1,0.90019226,0.90019226,0.90019226,0.196078431372549,0.196078431372549,0.196078431372549
1,1,1,0.90019226,0.90019226,0.90019226,0.196078431372549,0.196078431372549,0.196078431372549
1,1,1,0.90019226,0.90019226,0.90019226,0.196078431372549,0.196078431372549,0.196078431372549
1,1,1,0.90019226,0.90019226,0.90019226,0.196078431372549,0.196078431372549,0.196078431372549
1,1,1,0.90019226,0.90019226,0.90019226,0.196078431372549,0.196078431372549,0.196078431372549
1,1,1,0.90019226,0.90019226,0.90019226,0.196078431372549,0.196078431372549,0.196078431372549
1,1,1,0.90019226,0.90019226,0.90019226,0.196078431372549,0.196078431372549,0.196078431372549
1,1,1,0.90019226,0.90019226,0.90019226,0.196078431372549,0.196078431372549,0.196078431372549
1,1,1,0.90019226,0.90019226,0.90019226,0.196078431372549,0.196078431372549,0.196078431372549
1,1,2,0.90019226,0.90019226,0.90019226,0.196078431372549,0.196078431372549,0.196078431372549
1,1,2,0.90019226,0.90019226,0.90019226,0.196078431372549,0.196078431372549,0.196078431372549
1,1,2,0.90019226,0.90019226,0.90019226,0.196078431372549,0.196078431372549,0.196078431372549
1,1,2,0.90019226,0.90019226,0.90019226,0.196078431372549,0.196078431372549,0.196078431372549
1,1,2,0.90019226,0.90019226,0.90019226,0.196078431372549,0.196078431372549,0.196078431372549
1,1,2,0.90019226,0.90019226,0.90019226,0.196078431372549,0.196078431372549,0.196078431372549
1,1,2,0.90019226,0.90019226,0.90019226,0.196078431372549,0.196078431372549,0.196078431372549
1,1,2,0.90019226,0.90019226,0.90019226,0.196078431372549,0.196078431372549,0.196078431372549
1,1,2,0.90019226,0.90019226,0.90019226,0.196078431372549,0.196078431372549,0.196078431372549
1,2,1,0.90019226,0.90019226,0.90019226,0.196078431372549,0.196078431372549,0.196078431372549
1,2,1,0.90019226,0.90019226,0.90019226,0.196078431372549,0.196078431372549,0.196078431372549
1,2,1,0.90019226,0.90019226,0.90019226,0.196078431372549,0.196078431372549,0.196078431372549
1,2,1,0.90019226,0.90019226,0.90019226,0.196078431372549,0.196078431372549,0.196078431372549
1,2,1,0.90019226,0.90019226,0.90019226,0.196078431372549,0.196078431372549,0.196078431372549
1,2,1,0.90019226,0.90019226,0.90019226,0.196078431372549,0.196078431372549,0.196078431372549
1,2,1,0.90019226,0.90019226,0.90019226,0.196078431372549,0.196078431372549,0.196078431372549
1,2,1,0.90019226,0.90019226,0.90019226,0.196078431372549,0.196078431372549,0.196078431372549
1,2,1,0.90019226,0.90019226,0.90019226,0.196078431372549,0.196078431372549,0.196078431372549
1,2,2,0.90019226,0.90019226,0.90019226,0.196078431372549,0.196078431372549,0.196078431372549
1,2,2,0.90019226,0.90019226,0.90019226,0.196078431372549,0.196078431372549,0.196078431372549
1,2,2,0.90019226,0.90019226,0.90019226,0.196078431372549,0.196078431372549,0.196078431372549
1,2,2,0.90019226,0.90019226,0.90019226,0.196078431372549,0.196078431372549,0.196078431372549
1,2,2,0.90019226,0.90019226,0.90019226,0.196078431372549,0.196078431372549,0.196078431372549
1,2,2,0.90019226,0.90019226,0.90019226,0.196078431372549,0.196078431372549,0.196078431372549
1,2,2,0.90019226,0.90019226,0.90019226,0.196078431372549,0.196078431372549,0.196078431372549
1,2,2,0.90019226,0.90019226,0.90019226,0.196078431372549,0.196078431372549,0.196078431372549
1,2,2,0.90019226,0.90019226,0.90019226,0.196078431372549,0.196078431372549,0.196078431372549
0,0,0,0.8198538,0.8198538,0.8198538,0.6719999999999999,0.6719999999999999,0.6719999999999999
0,0,1,0.8198538,0.8198538,0.8198538,0.6719999999999999,0.6719999999999999,0.6719999999999999
0,0,2,0.8198538,0.8198538,0.8198538,0.6719999999999999,0.6719999999999999,0.6719999999999999
1,1,1,0.8198538,0.8198538,0.8198538,0.6719999999999999,0.6719999999999999,0.6719999999999999
1,1,1,0.8198538,0.8198538,0.8198538,0.6719999999999999,0.6719999999999999,0.6719999999999999
1,1,1,0.8198538,0.8198538,0.8198538,0.6719999999999999,0.6719999999999999,0.6719999999999999
1,1,1,0.8198538,0.8198538,0.8198538,0.6719999999999999,0.6719999999999999,0.6719999999999999
1,1,1,0.8198538,0.8198538,0.8198538,0.6719999999999999,0.6719999999999999,0.6719999999999999
1,1,1,0.8198538,0.8198538,0.8198538,0.6719999999999999,0.6719999999999999,0.6719999999999999
1,1,1,0.8198538,0.8198538,0.8198538,0.6719999999999999,0.6719999999999999,0.6719999999999999
1,1,1,0.8198538,0.8198538,0.8198538,0.6719999999999999,0.6719999999999999,0.6719999999999999
1,1,1,0.8198538,0.8198538,0.8198538,0.6719999999999999,0.6719999999999999,0.6719999999999999
1,1,2,0.8198538,0.8198538,0.8198538,0.6719999999999999,0.6719999999999999,0.6719999999999999
1,1,2,0.8198538,0.8198538,0.8198538,0.6719999999999999,0.6719999999999999,0.6719999999999999
1,1,2,0.8198538,0.8198538,0.8198538,0.6719999999999999,0.6719999999999999,0.6719999999999999
1,1,2,0.8198538,0.8198538,0.8198538,0.6719999999999999,0.6719999999999999,0.6719999999999999
1,1,2,0.8198538,0.8198538,0.8198538,0.6719999999999999,0.6719999999999999,0.6719999999999999
1,1,2,0.8198538,0.8198538,0.8198538,0.6719999999999999,0.6719999999999999,0.6719999999999999
1,1,2,0.8198538,0.8198538,0.8198538,0.6719999999999999,0.6719999999999999,0.6719999999999999
1,1,2,0.8198538,0.8198538,0.8198538,0.6719999999999999,0.6719999999999999,0.6719999999999999
1,1,2,0.8198538,0.8198538,0.8198538,0.6719999999999999,0.6719999999999999,0.6719999999999999
1,2,1,0.8198538,0.8198538,0.8198538,0.6719999999999999,0.6719999999999999,0.6719999999999999
1,2,1,0.8198538,0.8198538,0.8198538,0.6719999999999999,0.6719999999999999,0.6719999999999999
1,2,1,0.8198538,0.8198538,0.8198538,0.6719999999999999,0.6719999999999999,0.6719999999999999
1,2,1,0.8198538,0.8198538,0.8198538,0.6719999999999999,0.6719999999999999,0.6719999999999999
1,2,1,0.8198538,0.8198538,0.8198538,0.6719999999999999,0.6719999999999999,0.6719999999999999
1,2,1,0.8198538,0.8198538,0.8198538,0.6719999999999999,0.6719999999999999,0.6719999999999999
1,2,1,0.8198538,0.8198538,0.8198538,0.6719999999999999,0.6719999999999999,0.6719999999999999
1,2,1,0.8198538,0.8198538,0.8198538,0.6719999999999999,0.6719999999999999,0.6719999999999999
1,2,1,0.8198538,0.8198538,0.8198538,0.6719999999999999,0.6719999999999999,0.6719999999999999
1,2,2,0.8198538,0.8198538,0.8198538,0.6719999999999999,0.6719999999999999,0.6719999999999999
1,2,2,0.8198538,0.8198538,0.8198538,0.6719999999999999,0.6719999999999999,0.6719999999999999
1,2,2,0.8198538,0.8198538,0.8198538,0.6719999999999999,0.6719999999999999,0.6719999999999999
1,2,2,0.8198538,0.8198538,0.8198538,0.6719999999999999,0.6719999999999999,0.6719999999999999
1,2,2,0.8198538,0.8198538,0.8198538,0.6719999999999999,0.6719999999999999,0.6719999999999999
1,2,2,0.8198538,0.8198538,0.8198538,0.6719999999999999,0.6719999999999999,0.6719999999999999
1,2,2,0.8198538,0.8198538,0.8198538,0.6719999999999999,0.6719999999999999,0.6719999999999999
1,2,2,0.8198538,0.8198538,0.8198538,0.6719999999999999,0.6719999999999999,0.6719999999999999
1,2,2,0.8198538,0.8198538,0.8198538,0.6719999999999999,0.6719999999999999,0.6719999999999999
0,0,0,0.81689376,0.81689376,0.81689376,0.7272727272727273,0.7272727272727273,0.7272727272727273
0,0,1,0.81689376,0.81689376,0.81689376,0.7272727272727273,0.7272727272727273,0.7272727272727273
0,0,2,0.81689376,0.81689376,0.81689376,0.7272727272727273,0.7272727272727273,0.7272727272727273
1,1,1,0.81689376,0.81689376,0.81689376,0.7272727272727273,0.7272727272727273,0.7272727272727273
1,1,1,0.81689376,0.81689376,0.81689376,0.7272727272727273,0.7272727272727273,0.7272727272727273
1,1,1,0.81689376,0.81689376,0.81689376,0.7272727272727273,0.7272727272727273,0.7272727272727273
1,1,1,0.81689376,0.81689376,0.81689376,0.7272727272727273,0.7272727272727273,0.7272727272727273
1,1,1,0.81689376,0.81689376,0.81689376,0.7272727272727273,0.7272727272727273,0.7272727272727273
1,1,1,0.81689376,0.81689376,0.81689376,0.7272727272727273,0.7272727272727273,0.7272727272727273
1,1,1,0.81689376,0.81689376,0.81689376,0.7272727272727273,0.7272727272727273,0.7272727272727273
1,1,1,0.81689376,0.81689376,0.81689376,0.7272727272727273,0.7272727272727273,0.7272727272727273
1,1,1,0.81689376,0.81689376,0.81689376,0.7272727272727273,0.7272727272727273,0.7272727272727273
1,1,2,0.81689376,0.81689376,0.81689376,0.7272727272727273,0.7272727272727273,0.7272727272727273
1,1,2,0.81689376,0.81689376,0.81689376,0.7272727272727273,0.7272727272727273,0.7272727272727273
1,1,2,0.81689376,0.81689376,0.81689376,0.7272727272727273,0.7272727272727273,0.7272727272727273
1,1,2,0.81689376,0.81689376,0.81689376,0.7272727272727273,0.7272727272727273,0.7272727272727273
1,1,2,0.81689376,0.81689376,0.81689376,0.7272727272727273,0.7272727272727273,0.7272727272727273
1,1,2,0.81689376,0.81689376,0.81689376,0.7272727272727273,0.7272727272727273,0.7272727272727273
1,1,2,0.81689376,0.81689376,0.81689376,0.7272727272727273,0.7272727272727273,0.7272727272727273
1,1,2,0.81689376,0.81689376,0.81689376,0.7272727272727273,0.7272727272727273,0.7272727272727273
1,1,2,0.81689376,0.81689376,0.81689376,0.7272727272727273,0.7272727272727273,0.7272727272727273
1,2,1,0.81689376,0.81689376,0.81689376,0.7272727272727273,0.7272727272727273,0.7272727272727273
1,2,1,0.81689376,0.81689376,0.81689376,0.7272727272727273,0.7272727272727273,0.7272727272727273
1,2,1,0.81689376,0.81689376,0.81689376,0.7272727272727273,0.7272727272727273,0.7272727272727273
1,2,1,0.81689376,0.81689376,0.81689376,0.7272727272727273,0.7272727272727273,0.7272727272727273
1,2,1,0.81689376,0.81689376,0.81689376,0.7272727272727273,0.7272727272727273,0.7272727272727273
1,2,1,0.81689376,0.81689376,0.81689376,0.7272727272727273,0.7272727272727273,0.7272727272727273
1,2,1,0.81689376,0.81689376,0.81689376,0.7272727272727273,0.7272727272727273,0.7272727272727273
1,2,1,0.81689376,0.81689376,0.81689376,0.7272727272727273,0.7272727272727273,0.7272727272727273
1,2,1,0.81689376,0.81689376,0.81689376,0.7272727272727273,0.7272727272727273,0.7272727272727273
1,2,2,0.81689376,0.81689376,0.81689376,0.7272727272727273,0.7272727272727273,0.7272727272727273
1,2,2,0.81689376,0.81689376,0.81689376,0.7272727272727273,0.7272727272727273,0.7272727272727273
1,2,2,0.81689376,0.81689376,0.81689376,0.7272727272727273,0.7272727272727273,0.7272727272727273
1,2,2,0.81689376,0.81689376,0.81689376,0.7272727272727273,0.7272727272727273,0.7272727272727273
1,2,2,0.81689376,0.81689376,0.81689376,0.7272727272727273,0.7272727272727273,0.7272727272727273
1,2,2,0.81689376,0.81689376,0.81689376,0.7272727272727273,0.7272727272727273,0.7272727272727273
1,2,2,0.81689376,0.81689376,0.81689376,0.7272727272727273,0.7272727272727273,0.7272727272727273
1,2,2,0.81689376,0.81689376,0.81689376,0.7272727272727273,0.7272727272727273,0.7272727272727273
1,2,2,0.81689376,0.81689376,0.81689376,0.7272727272727273,0.7272727272727273,0.7272727272727273
0,0,0,0.8041976,0.8041976,0.8041976,0.6896551724137931,0.6896551724137931,0.6896551724137931
0,0,1,0.8041976,0.8041976,0.8041976,0.6896551724137931,0.6896551724137931,0.6896551724137931
0,0,2,0.8041976,0.8041976,0.8041976,0.6896551724137931,0.6896551724137931,0.6896551724137931
1,1,1,0.8041976,0.8041976,0.8041976,0.6896551724137931,0.6896551724137931,0.6896551724137931
1,1,1,0.8041976,0.8041976,0.8041976,0.6896551724137931,0.6896551724137931,0.6896551724137931
1,1,1,0.8041976,0.8041976,0.8041976,0.6896551724137931,0.6896551724137931,0.6896551724137931
1,1,1,0.8041976,0.8041976,0.8041976,0.6896551724137931,0.6896551724137931,0.6896551724137931
1,1,1,0.8041976,0.8041976,0.8041976,0.6896551724137931,0.6896551724137931,0.6896551724137931
1,1,1,0.8041976,0.8041976,0.8041976,0.6896551724137931,0.6896551724137931,0.6896551724137931
1,1,1,0.8041976,0.8041976,0.8041976,0.6896551724137931,0.6896551724137931,0.6896551724137931
1,1,1,0.8041976,0.8041976,0.8041976,0.6896551724137931,0.6896551724137931,0.6896551724137931
1,1,1,0.8041976,0.8041976,0.8041976,0.6896551724137931,0.6896551724137931,0.6896551724137931
1,1,2,0.8041976,0.8041976,0.8041976,0.6896551724137931,0.6896551724137931,0.6896551724137931
1,1,2,0.8041976,0.8041976,0.8041976,0.6896551724137931,0.6896551724137931,0.6896551724137931
1,1,2,0.8041976,0.8041976,0.8041976,0.6896551724137931,0.6896551724137931,0.6896551724137931
1,1,2,0.8041976,0.8041976,0.8041976,0.6896551724137931,0.6896551724137931,0.6896551724137931
1,1,2,0.8041976,0.8041976,0.8041976,0.6896551724137931,0.6896551724137931,0.6896551724137931
1,1,2,0.8041976,0.8041976,0.8041976,0.6896551724137931,0.6896551724137931,0.6896551724137931
1,1,2,0.8041976,0.8041976,0.8041976,0.6896551724137931,0.6896551724137931,0.6896551724137931
1,1,2,0.8041976,0.8041976,0.8041976,0.6896551724137931,0.6896551724137931,0.6896551724137931
1,1,2,0.8041976,0.8041976,0.8041976,0.6896551724137931,0.6896551724137931,0.6896551724137931
1,2,1,0.8041976,0.8041976,0.8041976,0.6896551724137931,0.6896551724137931,0.6896551724137931
1,2,1,0.8041976,0.8041976,0.8041976,0.6896551724137931,0.6896551724137931,0.6896551724137931
1,2,1,0.8041976,0.8041976,0.8041976,0.6896551724137931,0.6896551724137931,0.6896551724137931
1,2,1,0.8041976,0.8041976,0.8041976,0.6896551724137931,0.6896551724137931,0.6896551724137931
1,2,1,0.8041976,0.8041976,0.8041976,0.6896551724137931,0.6896551724137931,0.6896551724137931
1,2,1,0.8041976,0.8041976,0.8041976,0.6896551724137931,0.6896551724137931,0.6896551724137931
1,2,1,0.8041976,0.8041976,0.8041976,0.6896551724137931,0.6896551724137931,0.6896551724137931
1,2,1,0.8041976,0.8041976,0.8041976,0.6896551724137931,0.6896551724137931,0.6896551724137931
1,2,1,0.8041976,0.8041976,0.8041976,0.6896551724137931,0.6896551724137931,0.6896551724137931
1,2,2,0.8041976,0.8041976,0.8041976,0.6896551724137931,0.6896551724137931,0.6896551724137931
1,2,2,0.8041976,0.8041976,0.8041976,0.6896551724137931,0.6896551724137931,0.6896551724137931
1,2,2,0.8041976,0.8041976,0.8041976,0.6896551724137931,0.6896551724137931,0.6896551724137931
1,2,2,0.8041976,0.8041976,0.8041976,0.6896551724137931,0.6896551724137931,0.6896551724137931
1,2,2,0.8041976,0.8041976,0.8041976,0.6896551724137931,0.6896551724137931,0.6896551724137931
1,2,2,0.8041976,0.8041976,0.8041976,0.6896551724137931,0.6896551724137931,0.6896551724137931
1,2,2,0.8041976,0.8041976,0.8041976,0.6896551724137931,0.6896551724137931,0.6896551724137931
1,2,2,0.8041976,0.8041976,0.8041976,0.6896551724137931,0.6896551724137931,0.6896551724137931
1,2,2,0.8041976,0.8041976,0.8041976,0.6896551724137931,0.6896551724137931,0.6896551724137931
