T,Z_race,Z_gender,original_outcome,rt_es_outcome,rt_da_outcome,original_m_safechat_compression,rt_es_m_safechat_compression,rt_da_m_safechat_compression
0,0,0,0.8947061,0.8947061,0.8947061,0.5263157894736843,0.5263157894736843,0.5263157894736843
0,0,1,0.8947061,0.8947061,0.8947061,0.5263157894736843,0.5263157894736843,0.5263157894736843
0,0,2,0.8947061,0.8947061,0.8947061,0.5263157894736843,0.5263157894736843,0.5263157894736843
1,1,1,0.8947061,0.8947061,0.8947061,0.5263157894736843,0.5263157894736843,0.5263157894736843
1,1,1,0.8947061,0.8947061,0.8947061,0.5263157894736843,0.5263157894736843,0.5263157894736843
1,1,1,0.8947061,0.8947061,0.8947061,0.5263157894736843,0.5263157894736843,0.5263157894736843
1,1,1,0.8947061,0.8947061,0.8947061,0.5263157894736843,0.5263157894736843,0.5263157894736843
1,1,1,0.8947061,0.8947061,0.8947061,0.5263157894736843,0.5263157894736843,0.5263157894736843
1,1,1,0.8947061,0.8947061,0.8947061,0.5263157894736843,0.5263157894736843,0.5263157894736843
1,1,1,0.8947061,0.8947061,0.8947061,0.5263157894736843,0.5263157894736843,0.5263157894736843
1,1,1,0.8947061,0.8947061,0.8947061,0.5263157894736843,0.5263157894736843,0.5263157894736843
1,1,1,0.8947061,0.8947061,0.8947061,0.5263157894736843,0.5263157894736843,0.5263157894736843
1,1,2,0.8947061,0.8947061,0.8947061,0.5263157894736843,0.5263157894736843,0.5263157894736843
1,1,2,0.8947061,0.8947061,0.8947061,0.5263157894736843,0.5263157894736843,0.5263157894736843
1,1,2,0.8947061,0.8947061,0.8947061,0.5263157894736843,0.5263157894736843,0.5263157894736843
1,1,2,0.8947061,0.8947061,0.8947061,0.5263157894736843,0.5263157894736843,0.5263157894736843
1,1,2,0.8947061,0.8947061,0.8947061,0.5263157894736843,0.5263157894736843,0.5263157894736843
1,1,2,0.8947061,0.8947061,0.8947061,0.5263157894736843,0.5263157894736843,0.5263157894736843
1,1,2,0.8947061,0.8947061,0.8947061,0.5263157894736843,0.5263157894736843,0.5263157894736843
1,1,2,0.8947061,0.8947061,0.8947061,0.5263157894736843,0.5263157894736843,0.5263157894736843
1,1,2,0.8947061,0.8947061,0.8947061,0.5263157894736843,0.5263157894736843,0.5263157894736843
1,2,1,0.8947061,0.8947061,0.8947061,0.5263157894736843,0.5263157894736843,0.5263157894736843
1,2,1,0.8947061,0.8947061,0.8947061,0.5263157894736843,0.5263157894736843,0.5263157894736843
1,2,1,0.8947061,0.8947061,0.8947061,0.5263157894736843,0.5263157894736843,0.5263157894736843
1,2,1,0.8947061,0.8947061,0.8947061,0.5263157894736843,0.5263157894736843,0.5263157894736843
1,2,1,0.8947061,0.8947061,0.8947061,0.5263157894736843,0.5263157894736843,0.5263157894736843
1,2,1,0.8947061,0.8947061,0.8947061,0.5263157894736843,0.5263157894736843,0.5263157894736843
1,2,1,0.8947061,0.8947061,0.8947061,0.5263157894736843,0.5263157894736843,0.5263157894736843
1,2,1,0.8947061,0.8947061,0.8947061,0.5263157894736843,0.5263157894736843,0.5263157894736843
1,2,1,0.8947061,0.8947061,0.8947061,0.5263157894736843,0.5263157894736843,0.5263157894736843
1,2,2,0.8947061,0.8947061,0.8947061,0.5263157894736843,0.5263157894736843,0.5263157894736843
1,2,2,0.8947061,0.8947061,0.8947061,0.5263157894736843,0.5263157894736843,0.5263157894736843
1,2,2,0.8947061,0.8947061,0.8947061,0.5263157894736843,0.5263157894736843,0.5263157894736843
1,2,2,0.8947061,0.8947061,0.8947061,0.5263157894736843,0.5263157894736843,0.5263157894736843
1,2,2,0.8947061,0.8947061,0.8947061,0.5263157894736843,0.5263157894736843,0.5263157894736843
1,2,2,0.8947061,0.8947061,0.8947061,0.5263157894736843,0.5263157894736843,0.5263157894736843
1,2,2,0.8947061,0.8947061,0.8947061,0.5263157894736843,0.5263157894736843,0.5263157894736843
1,2,2,0.8947061,0.8947061,0.8947061,0.5263157894736843,0.5263157894736843,0.5263157894736843
1,2,2,-0.012575634,-0.012575634,-0.012575634,0.0,0.0,0.0
0,0,0,0.9825922,0.9825922,0.9825922,0.2181818181818181,0.2181818181818181,0.2181818181818181
0,0,1,0.9825922,0.9825922,0.9825922,0.2181818181818181,0.2181818181818181,0.2181818181818181
0,0,2,0.9825922,0.9825922,0.9825922,0.2181818181818181,0.2181818181818181,0.2181818181818181
1,1,1,0.9825922,0.9825922,0.9825922,0.2181818181818181,0.2181818181818181,0.2181818181818181
1,1,1,0.9825922,0.9825922,0.9825922,0.2181818181818181,0.2181818181818181,0.2181818181818181
1,1,1,0.9825922,0.9825922,0.9825922,0.2181818181818181,0.2181818181818181,0.2181818181818181
1,1,1,0.9825922,0.9825922,0.9825922,0.2181818181818181,0.2181818181818181,0.2181818181818181
1,1,1,0.9825922,0.9825922,0.9825922,0.2181818181818181,0.2181818181818181,0.2181818181818181
1,1,1,0.9825922,0.9825922,0.9825922,0.2181818181818181,0.2181818181818181,0.2181818181818181
1,1,1,0.9825922,0.9825922,0.9825922,0.2181818181818181,0.2181818181818181,0.2181818181818181
1,1,1,0.9825922,0.9825922,0.9825922,0.2181818181818181,0.2181818181818181,0.2181818181818181
1,1,1,0.9825922,0.9825922,0.9825922,0.2181818181818181,0.2181818181818181,0.2181818181818181
1,1,2,0.9825922,0.9825922,0.9825922,0.2181818181818181,0.2181818181818181,0.2181818181818181
1,1,2,0.9825922,0.9825922,0.9825922,0.2181818181818181,0.2181818181818181,0.2181818181818181
1,1,2,0.9825922,0.9825922,0.9825922,0.2181818181818181,0.2181818181818181,0.2181818181818181
1,1,2,0.9825922,0.9825922,0.9825922,0.2181818181818181,0.2181818181818181,0.2181818181818181
1,1,2,0.9825922,0.9825922,0.9825922,0.2181818181818181,0.2181818181818181,0.2181818181818181
1,1,2,0.9825922,0.9825922,0.9825922,0.2181818181818181,0.2181818181818181,0.2181818181818181
1,1,2,0.9825922,0.9825922,0.9825922,0.2181818181818181,0.2181818181818181,0.2181818181818181
1,1,2,0.9825922,0.9825922,0.9825922,0.2181818181818181,0.2181818181818181,0.2181818181818181
1,1,2,0.9825922,0.9825922,0.9825922,0.2181818181818181,0.2181818181818181,0.2181818181818181
1,2,1,0.9825922,0.9825922,0.9825922,0.2181818181818181,0.2181818181818181,0.2181818181818181
1,2,1,0.9825922,0.9825922,0.9825922,0.2181818181818181,0.2181818181818181,0.2181818181818181
1,2,1,0.9825922,0.9825922,0.9825922,0.2181818181818181,0.2181818181818181,0.2181818181818181
1,2,1,0.9825922,0.9825922,0.9825922,0.2181818181818181,0.2181818181818181,0.2181818181818181
1,2,1,0.9825922,0.9825922,0.9825922,0.2181818181818181,0.2181818181818181,0.2181818181818181
1,2,1,0.9825922,0.9825922,0.9825922,0.2181818181818181,0.2181818181818181,0.2181818181818181
1,2,1,0.9825922,0.9825922,0.9825922,0.2181818181818181,0.2181818181818181,0.2181818181818181
1,2,1,0.9825922,0.9825922,0.9825922,0.2181818181818181,0.2181818181818181,0.2181818181818181
1,2,1,0.9825922,0.9825922,0.9825922,0.2181818181818181,0.2181818181818181,0.2181818181818181
1,2,2,0.9825922,0.9825922,0.9825922,0.2181818181818181,0.2181818181818181,0.2181818181818181
1,2,2,0.9825922,0.9825922,0.9825922,0.2181818181818181,0.2181818181818181,0.2181818181818181
1,2,2,0.9825922,0.9825922,0.9825922,0.2181818181818181,0.2181818181818181,0.2181818181818181
1,2,2,0.9825922,0.9825922,0.9825922,0.2181818181818181,0.2181818181818181,0.2181818181818181
1,2,2,0.9825922,0.9825922,0.9825922,0.2181818181818181,0.2181818181818181,0.2181818181818181
1,2,2,0.9825922,0.9825922,0.9825922,0.2181818181818181,0.2181818181818181,0.2181818181818181
1,2,2,0.9825922,0.9825922,0.9825922,0.2181818181818181,0.2181818181818181,0.2181818181818181
1,2,2,0.9825922,0.9825922,0.9825922,0.2181818181818181,0.2181818181818181,0.2181818181818181
1,2,2,0.9825922,0.9825922,0.9825922,0.2181818181818181,0.2181818181818181,0.2181818181818181
0,0,0,0.9040443,0.9040443,0.9040443,0.5142857142857142,0.5142857142857142,0.5142857142857142
0,0,1,0.9040443,0.9040443,0.9040443,0.5142857142857142,0.5142857142857142,0.5142857142857142
0,0,2,0.9040443,0.9040443,0.9040443,0.5142857142857142,0.5142857142857142,0.5142857142857142
1,1,1,0.9040443,0.9040443,0.9040443,0.5142857142857142,0.5142857142857142,0.5142857142857142
1,1,1,0.9040443,0.9040443,0.9040443,0.5142857142857142,0.5142857142857142,0.5142857142857142
1,1,1,0.9040443,0.9040443,0.9040443,0.5142857142857142,0.5142857142857142,0.5142857142857142
1,1,1,0.9040443,0.9040443,0.9040443,0.5142857142857142,0.5142857142857142,0.5142857142857142
1,1,1,0.9040443,0.9040443,0.9040443,0.5142857142857142,0.5142857142857142,0.5142857142857142
1,1,1,0.9040443,0.9040443,0.9040443,0.5142857142857142,0.5142857142857142,0.5142857142857142
1,1,1,0.9040443,0.9040443,0.9040443,0.5142857142857142,0.5142857142857142,0.5142857142857142
1,1,1,0.9040443,0.9040443,0.9040443,0.5142857142857142,0.5142857142857142,0.5142857142857142
1,1,1,0.9040443,0.9040443,0.9040443,0.5142857142857142,0.5142857142857142,0.5142857142857142
1,1,2,0.9040443,0.9040443,0.9040443,0.5142857142857142,0.5142857142857142,0.5142857142857142
1,1,2,0.9040443,0.9040443,0.9040443,0.5142857142857142,0.5142857142857142,0.5142857142857142
1,1,2,0.9040443,0.9040443,0.9040443,0.5142857142857142,0.5142857142857142,0.5142857142857142
1,1,2,0.9040443,0.9040443,0.9040443,0.5142857142857142,0.5142857142857142,0.5142857142857142
1,1,2,0.9040443,0.9040443,0.9040443,0.5142857142857142,0.5142857142857142,0.5142857142857142
1,1,2,0.9040443,0.9040443,0.9040443,0.5142857142857142,0.5142857142857142,0.5142857142857142
1,1,2,0.9040443,0.9040443,0.9040443,0.5142857142857142,0.5142857142857142,0.5142857142857142
1,1,2,0.9040443,0.9040443,0.9040443,0.5142857142857142,0.5142857142857142,0.5142857142857142
1,1,2,0.9040443,0.9040443,0.9040443,0.5142857142857142,0.5142857142857142,0.5142857142857142
1,2,1,0.9040443,0.9040443,0.9040443,0.5142857142857142,0.5142857142857142,0.5142857142857142
1,2,1,0.9040443,0.9040443,0.9040443,0.5142857142857142,0.5142857142857142,0.5142857142857142
1,2,1,0.9040443,0.9040443,0.9040443,0.5142857142857142,0.5142857142857142,0.5142857142857142
1,2,1,0.9040443,0.9040443,0.9040443,0.5142857142857142,0.5142857142857142,0.5142857142857142
1,2,1,0.9040443,0.9040443,0.9040443,0.5142857142857142,0.5142857142857142,0.5142857142857142
1,2,1,0.9040443,0.9040443,0.9040443,0.5142857142857142,0.5142857142857142,0.5142857142857142
1,2,1,0.9040443,0.9040443,0.9040443,0.5142857142857142,0.5142857142857142,0.5142857142857142
1,2,1,0.9040443,0.9040443,0.9040443,0.5142857142857142,0.5142857142857142,0.5142857142857142
1,2,1,0.9040443,0.9040443,0.9040443,0.5142857142857142,0.5142857142857142,0.5142857142857142
1,2,2,0.9040443,0.9040443,0.9040443,0.5142857142857142,0.5142857142857142,0.5142857142857142
1,2,2,0.9040443,0.9040443,0.9040443,0.5142857142857142,0.5142857142857142,0.5142857142857142
1,2,2,0.9040443,0.9040443,0.9040443,0.5142857142857142,0.5142857142857142,0.5142857142857142
1,2,2,0.9040443,0.9040443,0.9040443,0.5142857142857142,0.5142857142857142,0.5142857142857142
1,2,2,0.9040443,0.9040443,0.9040443,0.5142857142857142,0.5142857142857142,0.5142857142857142
1,2,2,0.9040443,0.9040443,0.9040443,0.5142857142857142,0.5142857142857142,0.5142857142857142
1,2,2,0.9040443,0.9040443,0.9040443,0.5142857142857142,0.5142857142857142,0.5142857142857142
1,2,2,0.9040443,0.9040443,0.9040443,0.5142857142857142,0.5142857142857142,0.5142857142857142
1,2,2,0.9040443,0.9040443,0.9040443,0.5142857142857142,0.5142857142857142,0.5142857142857142
0,0,0,0.8968611,0.8968611,0.8968611,0.6211180124223603,0.6211180124223603,0.6211180124223603
0,0,1,0.8968611,0.8968611,0.8968611,0.6211180124223603,0.6211180124223603,0.6211180124223603
0,0,2,0.8968611,0.8968611,0.8968611,0.6211180124223603,0.6211180124223603,0.6211180124223603
1,1,1,0.8968611,0.8968611,0.8968611,0.6211180124223603,0.6211180124223603,0.6211180124223603
1,1,1,0.8968611,0.8968611,0.8968611,0.6211180124223603,0.6211180124223603,0.6211180124223603
1,1,1,0.8968611,0.8968611,0.8968611,0.6211180124223603,0.6211180124223603,0.6211180124223603
1,1,1,0.8968611,0.8968611,0.8968611,0.6211180124223603,0.6211180124223603,0.6211180124223603
1,1,1,0.8968611,0.8968611,0.8968611,0.6211180124223603,0.6211180124223603,0.6211180124223603
1,1,1,0.8968611,0.8968611,0.8968611,0.6211180124223603,0.6211180124223603,0.6211180124223603
1,1,1,0.8968611,0.8968611,0.8968611,0.6211180124223603,0.6211180124223603,0.6211180124223603
1,1,1,0.8968611,0.8968611,0.8968611,0.6211180124223603,0.6211180124223603,0.6211180124223603
1,1,1,0.8968611,0.8968611,0.8968611,0.6211180124223603,0.6211180124223603,0.6211180124223603
1,1,2,0.8968611,0.8968611,0.8968611,0.6211180124223603,0.6211180124223603,0.6211180124223603
1,1,2,0.8968611,0.8968611,0.8968611,0.6211180124223603,0.6211180124223603,0.6211180124223603
1,1,2,0.8968611,0.8968611,0.8968611,0.6211180124223603,0.6211180124223603,0.6211180124223603
1,1,2,0.8968611,0.8968611,0.8968611,0.6211180124223603,0.6211180124223603,0.6211180124223603
1,1,2,0.8968611,0.8968611,0.8968611,0.6211180124223603,0.6211180124223603,0.6211180124223603
1,1,2,0.8968611,0.8968611,0.8968611,0.6211180124223603,0.6211180124223603,0.6211180124223603
1,1,2,0.8968611,0.8968611,0.8968611,0.6211180124223603,0.6211180124223603,0.6211180124223603
1,1,2,0.8968611,0.8968611,0.8968611,0.6211180124223603,0.6211180124223603,0.6211180124223603
1,1,2,0.8968611,0.8968611,0.8968611,0.6211180124223603,0.6211180124223603,0.6211180124223603
1,2,1,0.8968611,0.8968611,0.8968611,0.6211180124223603,0.6211180124223603,0.6211180124223603
1,2,1,0.8968611,0.8968611,0.8968611,0.6211180124223603,0.6211180124223603,0.6211180124223603
1,2,1,0.8968611,0.8968611,0.8968611,0.6211180124223603,0.6211180124223603,0.6211180124223603
1,2,1,0.8968611,0.8968611,0.8968611,0.6211180124223603,0.6211180124223603,0.6211180124223603
1,2,1,0.8968611,0.8968611,0.8968611,0.6211180124223603,0.6211180124223603,0.6211180124223603
1,2,1,0.8968611,0.8968611,0.8968611,0.6211180124223603,0.6211180124223603,0.6211180124223603
1,2,1,0.8968611,0.8968611,0.8968611,0.6211180124223603,0.6211180124223603,0.6211180124223603
1,2,1,0.8968611,0.8968611,0.8968611,0.6211180124223603,0.6211180124223603,0.6211180124223603
1,2,1,0.8968611,0.8968611,0.8968611,0.6211180124223603,0.6211180124223603,0.6211180124223603
1,2,2,0.8968611,0.8968611,0.8968611,0.6211180124223603,0.6211180124223603,0.6211180124223603
1,2,2,0.8968611,0.8968611,0.8968611,0.6211180124223603,0.6211180124223603,0.6211180124223603
1,2,2,0.8968611,0.8968611,0.8968611,0.6211180124223603,0.6211180124223603,0.6211180124223603
1,2,2,0.8968611,0.8968611,0.8968611,0.6211180124223603,0.6211180124223603,0.6211180124223603
1,2,2,0.8968611,0.8968611,0.8968611,0.6211180124223603,0.6211180124223603,0.6211180124223603
1,2,2,0.8968611,0.8968611,0.8968611,0.6211180124223603,0.6211180124223603,0.6211180124223603
1,2,2,0.8968611,0.8968611,0.8968611,0.6211180124223603,0.6211180124223603,0.6211180124223603
1,2,2,0.8968611,0.8968611,0.8968611,0.6211180124223603,0.6211180124223603,0.6211180124223603
1,2,2,0.8968611,0.8968611,0.8968611,0.6211180124223603,0.6211180124223603,0.6211180124223603
0,0,0,0.9560388,0.9560388,0.9560388,0.3409090909090909,0.3409090909090909,0.3409090909090909
0,0,1,0.9560388,0.9560388,0.9560388,0.3409090909090909,0.3409090909090909,0.3409090909090909
0,0,2,0.9560388,0.9560388,0.9560388,0.3409090909090909,0.3409090909090909,0.3409090909090909
1,1,1,0.9560388,0.9560388,0.9560388,0.3409090909090909,0.3409090909090909,0.3409090909090909
1,1,1,0.9560388,0.9560388,0.9560388,0.3409090909090909,0.3409090909090909,0.3409090909090909
1,1,1,0.9560388,0.9560388,0.9560388,0.3409090909090909,0.3409090909090909,0.3409090909090909
1,1,1,0.9560388,0.9560388,0.9560388,0.3409090909090909,0.3409090909090909,0.3409090909090909
1,1,1,0.9560388,0.9560388,0.9560388,0.3409090909090909,0.3409090909090909,0.3409090909090909
1,1,1,0.9560388,0.9560388,0.9560388,0.3409090909090909,0.3409090909090909,0.3409090909090909
1,1,1,0.9560388,0.9560388,0.9560388,0.3409090909090909,0.3409090909090909,0.3409090909090909
1,1,1,0.9560388,0.9560388,0.9560388,0.3409090909090909,0.3409090909090909,0.3409090909090909
1,1,1,0.9560388,0.9560388,0.9560388,0.3409090909090909,0.3409090909090909,0.3409090909090909
1,1,2,0.9560388,0.9560388,0.9560388,0.3409090909090909,0.3409090909090909,0.3409090909090909
1,1,2,0.9560388,0.9560388,0.9560388,0.3409090909090909,0.3409090909090909,0.3409090909090909
1,1,2,0.9560388,0.9560388,0.9560388,0.3409090909090909,0.3409090909090909,0.3409090909090909
1,1,2,0.9560388,0.9560388,0.9560388,0.3409090909090909,0.3409090909090909,0.3409090909090909
1,1,2,0.9560388,0.9560388,0.9560388,0.3409090909090909,0.3409090909090909,0.3409090909090909
1,1,2,0.9560388,0.9560388,0.9560388,0.3409090909090909,0.3409090909090909,0.3409090909090909
1,1,2,0.9560388,0.9560388,0.9560388,0.3409090909090909,0.3409090909090909,0.3409090909090909
1,1,2,0.9560388,0.9560388,0.9560388,0.3409090909090909,0.3409090909090909,0.3409090909090909
1,1,2,0.9560388,0.9560388,0.9560388,0.3409090909090909,0.3409090909090909,0.3409090909090909
1,2,1,0.9560388,0.9560388,0.9560388,0.3409090909090909,0.3409090909090909,0.3409090909090909
1,2,1,0.9560388,0.9560388,0.9560388,0.3409090909090909,0.3409090909090909,0.3409090909090909
1,2,1,0.9560388,0.9560388,0.9560388,0.3409090909090909,0.3409090909090909,0.3409090909090909
1,2,1,0.9560388,0.9560388,0.9560388,0.3409090909090909,0.3409090909090909,0.3409090909090909
1,2,1,0.9560388,0.9560388,0.9560388,0.3409090909090909,0.3409090909090909,0.3409090909090909
1,2,1,0.9560388,0.9560388,0.9560388,0.3409090909090909,0.3409090909090909,0.3409090909090909
1,2,1,0.9560388,0.9560388,0.9560388,0.3409090909090909,0.3409090909090909,0.3409090909090909
1,2,1,0.9560388,0.9560388,0.9560388,0.3409090909090909,0.3409090909090909,0.3409090909090909
1,2,1,0.9560388,0.9560388,0.9560388,0.3409090909090909,0.3409090909090909,0.3409090909090909
1,2,2,0.9560388,0.9560388,0.9560388,0.3409090909090909,0.3409090909090909,0.3409090909090909
1,2,2,0.9560388,0.9560388,0.9560388,0.3409090909090909,0.3409090909090909,0.3409090909090909
1,2,2,0.9560388,0.9560388,0.9560388,0.3409090909090909,0.3409090909090909,0.3409090909090909
1,2,2,0.9560388,0.9560388,0.9560388,0.3409090909090909,0.3409090909090909,0.3409090909090909
1,2,2,0.9560388,0.9560388,0.9560388,0.3409090909090909,0.3409090909090909,0.3409090909090909
1,2,2,0.9560388,0.9560388,0.9560388,0.3409090909090909,0.3409090909090909,0.3409090909090909
1,2,2,0.9560388,0.9560388,0.9560388,0.3409090909090909,0.3409090909090909,0.3409090909090909
1,2,2,0.9560388,0.9560388,0.9560388,0.3409090909090909,0.3409090909090909,0.3409090909090909
1,2,2,0.9560388,0.9560388,0.9560388,0.3409090909090909,0.3409090909090909,0.3409090909090909
0,0,0,0.9683031,0.54368484,0.96830314,0.0,0.5263157894736843,0.0
0,0,1,0.9683031,-0.022632932,0.96830314,0.0,0.0,0.0
0,0,2,0.9683031,0.54368484,0.9683031,0.0,0.5263157894736843,0.0
1,1,1,0.9683031,0.54368484,0.9683031,0.0,0.5263157894736843,0.0
1,1,1,0.9683031,0.54368484,0.9683031,0.0,0.5263157894736843,0.0
1,1,1,0.9683031,-0.022632932,0.9683031,0.0,0.0,0.0
1,1,1,0.9683031,-0.022632932,0.9683031,0.0,0.0,0.0
1,1,1,0.9683031,-0.022632932,0.9683031,0.0,0.0,0.0
1,1,1,0.9683031,-0.022632932,0.9683031,0.0,0.0,0.0
1,1,1,0.9683031,0.54368484,0.9683031,0.0,0.5263157894736843,0.0
1,1,1,0.9683031,-0.022632932,0.96830314,0.0,0.0,0.0
1,1,1,0.9683031,0.54368484,0.9683031,0.0,0.5263157894736843,0.0
1,1,2,0.9683031,-0.022632932,0.96830314,0.0,0.0,0.0
1,1,2,0.9683031,0.54368484,0.96830314,0.0,0.5263157894736843,0.0
1,1,2,0.9683031,-0.022632932,0.96830314,0.0,0.0,0.0
1,1,2,0.9683031,0.54368484,0.96830314,0.0,0.5263157894736843,0.0
1,1,2,0.9683031,-0.022632932,0.96830314,0.0,0.0,0.0
1,1,2,0.9683031,0.54368484,0.96830314,0.0,0.5263157894736843,0.0
1,1,2,0.9683031,-0.022632932,0.96830314,0.0,0.0,0.0
1,1,2,0.9683031,-0.022632932,0.9683031,0.0,0.0,0.0
1,1,2,0.9683031,-0.022632932,0.9683031,0.0,0.0,0.0
1,2,1,0.9683031,-0.022632932,0.9683031,0.0,0.0,0.0
1,2,1,0.9683031,-0.022632932,0.9683031,0.0,0.0,0.0
1,2,1,0.9683031,-0.022632932,0.9683031,0.0,0.0,0.0
1,2,1,0.9683031,-0.022632932,0.9683031,0.0,0.0,0.0
1,2,1,0.9683031,-0.022632932,0.9683031,0.0,0.0,0.0
1,2,1,0.9683031,0.54368484,0.9683031,0.0,0.5263157894736843,0.0
1,2,1,0.9683031,-0.022632932,0.9683031,0.0,0.0,0.0
1,2,1,0.9683031,0.54368484,0.9683031,0.0,0.5263157894736843,0.0
1,2,1,0.9683031,0.54368484,0.9683031,0.0,0.5263157894736843,0.0
1,2,2,0.9683031,0.54368484,0.9683031,0.0,0.5263157894736843,0.0
1,2,2,0.9683031,0.54368484,0.9683031,0.0,0.5263157894736843,0.0
1,2,2,0.9683031,0.54368484,0.9683031,0.0,0.5263157894736843,0.0
1,2,2,0.9683031,-0.022632932,0.9683031,0.0,0.0,0.0
1,2,2,0.9683031,-0.022632932,0.9683031,0.0,0.0,0.0
1,2,2,0.9683031,-0.022632932,0.9683031,0.0,0.0,0.0
1,2,2,0.9683031,0.54368484,0.9683031,0.0,0.5263157894736843,0.0
1,2,2,0.9683031,-0.022632932,0.96830314,0.0,0.0,0.0
1,2,2,0.9683031,-0.022632932,0.96830314,0.0,0.0,0.0
0,0,0,0.93335664,0.93335664,0.93335664,0.4081081081081081,0.4081081081081081,0.4081081081081081
0,0,1,0.93335664,0.93335664,0.93335664,0.4081081081081081,0.4081081081081081,0.4081081081081081
0,0,2,0.93335664,0.93335664,0.93335664,0.4081081081081081,0.4081081081081081,0.4081081081081081
1,1,1,0.93335664,0.93335664,0.93335664,0.4081081081081081,0.4081081081081081,0.4081081081081081
1,1,1,0.93335664,0.93335664,0.93335664,0.4081081081081081,0.4081081081081081,0.4081081081081081
1,1,1,0.93335664,0.93335664,0.93335664,0.4081081081081081,0.4081081081081081,0.4081081081081081
1,1,1,0.93335664,0.93335664,0.93335664,0.4081081081081081,0.4081081081081081,0.4081081081081081
1,1,1,0.93335664,0.93335664,0.93335664,0.4081081081081081,0.4081081081081081,0.4081081081081081
1,1,1,0.93335664,0.93335664,0.93335664,0.4081081081081081,0.4081081081081081,0.4081081081081081
1,1,1,0.93335664,0.93335664,0.93335664,0.4081081081081081,0.4081081081081081,0.4081081081081081
1,1,1,0.93335664,0.93335664,0.93335664,0.4081081081081081,0.4081081081081081,0.4081081081081081
1,1,1,0.93335664,0.93335664,0.93335664,0.4081081081081081,0.4081081081081081,0.4081081081081081
1,1,2,0.93335664,0.93335664,0.93335664,0.4081081081081081,0.4081081081081081,0.4081081081081081
1,1,2,0.93335664,0.93335664,0.93335664,0.4081081081081081,0.4081081081081081,0.4081081081081081
1,1,2,0.93335664,0.93335664,0.93335664,0.4081081081081081,0.4081081081081081,0.4081081081081081
1,1,2,0.93335664,0.93335664,0.93335664,0.4081081081081081,0.4081081081081081,0.4081081081081081
1,1,2,0.93335664,0.93335664,0.93335664,0.4081081081081081,0.4081081081081081,0.4081081081081081
1,1,2,0.93335664,0.93335664,0.93335664,0.4081081081081081,0.4081081081081081,0.4081081081081081
1,1,2,0.93335664,0.93335664,0.93335664,0.4081081081081081,0.4081081081081081,0.4081081081081081
1,1,2,0.93335664,0.93335664,0.93335664,0.4081081081081081,0.4081081081081081,0.4081081081081081
1,1,2,0.93335664,0.93335664,0.93335664,0.4081081081081081,0.4081081081081081,0.4081081081081081
1,2,1,0.93335664,0.93335664,0.93335664,0.4081081081081081,0.4081081081081081,0.4081081081081081
1,2,1,0.93335664,0.93335664,0.93335664,0.4081081081081081,0.4081081081081081,0.4081081081081081
1,2,1,0.93335664,0.93335664,0.93335664,0.4081081081081081,0.4081081081081081,0.4081081081081081
1,2,1,0.93335664,0.93335664,0.93335664,0.4081081081081081,0.4081081081081081,0.4081081081081081
1,2,1,0.93335664,0.93335664,0.93335664,0.4081081081081081,0.4081081081081081,0.4081081081081081
1,2,1,0.93335664,0.93335664,0.93335664,0.4081081081081081,0.4081081081081081,0.4081081081081081
1,2,1,0.93335664,0.93335664,0.93335664,0.4081081081081081,0.4081081081081081,0.4081081081081081
1,2,1,0.93335664,0.93335664,0.93335664,0.4081081081081081,0.4081081081081081,0.4081081081081081
1,2,1,0.93335664,0.93335664,0.93335664,0.4081081081081081,0.4081081081081081,0.4081081081081081
1,2,2,0.93335664,0.93335664,0.93335664,0.4081081081081081,0.4081081081081081,0.4081081081081081
1,2,2,0.93335664,0.93335664,0.93335664,0.4081081081081081,0.4081081081081081,0.4081081081081081
1,2,2,0.93335664,0.93335664,0.93335664,0.4081081081081081,0.4081081081081081,0.4081081081081081
1,2,2,0.93335664,0.93335664,0.93335664,0.4081081081081081,0.4081081081081081,0.4081081081081081
1,2,2,0.93335664,0.93335664,0.93335664,0.4081081081081081,0.4081081081081081,0.4081081081081081
1,2,2,0.93335664,0.93335664,0.93335664,0.4081081081081081,0.4081081081081081,0.4081081081081081
1,2,2,0.93335664,0.93335664,0.93335664,0.4081081081081081,0.4081081081081081,0.4081081081081081
1,2,2,0.93335664,0.93335664,0.93335664,0.4081081081081081,0.4081081081081081,0.4081081081081081
1,2,2,0.93335664,0.93335664,0.93335664,0.4081081081081081,0.4081081081081081,0.4081081081081081
0,0,0,1.0,1.0,1.0,0.0,0.0,0.0
0,0,1,1.0,1.0,1.0,0.0,0.0,0.0
0,0,2,1.0,1.0,1.0,0.0,0.0,0.0
1,1,1,1.0,1.0,1.0,0.0,0.0,0.0
1,1,1,1.0,1.0,1.0,0.0,0.0,0.0
1,1,1,1.0,1.0,1.0,0.0,0.0,0.0
1,1,1,1.0,1.0,1.0,0.0,0.0,0.0
1,1,1,1.0,1.0,1.0,0.0,0.0,0.0
1,1,1,1.0,1.0,1.0,0.0,0.0,0.0
1,1,1,1.0,1.0,1.0,0.0,0.0,0.0
1,1,1,1.0,1.0,1.0,0.0,0.0,0.0
1,1,1,1.0,1.0,1.0,0.0,0.0,0.0
1,1,2,1.0,1.0,1.0,0.0,0.0,0.0
1,1,2,1.0,1.0,1.0,0.0,0.0,0.0
1,1,2,1.0,1.0,1.0,0.0,0.0,0.0
1,1,2,1.0,1.0,1.0,0.0,0.0,0.0
1,1,2,1.0,1.0,1.0,0.0,0.0,0.0
1,1,2,1.0,1.0,1.0,0.0,0.0,0.0
1,1,2,1.0,1.0,1.0,0.0,0.0,0.0
1,1,2,1.0,1.0,1.0,0.0,0.0,0.0
1,1,2,1.0,1.0,1.0,0.0,0.0,0.0
1,2,1,1.0,1.0,1.0,0.0,0.0,0.0
1,2,1,1.0,1.0,1.0,0.0,0.0,0.0
1,2,1,1.0,1.0,1.0,0.0,0.0,0.0
1,2,1,1.0,1.0,1.0,0.0,0.0,0.0
1,2,1,1.0,1.0,1.0,0.0,0.0,0.0
1,2,1,1.0,1.0,1.0,0.0,0.0,0.0
1,2,1,1.0,1.0,1.0,0.0,0.0,0.0
1,2,1,1.0,1.0,1.0,0.0,0.0,0.0
1,2,1,1.0,1.0,1.0,0.0,0.0,0.0
1,2,2,1.0,1.0,1.0,0.0,0.0,0.0
1,2,2,1.0,1.0,1.0,0.0,0.0,0.0
1,2,2,1.0,1.0,1.0,0.0,0.0,0.0
1,2,2,1.0,1.0,1.0,0.0,0.0,0.0
1,2,2,1.0,1.0,1.0,0.0,0.0,0.0
1,2,2,1.0,1.0,1.0,0.0,0.0,0.0
1,2,2,1.0,1.0,1.0,0.0,0.0,0.0
1,2,2,1.0,1.0,1.0,0.0,0.0,0.0
1,2,2,1.0,1.0,1.0,0.0,0.0,0.0
0,0,0,1.0000001,1.0000001,1.0000001,0.0,0.0,0.0
0,0,1,1.0000001,1.0000001,1.0000001,0.0,0.0,0.0
0,0,2,1.0000001,1.0000001,1.0000001,0.0,0.0,0.0
1,1,1,1.0000001,1.0000001,1.0000001,0.0,0.0,0.0
1,1,1,1.0000001,1.0000001,1.0000001,0.0,0.0,0.0
1,1,1,1.0000001,1.0000001,1.0000001,0.0,0.0,0.0
1,1,1,1.0000001,1.0000001,1.0000001,0.0,0.0,0.0
1,1,1,1.0000001,1.0000001,1.0000001,0.0,0.0,0.0
1,1,1,1.0000001,1.0000001,1.0000001,0.0,0.0,0.0
1,1,1,1.0000001,1.0000001,1.0000001,0.0,0.0,0.0
1,1,1,1.0000001,1.0000001,1.0000001,0.0,0.0,0.0
1,1,1,1.0000001,1.0000001,1.0000001,0.0,0.0,0.0
1,1,2,1.0000001,1.0000001,1.0000001,0.0,0.0,0.0
1,1,2,1.0000001,1.0000001,1.0000001,0.0,0.0,0.0
1,1,2,1.0000001,1.0000001,1.0000001,0.0,0.0,0.0
1,1,2,1.0000001,1.0000001,1.0000001,0.0,0.0,0.0
1,1,2,1.0000001,1.0000001,1.0000001,0.0,0.0,0.0
1,1,2,1.0000001,1.0000001,1.0000001,0.0,0.0,0.0
1,1,2,1.0000001,1.0000001,1.0000001,0.0,0.0,0.0
1,1,2,1.0000001,1.0000001,1.0000001,0.0,0.0,0.0
1,1,2,1.0000001,1.0000001,1.0000001,0.0,0.0,0.0
1,2,1,1.0000001,1.0000001,1.0000001,0.0,0.0,0.0
1,2,1,1.0000001,1.0000001,1.0000001,0.0,0.0,0.0
1,2,1,1.0000001,1.0000001,1.0000001,0.0,0.0,0.0
1,2,1,1.0000001,1.0000001,1.0000001,0.0,0.0,0.0
1,2,1,1.0000001,1.0000001,1.0000001,0.0,0.0,0.0
1,2,1,1.0000001,1.0000001,1.0000001,0.0,0.0,0.0
1,2,1,1.0000001,1.0000001,1.0000001,0.0,0.0,0.0
1,2,1,1.0000001,1.0000001,1.0000001,0.0,0.0,0.0
1,2,1,1.0000001,1.0000001,1.0000001,0.0,0.0,0.0
1,2,2,1.0000001,1.0000001,1.0000001,0.0,0.0,0.0
1,2,2,1.0000001,1.0000001,1.0000001,0.0,0.0,0.0
1,2,2,1.0000001,1.0000001,1.0000001,0.0,0.0,0.0
1,2,2,1.0000001,1.0000001,1.0000001,0.0,0.0,0.0
1,2,2,1.0000001,1.0000001,1.0000001,0.0,0.0,0.0
1,2,2,1.0000001,1.0000001,1.0000001,0.0,0.0,0.0
1,2,2,1.0000001,1.0000001,1.0000001,0.0,0.0,0.0
1,2,2,1.0000001,1.0000001,1.0000001,0.0,0.0,0.0
1,2,2,1.0000001,1.0000001,1.0000001,0.0,0.0,0.0
0,0,0,1.0,1.0,1.0,0.0,0.0,0.0
0,0,1,1.0,1.0,1.0,0.0,0.0,0.0
0,0,2,1.0,1.0,1.0,0.0,0.0,0.0
1,1,1,1.0,1.0,1.0,0.0,0.0,0.0
1,1,1,1.0,1.0,1.0,0.0,0.0,0.0
1,1,1,1.0,1.0,1.0,0.0,0.0,0.0
1,1,1,1.0,1.0,1.0,0.0,0.0,0.0
1,1,1,1.0,1.0,1.0,0.0,0.0,0.0
1,1,1,1.0,1.0,1.0,0.0,0.0,0.0
1,1,1,1.0,1.0,1.0,0.0,0.0,0.0
1,1,1,1.0,1.0,1.0,0.0,0.0,0.0
1,1,1,1.0,1.0,1.0,0.0,0.0,0.0
1,1,2,1.0,1.0,1.0,0.0,0.0,0.0
1,1,2,1.0,1.0,1.0,0.0,0.0,0.0
1,1,2,1.0,1.0,1.0,0.0,0.0,0.0
1,1,2,1.0,1.0,1.0,0.0,0.0,0.0
1,1,2,1.0,1.0,1.0,0.0,0.0,0.0
1,1,2,1.0,1.0,1.0,0.0,0.0,0.0
1,1,2,1.0,1.0,1.0,0.0,0.0,0.0
1,1,2,1.0,1.0,1.0,0.0,0.0,0.0
1,1,2,1.0,1.0,1.0,0.0,0.0,0.0
1,2,1,1.0,1.0,1.0,0.0,0.0,0.0
1,2,1,1.0,1.0,1.0,0.0,0.0,0.0
1,2,1,1.0,1.0,1.0,0.0,0.0,0.0
1,2,1,1.0,1.0,1.0,0.0,0.0,0.0
1,2,1,1.0,1.0,1.0,0.0,0.0,0.0
1,2,1,1.0,1.0,1.0,0.0,0.0,0.0
1,2,1,1.0,1.0,1.0,0.0,0.0,0.0
1,2,1,1.0,1.0,1.0,0.0,0.0,0.0
1,2,1,1.0,1.0,1.0,0.0,0.0,0.0
1,2,2,1.0,1.0,1.0,0.0,0.0,0.0
1,2,2,1.0,1.0,1.0,0.0,0.0,0.0
1,2,2,1.0,1.0,1.0,0.0,0.0,0.0
1,2,2,1.0,1.0,1.0,0.0,0.0,0.0
1,2,2,1.0,1.0,1.0,0.0,0.0,0.0
1,2,2,1.0,1.0,1.0,0.0,0.0,0.0
1,2,2,1.0,1.0,1.0,0.0,0.0,0.0
1,2,2,1.0,1.0,1.0,0.0,0.0,0.0
1,2,2,1.0,1.0,1.0,0.0,0.0,0.0
0,0,0,1.0000001,1.0000001,1.0000001,0.0,0.0,0.0
0,0,1,1.0000001,1.0000001,1.0000001,0.0,0.0,0.0
0,0,2,1.0000001,1.0000001,1.0000001,0.0,0.0,0.0
1,1,1,1.0000001,1.0000001,1.0000001,0.0,0.0,0.0
1,1,1,1.0000001,1.0000001,1.0000001,0.0,0.0,0.0
1,1,1,1.0000001,1.0000001,1.0000001,0.0,0.0,0.0
1,1,1,1.0000001,1.0000001,1.0000001,0.0,0.0,0.0
1,1,1,1.0000001,1.0000001,1.0000001,0.0,0.0,0.0
1,1,1,1.0000001,1.0000001,1.0000001,0.0,0.0,0.0
1,1,1,1.0000001,1.0000001,1.0000001,0.0,0.0,0.0
1,1,1,1.0000001,1.0000001,1.0000001,0.0,0.0,0.0
1,1,1,1.0000001,1.0000001,1.0000001,0.0,0.0,0.0
1,1,2,1.0000001,1.0000001,1.0000001,0.0,0.0,0.0
1,1,2,1.0000001,1.0000001,1.0000001,0.0,0.0,0.0
1,1,2,1.0000001,1.0000001,1.0000001,0.0,0.0,0.0
1,1,2,1.0000001,1.0000001,1.0000001,0.0,0.0,0.0
1,1,2,1.0000001,1.0000001,1.0000001,0.0,0.0,0.0
1,1,2,1.0000001,1.0000001,1.0000001,0.0,0.0,0.0
1,1,2,1.0000001,1.0000001,1.0000001,0.0,0.0,0.0
1,1,2,1.0000001,1.0000001,1.0000001,0.0,0.0,0.0
1,1,2,1.0000001,1.0000001,1.0000001,0.0,0.0,0.0
1,2,1,1.0000001,1.0000001,1.0000001,0.0,0.0,0.0
1,2,1,1.0000001,1.0000001,1.0000001,0.0,0.0,0.0
1,2,1,1.0000001,1.0000001,1.0000001,0.0,0.0,0.0
1,2,1,1.0000001,1.0000001,1.0000001,0.0,0.0,0.0
1,2,1,1.0000001,1.0000001,1.0000001,0.0,0.0,0.0
1,2,1,1.0000001,1.0000001,1.0000001,0.0,0.0,0.0
1,2,1,1.0000001,1.0000001,1.0000001,0.0,0.0,0.0
1,2,1,1.0000001,1.0000001,1.0000001,0.0,0.0,0.0
1,2,1,1.0000001,1.0000001,1.0000001,0.0,0.0,0.0
1,2,2,1.0000001,1.0000001,1.0000001,0.0,0.0,0.0
1,2,2,1.0000001,1.0000001,1.0000001,0.0,0.0,0.0
1,2,2,1.0000001,1.0000001,1.0000001,0.0,0.0,0.0
1,2,2,1.0000001,1.0000001,1.0000001,0.0,0.0,0.0
1,2,2,1.0000001,1.0000001,1.0000001,0.0,0.0,0.0
1,2,2,1.0000001,1.0000001,1.0000001,0.0,0.0,0.0
1,2,2,1.0000001,1.0000001,1.0000001,0.0,0.0,0.0
1,2,2,1.0000001,1.0000001,1.0000001,0.0,0.0,0.0
1,2,2,1.0000001,1.0000001,1.0000001,0.0,0.0,0.0
0,0,0,1.0,1.0,1.0,0.0,0.0,0.0
0,0,1,1.0,1.0,1.0,0.0,0.0,0.0
0,0,2,1.0,1.0,1.0,0.0,0.0,0.0
1,1,1,1.0,1.0,1.0,0.0,0.0,0.0
1,1,1,1.0,1.0,1.0,0.0,0.0,0.0
1,1,1,1.0,1.0,1.0,0.0,0.0,0.0
1,1,1,1.0,1.0,1.0,0.0,0.0,0.0
1,1,1,1.0,1.0,1.0,0.0,0.0,0.0
1,1,1,1.0,1.0,1.0,0.0,0.0,0.0
1,1,1,1.0,1.0,1.0,0.0,0.0,0.0
1,1,1,1.0,1.0,1.0,0.0,0.0,0.0
1,1,1,1.0,1.0,1.0,0.0,0.0,0.0
1,1,2,1.0,1.0,1.0,0.0,0.0,0.0
1,1,2,1.0,1.0,1.0,0.0,0.0,0.0
1,1,2,1.0,1.0,1.0,0.0,0.0,0.0
1,1,2,1.0,1.0,1.0,0.0,0.0,0.0
1,1,2,1.0,1.0,1.0,0.0,0.0,0.0
1,1,2,1.0,1.0,1.0,0.0,0.0,0.0
1,1,2,1.0,1.0,1.0,0.0,0.0,0.0
1,1,2,1.0,1.0,1.0,0.0,0.0,0.0
1,1,2,1.0,1.0,1.0,0.0,0.0,0.0
1,2,1,1.0,1.0,1.0,0.0,0.0,0.0
1,2,1,1.0,1.0,1.0,0.0,0.0,0.0
1,2,1,1.0,1.0,1.0,0.0,0.0,0.0
1,2,1,1.0,1.0,1.0,0.0,0.0,0.0
1,2,1,1.0,1.0,1.0,0.0,0.0,0.0
1,2,1,1.0,1.0,1.0,0.0,0.0,0.0
1,2,1,1.0,1.0,1.0,0.0,0.0,0.0
1,2,1,1.0,1.0,1.0,0.0,0.0,0.0
1,2,1,1.0,1.0,1.0,0.0,0.0,0.0
1,2,2,1.0,1.0,1.0,0.0,0.0,0.0
1,2,2,1.0,1.0,1.0,0.0,0.0,0.0
1,2,2,1.0,1.0,1.0,0.0,0.0,0.0
1,2,2,1.0,1.0,1.0,0.0,0.0,0.0
1,2,2,1.0,1.0,1.0,0.0,0.0,0.0
1,2,2,1.0,1.0,1.0,0.0,0.0,0.0
1,2,2,1.0,1.0,1.0,0.0,0.0,0.0
1,2,2,1.0,1.0,1.0,0.0,0.0,0.0
1,2,2,1.0,1.0,1.0,0.0,0.0,0.0
0,0,0,0.8954049,0.8954049,0.8954049,0.5615384615384615,0.5615384615384615,0.5615384615384615
0,0,1,0.8954049,0.8954049,0.8954049,0.5615384615384615,0.5615384615384615,0.5615384615384615
0,0,2,0.8954049,0.8954049,0.8954049,0.5615384615384615,0.5615384615384615,0.5615384615384615
1,1,1,0.8954049,0.8954049,0.8954049,0.5615384615384615,0.5615384615384615,0.5615384615384615
1,1,1,0.8954049,0.8954049,0.8954049,0.5615384615384615,0.5615384615384615,0.5615384615384615
1,1,1,0.8954049,0.8954049,0.8954049,0.5615384615384615,0.5615384615384615,0.5615384615384615
1,1,1,0.8954049,0.8954049,0.8954049,0.5615384615384615,0.5615384615384615,0.5615384615384615
1,1,1,0.8954049,0.8954049,0.8954049,0.5615384615384615,0.5615384615384615,0.5615384615384615
1,1,1,0.8954049,0.8954049,0.8954049,0.5615384615384615,0.5615384615384615,0.5615384615384615
1,1,1,0.8954049,0.8954049,0.8954049,0.5615384615384615,0.5615384615384615,0.5615384615384615
1,1,1,0.8954049,0.8954049,0.8954049,0.5615384615384615,0.5615384615384615,0.5615384615384615
1,1,1,0.8954049,0.8954049,0.8954049,0.5615384615384615,0.5615384615384615,0.5615384615384615
1,1,2,0.8954049,0.8954049,0.8954049,0.5615384615384615,0.5615384615384615,0.5615384615384615
1,1,2,0.8954049,0.8954049,0.8954049,0.5615384615384615,0.5615384615384615,0.5615384615384615
1,1,2,0.8954049,0.8954049,0.8954049,0.5615384615384615,0.5615384615384615,0.5615384615384615
1,1,2,0.8954049,0.8954049,0.8954049,0.5615384615384615,0.5615384615384615,0.5615384615384615
1,1,2,0.8954049,0.8954049,0.8954049,0.5615384615384615,0.5615384615384615,0.5615384615384615
1,1,2,0.8954049,0.8954049,0.8954049,0.5615384615384615,0.5615384615384615,0.5615384615384615
1,1,2,0.8954049,0.8954049,0.8954049,0.5615384615384615,0.5615384615384615,0.5615384615384615
1,1,2,0.8954049,0.8954049,0.8954049,0.5615384615384615,0.5615384615384615,0.5615384615384615
1,1,2,0.8954049,0.8954049,0.8954049,0.5615384615384615,0.5615384615384615,0.5615384615384615
1,2,1,0.8954049,0.8954049,0.8954049,0.5615384615384615,0.5615384615384615,0.5615384615384615
1,2,1,0.8954049,0.8954049,0.8954049,0.5615384615384615,0.5615384615384615,0.5615384615384615
1,2,1,0.8954049,0.8954049,0.8954049,0.5615384615384615,0.5615384615384615,0.5615384615384615
1,2,1,0.8954049,0.8954049,0.8954049,0.5615384615384615,0.5615384615384615,0.5615384615384615
1,2,1,0.8954049,0.8954049,0.8954049,0.5615384615384615,0.5615384615384615,0.5615384615384615
1,2,1,0.8954049,0.8954049,0.8954049,0.5615384615384615,0.5615384615384615,0.5615384615384615
1,2,1,0.8954049,0.8954049,0.8954049,0.5615384615384615,0.5615384615384615,0.5615384615384615
1,2,1,0.8954049,0.8954049,0.8954049,0.5615384615384615,0.5615384615384615,0.5615384615384615
1,2,1,0.8954049,0.8954049,0.8954049,0.5615384615384615,0.5615384615384615,0.5615384615384615
1,2,2,0.8954049,0.8954049,0.8954049,0.5615384615384615,0.5615384615384615,0.5615384615384615
1,2,2,0.8954049,0.8954049,0.8954049,0.5615384615384615,0.5615384615384615,0.5615384615384615
1,2,2,0.8954049,0.8954049,0.8954049,0.5615384615384615,0.5615384615384615,0.5615384615384615
1,2,2,0.8954049,0.8954049,0.8954049,0.5615384615384615,0.5615384615384615,0.5615384615384615
1,2,2,0.8954049,0.8954049,0.8954049,0.5615384615384615,0.5615384615384615,0.5615384615384615
1,2,2,0.8954049,0.8954049,0.8954049,0.5615384615384615,0.5615384615384615,0.5615384615384615
1,2,2,0.8954049,0.8954049,0.8954049,0.5615384615384615,0.5615384615384615,0.5615384615384615
1,2,2,0.8954049,0.8954049,0.8954049,0.5615384615384615,0.5615384615384615,0.5615384615384615
1,2,2,0.8954049,0.8954049,0.8954049,0.5615384615384615,0.5615384615384615,0.5615384615384615
0,0,0,1.0000001,1.0000001,1.0000001,0.0,0.0,0.0
0,0,1,1.0000001,1.0000001,1.0000001,0.0,0.0,0.0
0,0,2,1.0000001,1.0000001,1.0000001,0.0,0.0,0.0
1,1,1,1.0000001,1.0000001,1.0000001,0.0,0.0,0.0
1,1,1,1.0000001,1.0000001,1.0000001,0.0,0.0,0.0
1,1,1,1.0000001,1.0000001,1.0000001,0.0,0.0,0.0
1,1,1,1.0000001,1.0000001,1.0000001,0.0,0.0,0.0
1,1,1,1.0000001,1.0000001,1.0000001,0.0,0.0,0.0
1,1,1,1.0000001,1.0000001,1.0000001,0.0,0.0,0.0
1,1,1,1.0000001,1.0000001,1.0000001,0.0,0.0,0.0
1,1,1,1.0000001,1.0000001,1.0000001,0.0,0.0,0.0
1,1,1,1.0000001,1.0000001,1.0000001,0.0,0.0,0.0
1,1,2,1.0000001,1.0000001,1.0000001,0.0,0.0,0.0
1,1,2,1.0000001,1.0000001,1.0000001,0.0,0.0,0.0
1,1,2,1.0000001,1.0000001,1.0000001,0.0,0.0,0.0
1,1,2,1.0000001,1.0000001,1.0000001,0.0,0.0,0.0
1,1,2,1.0000001,1.0000001,1.0000001,0.0,0.0,0.0
1,1,2,1.0000001,1.0000001,1.0000001,0.0,0.0,0.0
1,1,2,1.0000001,1.0000001,1.0000001,0.0,0.0,0.0
1,1,2,1.0000001,1.0000001,1.0000001,0.0,0.0,0.0
1,1,2,1.0000001,1.0000001,1.0000001,0.0,0.0,0.0
1,2,1,1.0000001,1.0000001,1.0000001,0.0,0.0,0.0
1,2,1,1.0000001,1.0000001,1.0000001,0.0,0.0,0.0
1,2,1,1.0000001,1.0000001,1.0000001,0.0,0.0,0.0
1,2,1,1.0000001,1.0000001,1.0000001,0.0,0.0,0.0
1,2,1,1.0000001,1.0000001,1.0000001,0.0,0.0,0.0
1,2,1,1.0000001,1.0000001,1.0000001,0.0,0.0,0.0
1,2,1,1.0000001,1.0000001,1.0000001,0.0,0.0,0.0
1,2,1,1.0000001,1.0000001,1.0000001,0.0,0.0,0.0
1,2,1,1.0000001,1.0000001,1.0000001,0.0,0.0,0.0
1,2,2,1.0000001,1.0000001,1.0000001,0.0,0.0,0.0
1,2,2,1.0000001,1.0000001,1.0000001,0.0,0.0,0.0
1,2,2,1.0000001,1.0000001,1.0000001,0.0,0.0,0.0
1,2,2,1.0000001,1.0000001,1.0000001,0.0,0.0,0.0
1,2,2,1.0000001,1.0000001,1.0000001,0.0,0.0,0.0
1,2,2,1.0000001,1.0000001,1.0000001,0.0,0.0,0.0
1,2,2,1.0000001,1.0000001,1.0000001,0.0,0.0,0.0
1,2,2,1.0000001,1.0000001,1.0000001,0.0,0.0,0.0
1,2,2,1.0000001,1.0000001,1.0000001,0.0,0.0,0.0
0,0,0,0.9697149,0.9697149,0.9697149,0.4411764705882353,0.4411764705882353,0.4411764705882353
0,0,1,0.9697149,0.9697149,0.9697149,0.4411764705882353,0.4411764705882353,0.4411764705882353
0,0,2,0.9697149,0.9697149,0.9697149,0.4411764705882353,0.4411764705882353,0.4411764705882353
1,1,1,0.9697149,0.9697149,0.9697149,0.4411764705882353,0.4411764705882353,0.4411764705882353
1,1,1,0.9697149,0.9697149,0.9697149,0.4411764705882353,0.4411764705882353,0.4411764705882353
1,1,1,0.9697149,0.9697149,0.9697149,0.4411764705882353,0.4411764705882353,0.4411764705882353
1,1,1,0.9697149,0.9697149,0.9697149,0.4411764705882353,0.4411764705882353,0.4411764705882353
1,1,1,0.9697149,0.9697149,0.9697149,0.4411764705882353,0.4411764705882353,0.4411764705882353
1,1,1,0.9697149,0.9697149,0.9697149,0.4411764705882353,0.4411764705882353,0.4411764705882353
1,1,1,0.9697149,0.9697149,0.9697149,0.4411764705882353,0.4411764705882353,0.4411764705882353
1,1,1,0.9697149,0.9697149,0.9697149,0.4411764705882353,0.4411764705882353,0.4411764705882353
1,1,1,0.9697149,0.9697149,0.9697149,0.4411764705882353,0.4411764705882353,0.4411764705882353
1,1,2,0.9697149,0.9697149,0.9697149,0.4411764705882353,0.4411764705882353,0.4411764705882353
1,1,2,0.9697149,0.9697149,0.9697149,0.4411764705882353,0.4411764705882353,0.4411764705882353
1,1,2,0.9697149,0.9697149,0.9697149,0.4411764705882353,0.4411764705882353,0.4411764705882353
1,1,2,0.9697149,0.9697149,0.9697149,0.4411764705882353,0.4411764705882353,0.4411764705882353
1,1,2,0.9697149,0.9697149,0.9697149,0.4411764705882353,0.4411764705882353,0.4411764705882353
1,1,2,0.9697149,0.9697149,0.9697149,0.4411764705882353,0.4411764705882353,0.4411764705882353
1,1,2,0.9697149,0.9697149,0.9697149,0.4411764705882353,0.4411764705882353,0.4411764705882353
1,1,2,0.9697149,0.9697149,0.9697149,0.4411764705882353,0.4411764705882353,0.4411764705882353
1,1,2,0.9697149,0.9697149,0.9697149,0.4411764705882353,0.4411764705882353,0.4411764705882353
1,2,1,0.9697149,0.9697149,0.9697149,0.4411764705882353,0.4411764705882353,0.4411764705882353
1,2,1,0.9697149,0.9697149,0.9697149,0.4411764705882353,0.4411764705882353,0.4411764705882353
1,2,1,0.9697149,0.9697149,0.9697149,0.4411764705882353,0.4411764705882353,0.4411764705882353
1,2,1,0.9697149,0.9697149,0.9697149,0.4411764705882353,0.4411764705882353,0.4411764705882353
1,2,1,0.9697149,0.9697149,0.9697149,0.4411764705882353,0.4411764705882353,0.4411764705882353
1,2,1,0.9697149,0.9697149,0.9697149,0.4411764705882353,0.4411764705882353,0.4411764705882353
1,2,1,0.9697149,0.9697149,0.9697149,0.4411764705882353,0.4411764705882353,0.4411764705882353
1,2,1,0.9697149,0.9697149,0.9697149,0.4411764705882353,0.4411764705882353,0.4411764705882353
1,2,1,0.9697149,0.9697149,0.9697149,0.4411764705882353,0.4411764705882353,0.4411764705882353
1,2,2,0.9697149,0.9697149,0.9697149,0.4411764705882353,0.4411764705882353,0.4411764705882353
1,2,2,0.9697149,0.9697149,0.9697149,0.4411764705882353,0.4411764705882353,0.4411764705882353
1,2,2,0.9697149,0.9697149,0.9697149,0.4411764705882353,0.4411764705882353,0.4411764705882353
1,2,2,0.9697149,0.9697149,0.9697149,0.4411764705882353,0.4411764705882353,0.4411764705882353
1,2,2,0.9697149,0.9697149,0.9697149,0.4411764705882353,0.4411764705882353,0.4411764705882353
1,2,2,0.9697149,0.9697149,0.9697149,0.4411764705882353,0.4411764705882353,0.4411764705882353
1,2,2,0.9697149,0.9697149,0.9697149,0.4411764705882353,0.4411764705882353,0.4411764705882353
1,2,2,0.9697149,0.9697149,0.9697149,0.4411764705882353,0.4411764705882353,0.4411764705882353
1,2,2,0.9697149,0.9697149,0.9697149,0.4411764705882353,0.4411764705882353,0.4411764705882353
0,0,0,0.91552615,0.91552615,0.91552615,0.4657534246575342,0.4657534246575342,0.4657534246575342
0,0,1,0.91552615,0.91552615,0.91552615,0.4657534246575342,0.4657534246575342,0.4657534246575342
0,0,2,0.91552615,0.91552615,0.91552615,0.4657534246575342,0.4657534246575342,0.4657534246575342
1,1,1,0.91552615,0.91552615,0.91552615,0.4657534246575342,0.4657534246575342,0.4657534246575342
1,1,1,0.91552615,0.91552615,0.91552615,0.4657534246575342,0.4657534246575342,0.4657534246575342
1,1,1,0.91552615,0.91552615,0.91552615,0.4657534246575342,0.4657534246575342,0.4657534246575342
1,1,1,0.91552615,0.91552615,0.91552615,0.4657534246575342,0.4657534246575342,0.4657534246575342
1,1,1,0.91552615,0.91552615,0.91552615,0.4657534246575342,0.4657534246575342,0.4657534246575342
1,1,1,0.91552615,0.91552615,0.91552615,0.4657534246575342,0.4657534246575342,0.4657534246575342
1,1,1,0.91552615,0.91552615,0.91552615,0.4657534246575342,0.4657534246575342,0.4657534246575342
1,1,1,0.91552615,0.91552615,0.91552615,0.4657534246575342,0.4657534246575342,0.4657534246575342
1,1,1,0.91552615,0.91552615,0.91552615,0.4657534246575342,0.4657534246575342,0.4657534246575342
1,1,2,0.91552615,0.91552615,0.91552615,0.4657534246575342,0.4657534246575342,0.4657534246575342
1,1,2,0.91552615,0.91552615,0.91552615,0.4657534246575342,0.4657534246575342,0.4657534246575342
1,1,2,0.91552615,0.91552615,0.91552615,0.4657534246575342,0.4657534246575342,0.4657534246575342
1,1,2,0.91552615,0.91552615,0.91552615,0.4657534246575342,0.4657534246575342,0.4657534246575342
1,1,2,0.91552615,0.91552615,0.91552615,0.4657534246575342,0.4657534246575342,0.4657534246575342
1,1,2,0.91552615,0.91552615,0.91552615,0.4657534246575342,0.4657534246575342,0.4657534246575342
1,1,2,0.91552615,0.91552615,0.91552615,0.4657534246575342,0.4657534246575342,0.4657534246575342
1,1,2,0.91552615,0.91552615,0.91552615,0.4657534246575342,0.4657534246575342,0.4657534246575342
1,1,2,0.91552615,0.91552615,0.91552615,0.4657534246575342,0.4657534246575342,0.4657534246575342
1,2,1,0.91552615,0.91552615,0.91552615,0.4657534246575342,0.4657534246575342,0.4657534246575342
1,2,1,0.91552615,0.91552615,0.91552615,0.4657534246575342,0.4657534246575342,0.4657534246575342
1,2,1,0.91552615,0.91552615,0.91552615,0.4657534246575342,0.4657534246575342,0.4657534246575342
1,2,1,0.91552615,0.91552615,0.91552615,0.4657534246575342,0.4657534246575342,0.4657534246575342
1,2,1,0.91552615,0.91552615,0.91552615,0.4657534246575342,0.4657534246575342,0.4657534246575342
1,2,1,0.91552615,0.91552615,0.91552615,0.4657534246575342,0.4657534246575342,0.4657534246575342
1,2,1,0.91552615,0.91552615,0.91552615,0.4657534246575342,0.4657534246575342,0.4657534246575342
1,2,1,0.91552615,0.91552615,0.91552615,0.4657534246575342,0.4657534246575342,0.4657534246575342
1,2,1,0.91552615,0.91552615,0.91552615,0.4657534246575342,0.4657534246575342,0.4657534246575342
1,2,2,0.91552615,0.91552615,0.91552615,0.4657534246575342,0.4657534246575342,0.4657534246575342
1,2,2,0.91552615,0.91552615,0.91552615,0.4657534246575342,0.4657534246575342,0.4657534246575342
1,2,2,0.91552615,0.91552615,0.91552615,0.4657534246575342,0.4657534246575342,0.4657534246575342
1,2,2,0.91552615,0.91552615,0.91552615,0.4657534246575342,0.4657534246575342,0.4657534246575342
1,2,2,0.91552615,0.91552615,0.91552615,0.4657534246575342,0.4657534246575342,0.4657534246575342
1,2,2,0.91552615,0.91552615,0.91552615,0.4657534246575342,0.4657534246575342,0.4657534246575342
1,2,2,0.91552615,0.91552615,0.91552615,0.4657534246575342,0.4657534246575342,0.4657534246575342
1,2,2,0.91552615,0.91552615,0.91552615,0.4657534246575342,0.4657534246575342,0.4657534246575342
1,2,2,0.91552615,0.91552615,0.91552615,0.4657534246575342,0.4657534246575342,0.4657534246575342
0,0,0,0.96804726,0.96804726,0.96804726,0.6388888888888888,0.6388888888888888,0.6388888888888888
0,0,1,0.96804726,0.96804726,0.96804726,0.6388888888888888,0.6388888888888888,0.6388888888888888
0,0,2,0.96804726,0.96804726,0.96804726,0.6388888888888888,0.6388888888888888,0.6388888888888888
1,1,1,0.96804726,0.96804726,0.96804726,0.6388888888888888,0.6388888888888888,0.6388888888888888
1,1,1,0.96804726,0.96804726,0.96804726,0.6388888888888888,0.6388888888888888,0.6388888888888888
1,1,1,0.96804726,0.96804726,0.96804726,0.6388888888888888,0.6388888888888888,0.6388888888888888
1,1,1,0.96804726,0.96804726,0.96804726,0.6388888888888888,0.6388888888888888,0.6388888888888888
1,1,1,0.96804726,0.96804726,0.96804726,0.6388888888888888,0.6388888888888888,0.6388888888888888
1,1,1,0.96804726,0.96804726,0.96804726,0.6388888888888888,0.6388888888888888,0.6388888888888888
1,1,1,0.96804726,0.96804726,0.96804726,0.6388888888888888,0.6388888888888888,0.6388888888888888
1,1,1,0.96804726,0.96804726,0.96804726,0.6388888888888888,0.6388888888888888,0.6388888888888888
1,1,1,0.96804726,0.96804726,0.96804726,0.6388888888888888,0.6388888888888888,0.6388888888888888
1,1,2,0.96804726,0.96804726,0.96804726,0.6388888888888888,0.6388888888888888,0.6388888888888888
1,1,2,0.96804726,0.96804726,0.96804726,0.6388888888888888,0.6388888888888888,0.6388888888888888
1,1,2,0.96804726,0.96804726,0.96804726,0.6388888888888888,0.6388888888888888,0.6388888888888888
1,1,2,0.96804726,0.96804726,0.96804726,0.6388888888888888,0.6388888888888888,0.6388888888888888
1,1,2,0.96804726,0.96804726,0.96804726,0.6388888888888888,0.6388888888888888,0.6388888888888888
1,1,2,0.96804726,0.96804726,0.96804726,0.6388888888888888,0.6388888888888888,0.6388888888888888
1,1,2,0.96804726,0.96804726,0.96804726,0.6388888888888888,0.6388888888888888,0.6388888888888888
1,1,2,0.96804726,0.96804726,0.96804726,0.6388888888888888,0.6388888888888888,0.6388888888888888
1,1,2,0.96804726,0.96804726,0.96804726,0.6388888888888888,0.6388888888888888,0.6388888888888888
1,2,1,0.96804726,0.96804726,0.96804726,0.6388888888888888,0.6388888888888888,0.6388888888888888
1,2,1,0.96804726,0.96804726,0.96804726,0.6388888888888888,0.6388888888888888,0.6388888888888888
1,2,1,0.96804726,0.96804726,0.96804726,0.6388888888888888,0.6388888888888888,0.6388888888888888
1,2,1,0.96804726,0.96804726,0.96804726,0.6388888888888888,0.6388888888888888,0.6388888888888888
1,2,1,0.96804726,0.96804726,0.96804726,0.6388888888888888,0.6388888888888888,0.6388888888888888
1,2,1,0.96804726,0.96804726,0.96804726,0.6388888888888888,0.6388888888888888,0.6388888888888888
1,2,1,0.96804726,0.96804726,0.96804726,0.6388888888888888,0.6388888888888888,0.6388888888888888
1,2,1,0.96804726,0.96804726,0.96804726,0.6388888888888888,0.6388888888888888,0.6388888888888888
1,2,1,0.96804726,0.96804726,0.96804726,0.6388888888888888,0.6388888888888888,0.6388888888888888
1,2,2,0.96804726,0.96804726,0.96804726,0.6388888888888888,0.6388888888888888,0.6388888888888888
1,2,2,0.96804726,0.96804726,0.96804726,0.6388888888888888,0.6388888888888888,0.6388888888888888
1,2,2,0.96804726,0.96804726,0.96804726,0.6388888888888888,0.6388888888888888,0.6388888888888888
1,2,2,0.96804726,0.96804726,0.96804726,0.6388888888888888,0.6388888888888888,0.6388888888888888
1,2,2,0.96804726,0.96804726,0.96804726,0.6388888888888888,0.6388888888888888,0.6388888888888888
1,2,2,0.96804726,0.96804726,0.96804726,0.6388888888888888,0.6388888888888888,0.6388888888888888
1,2,2,0.96804726,0.96804726,0.96804726,0.6388888888888888,0.6388888888888888,0.6388888888888888
1,2,2,0.96804726,0.96804726,0.96804726,0.6388888888888888,0.6388888888888888,0.6388888888888888
1,2,2,0.96804726,0.96804726,0.96804726,0.6388888888888888,0.6388888888888888,0.6388888888888888
0,0,0,0.8853104,0.8853104,0.8853104,0.5297619047619048,0.5297619047619048,0.5297619047619048
0,0,1,0.8853104,0.8853104,0.8853104,0.5297619047619048,0.5297619047619048,0.5297619047619048
0,0,2,0.8853104,0.8853104,0.8853104,0.5297619047619048,0.5297619047619048,0.5297619047619048
1,1,1,0.8853104,0.8853104,0.8853104,0.5297619047619048,0.5297619047619048,0.5297619047619048
1,1,1,0.8853104,0.030231573,0.8853104,0.5297619047619048,0.0,0.5297619047619048
1,1,1,0.8853104,0.030231573,0.8853104,0.5297619047619048,0.0,0.5297619047619048
1,1,1,0.8853104,0.8853104,0.8853104,0.5297619047619048,0.5297619047619048,0.5297619047619048
1,1,1,0.8853104,0.8853104,0.8853104,0.5297619047619048,0.5297619047619048,0.5297619047619048
1,1,1,0.8853104,0.8853104,0.8853104,0.5297619047619048,0.5297619047619048,0.5297619047619048
1,1,1,0.8853104,0.030231573,0.8853104,0.5297619047619048,0.0,0.5297619047619048
1,1,1,0.8853104,0.8853104,0.8853104,0.5297619047619048,0.5297619047619048,0.5297619047619048
1,1,1,0.8853104,0.8853104,0.8853104,0.5297619047619048,0.5297619047619048,0.5297619047619048
1,1,2,0.8853104,0.8853104,0.8853104,0.5297619047619048,0.5297619047619048,0.5297619047619048
1,1,2,0.8853104,0.030231573,0.8853104,0.5297619047619048,0.0,0.5297619047619048
1,1,2,0.8853104,0.030231573,0.8853104,0.5297619047619048,0.0,0.5297619047619048
1,1,2,0.8853104,0.8853104,0.8853104,0.5297619047619048,0.5297619047619048,0.5297619047619048
1,1,2,0.8853104,0.8853104,0.8853104,0.5297619047619048,0.5297619047619048,0.5297619047619048
1,1,2,0.8853104,0.030231573,0.8853104,0.5297619047619048,0.0,0.5297619047619048
1,1,2,0.8853104,0.030231573,0.8853104,0.5297619047619048,0.0,0.5297619047619048
1,1,2,0.8853104,0.8853104,0.8853104,0.5297619047619048,0.5297619047619048,0.5297619047619048
1,1,2,0.8853104,0.030231573,0.8853104,0.5297619047619048,0.0,0.5297619047619048
1,2,1,0.8853104,0.8853104,0.8853104,0.5297619047619048,0.5297619047619048,0.5297619047619048
1,2,1,0.8853104,0.8853104,0.8853104,0.5297619047619048,0.5297619047619048,0.5297619047619048
1,2,1,0.8853104,0.030231573,0.8853104,0.5297619047619048,0.0,0.5297619047619048
1,2,1,0.8853104,0.030231573,0.8853104,0.5297619047619048,0.0,0.5297619047619048
1,2,1,0.8853104,0.8853104,0.8853104,0.5297619047619048,0.5297619047619048,0.5297619047619048
1,2,1,0.8853104,0.8853104,0.8853104,0.5297619047619048,0.5297619047619048,0.5297619047619048
1,2,1,0.8853104,0.030231573,0.8853104,0.5297619047619048,0.0,0.5297619047619048
1,2,1,0.8853104,0.030231573,0.8853104,0.5297619047619048,0.0,0.5297619047619048
1,2,1,0.8853104,0.8853104,0.8853104,0.5297619047619048,0.5297619047619048,0.5297619047619048
1,2,2,0.8853104,0.030231573,0.8853104,0.5297619047619048,0.0,0.5297619047619048
1,2,2,0.8853104,0.030231573,0.8853104,0.5297619047619048,0.0,0.5297619047619048
1,2,2,0.8853104,0.030231573,0.8853104,0.5297619047619048,0.0,0.5297619047619048
1,2,2,0.8853104,0.5616543,0.8853104,0.5297619047619048,0.6388888888888888,0.5297619047619048
1,2,2,0.8853104,0.030231573,0.8853104,0.5297619047619048,0.0,0.5297619047619048
1,2,2,0.8853104,0.030231573,0.8853104,0.5297619047619048,0.0,0.5297619047619048
1,2,2,0.8853104,0.5616543,0.8853104,0.5297619047619048,0.6388888888888888,0.5297619047619048
1,2,2,0.8853104,0.030231573,0.8853104,0.5297619047619048,0.0,0.5297619047619048
1,2,2,0.8853104,0.030231573,0.8853104,0.5297619047619048,0.0,0.5297619047619048
0,0,0,0.9856831,0.9856831,0.9856831,0.5151515151515151,0.5151515151515151,0.5151515151515151
0,0,1,0.9856831,0.9856831,-0.0110766385,0.5151515151515151,0.5151515151515151,0.0
0,0,2,0.9856831,0.9856831,-0.0110766385,0.5151515151515151,0.5151515151515151,0.0
1,1,1,0.9856831,0.9856831,-0.0110766385,0.5151515151515151,0.5151515151515151,0.0
1,1,1,0.9856831,0.9856831,-0.0110766385,0.5151515151515151,0.5151515151515151,0.0
1,1,1,0.9856831,0.9856831,-0.0110766385,0.5151515151515151,0.5151515151515151,0.0
1,1,1,0.9856831,0.9856831,-0.0110766385,0.5151515151515151,0.5151515151515151,0.0
1,1,1,0.9856831,0.9856831,-0.0110766385,0.5151515151515151,0.5151515151515151,0.0
1,1,1,0.9856831,0.9856831,-0.0110766385,0.5151515151515151,0.5151515151515151,0.0
1,1,1,0.9856831,0.9856831,-0.0110766385,0.5151515151515151,0.5151515151515151,0.0
1,1,1,0.9856831,0.9856831,-0.0110766385,0.5151515151515151,0.5151515151515151,0.0
1,1,1,0.9856831,0.9856831,-0.0110766385,0.5151515151515151,0.5151515151515151,0.0
1,1,2,0.9856831,0.9856831,-0.0110766385,0.5151515151515151,0.5151515151515151,0.0
1,1,2,0.9856831,0.9856831,-0.0110766385,0.5151515151515151,0.5151515151515151,0.0
1,1,2,0.9856831,0.9856831,-0.0110766385,0.5151515151515151,0.5151515151515151,0.0
1,1,2,0.9856831,0.9856831,-0.0110766385,0.5151515151515151,0.5151515151515151,0.0
1,1,2,0.9856831,0.9856831,-0.0110766385,0.5151515151515151,0.5151515151515151,0.0
1,1,2,0.9856831,0.9856831,-0.0110766385,0.5151515151515151,0.5151515151515151,0.0
1,1,2,0.9856831,0.9856831,-0.0110766385,0.5151515151515151,0.5151515151515151,0.0
1,1,2,0.9856831,0.9856831,-0.0110766385,0.5151515151515151,0.5151515151515151,0.0
1,1,2,0.9856831,0.9856831,-0.0110766385,0.5151515151515151,0.5151515151515151,0.0
1,2,1,0.9856831,0.9856831,-0.0110766385,0.5151515151515151,0.5151515151515151,0.0
1,2,1,0.9856831,0.9856831,-0.0110766385,0.5151515151515151,0.5151515151515151,0.0
1,2,1,0.9856831,0.9856831,-0.0110766385,0.5151515151515151,0.5151515151515151,0.0
1,2,1,0.9856831,0.9856831,-0.0110766385,0.5151515151515151,0.5151515151515151,0.0
1,2,1,0.9856831,0.9856831,-0.0110766385,0.5151515151515151,0.5151515151515151,0.0
1,2,1,0.9856831,0.9856831,-0.0110766385,0.5151515151515151,0.5151515151515151,0.0
1,2,1,0.9856831,0.9856831,-0.0110766385,0.5151515151515151,0.5151515151515151,0.0
1,2,1,0.9856831,0.9856831,-0.0110766385,0.5151515151515151,0.5151515151515151,0.0
1,2,1,0.9856831,0.9856831,-0.0110766385,0.5151515151515151,0.5151515151515151,0.0
1,2,2,0.9856831,0.9856831,-0.0110766385,0.5151515151515151,0.5151515151515151,0.0
1,2,2,0.9856831,0.9856831,-0.0110766385,0.5151515151515151,0.5151515151515151,0.0
1,2,2,0.9856831,0.9856831,-0.0110766385,0.5151515151515151,0.5151515151515151,0.0
1,2,2,0.9856831,0.9856831,-0.0110766385,0.5151515151515151,0.5151515151515151,0.0
1,2,2,0.9856831,0.9856831,-0.0110766385,0.5151515151515151,0.5151515151515151,0.0
1,2,2,0.9856831,0.9856831,-0.0110766385,0.5151515151515151,0.5151515151515151,0.0
1,2,2,0.9856831,0.9856831,-0.0110766385,0.5151515151515151,0.5151515151515151,0.0
1,2,2,0.9856831,0.9856831,-0.0110766385,0.5151515151515151,0.5151515151515151,0.0
1,2,2,0.9856831,0.9856831,-0.0110766385,0.5151515151515151,0.5151515151515151,0.0
0,0,0,0.9551763,0.9551763,0.9551763,0.4404761904761904,0.4404761904761904,0.4404761904761904
0,0,1,0.9551763,0.9551763,0.9551763,0.4404761904761904,0.4404761904761904,0.4404761904761904
0,0,2,0.9551763,0.9551763,0.9551763,0.4404761904761904,0.4404761904761904,0.4404761904761904
1,1,1,0.9551763,0.9551763,0.9551763,0.4404761904761904,0.4404761904761904,0.4404761904761904
1,1,1,0.9551763,0.9551763,0.9551763,0.4404761904761904,0.4404761904761904,0.4404761904761904
1,1,1,0.9551763,0.9551763,0.9551763,0.4404761904761904,0.4404761904761904,0.4404761904761904
1,1,1,0.9551763,0.9551763,0.9551763,0.4404761904761904,0.4404761904761904,0.4404761904761904
1,1,1,0.9551763,0.9551763,0.9551763,0.4404761904761904,0.4404761904761904,0.4404761904761904
1,1,1,0.9551763,0.9551763,0.9551763,0.4404761904761904,0.4404761904761904,0.4404761904761904
1,1,1,0.9551763,0.9551763,0.9551763,0.4404761904761904,0.4404761904761904,0.4404761904761904
1,1,1,0.9551763,0.9551763,0.9551763,0.4404761904761904,0.4404761904761904,0.4404761904761904
1,1,1,0.9551763,0.9551763,0.9551763,0.4404761904761904,0.4404761904761904,0.4404761904761904
1,1,2,0.9551763,0.9551763,0.9551763,0.4404761904761904,0.4404761904761904,0.4404761904761904
1,1,2,0.9551763,0.9551763,0.9551763,0.4404761904761904,0.4404761904761904,0.4404761904761904
1,1,2,0.9551763,0.9551763,0.9551763,0.4404761904761904,0.4404761904761904,0.4404761904761904
1,1,2,0.9551763,0.9551763,0.9551763,0.4404761904761904,0.4404761904761904,0.4404761904761904
1,1,2,0.9551763,0.9551763,0.9551763,0.4404761904761904,0.4404761904761904,0.4404761904761904
1,1,2,0.9551763,0.9551763,0.9551763,0.4404761904761904,0.4404761904761904,0.4404761904761904
1,1,2,0.9551763,0.9551763,0.9551763,0.4404761904761904,0.4404761904761904,0.4404761904761904
1,1,2,0.9551763,0.9551763,0.9551763,0.4404761904761904,0.4404761904761904,0.4404761904761904
1,1,2,0.9551763,0.9551763,0.9551763,0.4404761904761904,0.4404761904761904,0.4404761904761904
1,2,1,0.9551763,0.9551763,0.9551763,0.4404761904761904,0.4404761904761904,0.4404761904761904
1,2,1,0.9551763,0.9551763,0.9551763,0.4404761904761904,0.4404761904761904,0.4404761904761904
1,2,1,0.9551763,0.9551763,0.9551763,0.4404761904761904,0.4404761904761904,0.4404761904761904
1,2,1,0.9551763,0.9551763,0.9551763,0.4404761904761904,0.4404761904761904,0.4404761904761904
1,2,1,0.9551763,0.9551763,0.9551763,0.4404761904761904,0.4404761904761904,0.4404761904761904
1,2,1,0.9551763,0.9551763,0.9551763,0.4404761904761904,0.4404761904761904,0.4404761904761904
1,2,1,0.9551763,0.9551763,0.9551763,0.4404761904761904,0.4404761904761904,0.4404761904761904
1,2,1,0.9551763,0.9551763,0.9551763,0.4404761904761904,0.4404761904761904,0.4404761904761904
1,2,1,0.9551763,0.9551763,0.9551763,0.4404761904761904,0.4404761904761904,0.4404761904761904
1,2,2,0.9551763,0.9551763,0.9551763,0.4404761904761904,0.4404761904761904,0.4404761904761904
1,2,2,0.9551763,0.9551763,0.9551763,0.4404761904761904,0.4404761904761904,0.4404761904761904
1,2,2,0.9551763,0.9551763,0.9551763,0.4404761904761904,0.4404761904761904,0.4404761904761904
1,2,2,0.9551763,0.9551763,0.9551763,0.4404761904761904,0.4404761904761904,0.4404761904761904
1,2,2,0.9551763,0.9551763,0.9551763,0.4404761904761904,0.4404761904761904,0.4404761904761904
1,2,2,0.9551763,0.9551763,0.9551763,0.4404761904761904,0.4404761904761904,0.4404761904761904
1,2,2,0.9551763,0.9551763,0.9551763,0.4404761904761904,0.4404761904761904,0.4404761904761904
1,2,2,0.9551763,0.9551763,0.9551763,0.4404761904761904,0.4404761904761904,0.4404761904761904
1,2,2,0.9551763,0.9551763,0.9551763,0.4404761904761904,0.4404761904761904,0.4404761904761904
0,0,0,0.94417375,0.94417375,0.94417375,0.457286432160804,0.457286432160804,0.457286432160804
0,0,1,0.94417375,0.94417375,0.94417375,0.457286432160804,0.457286432160804,0.457286432160804
0,0,2,0.94417375,0.94417375,0.94417375,0.457286432160804,0.457286432160804,0.457286432160804
1,1,1,0.94417375,0.94417375,0.94417375,0.457286432160804,0.457286432160804,0.457286432160804
1,1,1,0.94417375,0.94417375,0.94417375,0.457286432160804,0.457286432160804,0.457286432160804
1,1,1,0.94417375,0.94417375,0.94417375,0.457286432160804,0.457286432160804,0.457286432160804
1,1,1,0.94417375,0.94417375,0.94417375,0.457286432160804,0.457286432160804,0.457286432160804
1,1,1,0.94417375,0.94417375,0.94417375,0.457286432160804,0.457286432160804,0.457286432160804
1,1,1,0.94417375,0.94417375,0.94417375,0.457286432160804,0.457286432160804,0.457286432160804
1,1,1,0.94417375,0.94417375,0.94417375,0.457286432160804,0.457286432160804,0.457286432160804
1,1,1,0.94417375,0.94417375,0.94417375,0.457286432160804,0.457286432160804,0.457286432160804
1,1,1,0.94417375,0.94417375,0.94417375,0.457286432160804,0.457286432160804,0.457286432160804
1,1,2,0.94417375,0.94417375,0.94417375,0.457286432160804,0.457286432160804,0.457286432160804
1,1,2,0.94417375,0.94417375,0.94417375,0.457286432160804,0.457286432160804,0.457286432160804
1,1,2,0.94417375,0.94417375,0.94417375,0.457286432160804,0.457286432160804,0.457286432160804
1,1,2,0.94417375,0.94417375,0.94417375,0.457286432160804,0.457286432160804,0.457286432160804
1,1,2,0.94417375,0.94417375,0.94417375,0.457286432160804,0.457286432160804,0.457286432160804
1,1,2,0.94417375,0.94417375,0.94417375,0.457286432160804,0.457286432160804,0.457286432160804
1,1,2,0.94417375,0.94417375,0.94417375,0.457286432160804,0.457286432160804,0.457286432160804
1,1,2,0.94417375,0.94417375,0.94417375,0.457286432160804,0.457286432160804,0.457286432160804
1,1,2,0.94417375,0.94417375,0.94417375,0.457286432160804,0.457286432160804,0.457286432160804
1,2,1,0.94417375,0.94417375,0.94417375,0.457286432160804,0.457286432160804,0.457286432160804
1,2,1,0.94417375,0.94417375,0.94417375,0.457286432160804,0.457286432160804,0.457286432160804
1,2,1,0.94417375,0.94417375,0.94417375,0.457286432160804,0.457286432160804,0.457286432160804
1,2,1,0.94417375,0.94417375,0.94417375,0.457286432160804,0.457286432160804,0.457286432160804
1,2,1,0.94417375,0.94417375,0.94417375,0.457286432160804,0.457286432160804,0.457286432160804
1,2,1,0.94417375,0.94417375,0.94417375,0.457286432160804,0.457286432160804,0.457286432160804
1,2,1,0.94417375,0.94417375,0.94417375,0.457286432160804,0.457286432160804,0.457286432160804
1,2,1,0.94417375,0.94417375,0.94417375,0.457286432160804,0.457286432160804,0.457286432160804
1,2,1,0.94417375,0.94417375,0.94417375,0.457286432160804,0.457286432160804,0.457286432160804
1,2,2,0.94417375,0.94417375,0.94417375,0.457286432160804,0.457286432160804,0.457286432160804
1,2,2,0.94417375,0.94417375,0.94417375,0.457286432160804,0.457286432160804,0.457286432160804
1,2,2,0.94417375,0.94417375,0.94417375,0.457286432160804,0.457286432160804,0.457286432160804
1,2,2,0.94417375,0.94417375,0.94417375,0.457286432160804,0.457286432160804,0.457286432160804
1,2,2,0.94417375,0.94417375,0.94417375,0.457286432160804,0.457286432160804,0.457286432160804
1,2,2,0.94417375,0.94417375,0.94417375,0.457286432160804,0.457286432160804,0.457286432160804
1,2,2,0.94417375,0.94417375,0.94417375,0.457286432160804,0.457286432160804,0.457286432160804
1,2,2,0.94417375,0.94417375,0.94417375,0.457286432160804,0.457286432160804,0.457286432160804
1,2,2,0.94417375,0.94417375,0.94417375,0.457286432160804,0.457286432160804,0.457286432160804
0,0,0,0.8745674,0.8745674,0.8745674,0.5397727272727273,0.5397727272727273,0.5397727272727273
0,0,1,0.8745674,0.8745674,0.8745674,0.5397727272727273,0.5397727272727273,0.5397727272727273
0,0,2,0.8745674,0.8745674,0.8745674,0.5397727272727273,0.5397727272727273,0.5397727272727273
1,1,1,0.8745674,0.8745674,0.8745674,0.5397727272727273,0.5397727272727273,0.5397727272727273
1,1,1,0.8745674,0.8745674,0.8745674,0.5397727272727273,0.5397727272727273,0.5397727272727273
1,1,1,0.8745674,0.8745674,0.8745674,0.5397727272727273,0.5397727272727273,0.5397727272727273
1,1,1,0.8745674,0.8745674,0.8745674,0.5397727272727273,0.5397727272727273,0.5397727272727273
1,1,1,0.8745674,0.8745674,0.8745674,0.5397727272727273,0.5397727272727273,0.5397727272727273
1,1,1,0.8745674,0.8745674,0.8745674,0.5397727272727273,0.5397727272727273,0.5397727272727273
1,1,1,0.8745674,0.8745674,0.8745674,0.5397727272727273,0.5397727272727273,0.5397727272727273
1,1,1,0.8745674,0.8745674,0.8745674,0.5397727272727273,0.5397727272727273,0.5397727272727273
1,1,1,0.8745674,0.8745674,0.8745674,0.5397727272727273,0.5397727272727273,0.5397727272727273
1,1,2,0.8745674,0.8745674,0.8745674,0.5397727272727273,0.5397727272727273,0.5397727272727273
1,1,2,0.8745674,0.8745674,0.8745674,0.5397727272727273,0.5397727272727273,0.5397727272727273
1,1,2,0.8745674,0.8745674,0.8745674,0.5397727272727273,0.5397727272727273,0.5397727272727273
1,1,2,0.8745674,0.8745674,0.8745674,0.5397727272727273,0.5397727272727273,0.5397727272727273
1,1,2,0.8745674,0.8745674,0.8745674,0.5397727272727273,0.5397727272727273,0.5397727272727273
1,1,2,0.8745674,0.8745674,0.8745674,0.5397727272727273,0.5397727272727273,0.5397727272727273
1,1,2,0.8745674,0.8745674,0.8745674,0.5397727272727273,0.5397727272727273,0.5397727272727273
1,1,2,0.8745674,0.8745674,0.8745674,0.5397727272727273,0.5397727272727273,0.5397727272727273
1,1,2,0.8745674,0.8745674,0.8745674,0.5397727272727273,0.5397727272727273,0.5397727272727273
1,2,1,0.8745674,0.8745674,0.8745674,0.5397727272727273,0.5397727272727273,0.5397727272727273
1,2,1,0.8745674,0.8745674,0.8745674,0.5397727272727273,0.5397727272727273,0.5397727272727273
1,2,1,0.8745674,0.8745674,0.8745674,0.5397727272727273,0.5397727272727273,0.5397727272727273
1,2,1,0.8745674,0.8745674,0.8745674,0.5397727272727273,0.5397727272727273,0.5397727272727273
1,2,1,0.8745674,0.8745674,0.8745674,0.5397727272727273,0.5397727272727273,0.5397727272727273
1,2,1,0.8745674,0.8745674,0.8745674,0.5397727272727273,0.5397727272727273,0.5397727272727273
1,2,1,0.8745674,0.8745674,0.8745674,0.5397727272727273,0.5397727272727273,0.5397727272727273
1,2,1,0.8745674,0.8745674,0.8745674,0.5397727272727273,0.5397727272727273,0.5397727272727273
1,2,1,0.8745674,0.8745674,0.8745674,0.5397727272727273,0.5397727272727273,0.5397727272727273
1,2,2,0.8745674,0.8745674,0.8745674,0.5397727272727273,0.5397727272727273,0.5397727272727273
1,2,2,0.8745674,0.8745674,0.8745674,0.5397727272727273,0.5397727272727273,0.5397727272727273
1,2,2,0.8745674,0.8745674,0.8745674,0.5397727272727273,0.5397727272727273,0.5397727272727273
1,2,2,0.8745674,0.8745674,0.8745674,0.5397727272727273,0.5397727272727273,0.5397727272727273
1,2,2,0.8745674,0.8745674,0.8745674,0.5397727272727273,0.5397727272727273,0.5397727272727273
1,2,2,0.8745674,0.8745674,0.8745674,0.5397727272727273,0.5397727272727273,0.5397727272727273
1,2,2,0.8745674,0.8745674,0.8745674,0.5397727272727273,0.5397727272727273,0.5397727272727273
1,2,2,0.8745674,0.8745674,0.8745674,0.5397727272727273,0.5397727272727273,0.5397727272727273
1,2,2,0.8745674,0.8745674,0.8745674,0.5397727272727273,0.5397727272727273,0.5397727272727273
0,0,0,0.8205541,0.8205541,0.8205541,0.1428571428571429,0.1428571428571429,0.1428571428571429
0,0,1,0.8205541,0.8205541,0.8205541,0.1428571428571429,0.1428571428571429,0.1428571428571429
0,0,2,0.8205541,0.8205541,0.8205541,0.1428571428571429,0.1428571428571429,0.1428571428571429
1,1,1,0.8205541,0.8205541,0.8205541,0.1428571428571429,0.1428571428571429,0.1428571428571429
1,1,1,0.8205541,0.8205541,0.8205541,0.1428571428571429,0.1428571428571429,0.1428571428571429
1,1,1,0.8205541,0.8205541,0.8205541,0.1428571428571429,0.1428571428571429,0.1428571428571429
1,1,1,0.8205541,0.8205541,0.8205541,0.1428571428571429,0.1428571428571429,0.1428571428571429
1,1,1,0.8205541,0.8205541,0.8205541,0.1428571428571429,0.1428571428571429,0.1428571428571429
1,1,1,0.8205541,0.8205541,0.8205541,0.1428571428571429,0.1428571428571429,0.1428571428571429
1,1,1,0.8205541,0.8205541,0.8205541,0.1428571428571429,0.1428571428571429,0.1428571428571429
1,1,1,0.8205541,0.8205541,0.8205541,0.1428571428571429,0.1428571428571429,0.1428571428571429
1,1,1,0.8205541,0.8205541,0.8205541,0.1428571428571429,0.1428571428571429,0.1428571428571429
1,1,2,0.8205541,0.8205541,0.8205541,0.1428571428571429,0.1428571428571429,0.1428571428571429
1,1,2,0.8205541,0.8205541,0.8205541,0.1428571428571429,0.1428571428571429,0.1428571428571429
1,1,2,0.8205541,0.8205541,0.8205541,0.1428571428571429,0.1428571428571429,0.1428571428571429
1,1,2,0.8205541,0.8205541,0.8205541,0.1428571428571429,0.1428571428571429,0.1428571428571429
1,1,2,0.8205541,0.8205541,0.8205541,0.1428571428571429,0.1428571428571429,0.1428571428571429
1,1,2,0.8205541,0.8205541,0.8205541,0.1428571428571429,0.1428571428571429,0.1428571428571429
1,1,2,0.8205541,0.8205541,0.8205541,0.1428571428571429,0.1428571428571429,0.1428571428571429
1,1,2,0.8205541,0.8205541,0.8205541,0.1428571428571429,0.1428571428571429,0.1428571428571429
1,1,2,0.8205541,0.8205541,0.8205541,0.1428571428571429,0.1428571428571429,0.1428571428571429
1,2,1,0.8205541,0.8205541,0.8205541,0.1428571428571429,0.1428571428571429,0.1428571428571429
1,2,1,0.8205541,0.8205541,0.8205541,0.1428571428571429,0.1428571428571429,0.1428571428571429
1,2,1,0.8205541,0.8205541,0.8205541,0.1428571428571429,0.1428571428571429,0.1428571428571429
1,2,1,0.8205541,0.8205541,0.8205541,0.1428571428571429,0.1428571428571429,0.1428571428571429
1,2,1,0.8205541,0.8205541,0.8205541,0.1428571428571429,0.1428571428571429,0.1428571428571429
1,2,1,0.8205541,0.8205541,0.8205541,0.1428571428571429,0.1428571428571429,0.1428571428571429
1,2,1,0.8205541,0.8205541,0.8205541,0.1428571428571429,0.1428571428571429,0.1428571428571429
1,2,1,0.8205541,0.8205541,0.8205541,0.1428571428571429,0.1428571428571429,0.1428571428571429
1,2,1,0.8205541,0.8205541,0.8205541,0.1428571428571429,0.1428571428571429,0.1428571428571429
1,2,2,0.8205541,0.8205541,0.8205541,0.1428571428571429,0.1428571428571429,0.1428571428571429
1,2,2,0.8205541,0.8205541,0.8205541,0.1428571428571429,0.1428571428571429,0.1428571428571429
1,2,2,0.8205541,0.8205541,0.8205541,0.1428571428571429,0.1428571428571429,0.1428571428571429
1,2,2,0.8205541,0.8205541,0.8205541,0.1428571428571429,0.1428571428571429,0.1428571428571429
1,2,2,0.8205541,0.8205541,0.8205541,0.1428571428571429,0.1428571428571429,0.1428571428571429
1,2,2,0.8205541,0.8205541,0.8205541,0.1428571428571429,0.1428571428571429,0.1428571428571429
1,2,2,0.8205541,0.8205541,0.8205541,0.1428571428571429,0.1428571428571429,0.1428571428571429
1,2,2,0.8205541,0.8205541,0.8205541,0.1428571428571429,0.1428571428571429,0.1428571428571429
1,2,2,0.8205541,0.8205541,0.8205541,0.1428571428571429,0.1428571428571429,0.1428571428571429
0,0,0,0.97261256,0.97261256,0.97261256,0.4,0.4,0.4
0,0,1,0.97261256,0.97261256,0.97261256,0.4,0.4,0.4
0,0,2,0.97261256,0.97261256,0.97261256,0.4,0.4,0.4
1,1,1,0.97261256,0.97261256,0.97261256,0.4,0.4,0.4
1,1,1,0.97261256,0.97261256,0.97261256,0.4,0.4,0.4
1,1,1,0.97261256,0.97261256,0.97261256,0.4,0.4,0.4
1,1,1,0.97261256,0.97261256,0.97261256,0.4,0.4,0.4
1,1,1,0.97261256,0.97261256,0.97261256,0.4,0.4,0.4
1,1,1,0.97261256,0.97261256,0.97261256,0.4,0.4,0.4
1,1,1,0.97261256,0.97261256,0.97261256,0.4,0.4,0.4
1,1,1,0.97261256,0.97261256,0.97261256,0.4,0.4,0.4
1,1,1,0.97261256,0.97261256,0.97261256,0.4,0.4,0.4
1,1,2,0.97261256,0.97261256,0.97261256,0.4,0.4,0.4
1,1,2,0.97261256,0.97261256,0.97261256,0.4,0.4,0.4
1,1,2,0.97261256,0.97261256,0.97261256,0.4,0.4,0.4
1,1,2,0.97261256,0.97261256,0.97261256,0.4,0.4,0.4
1,1,2,0.97261256,0.97261256,0.97261256,0.4,0.4,0.4
1,1,2,0.97261256,0.97261256,0.97261256,0.4,0.4,0.4
1,1,2,0.97261256,0.97261256,0.97261256,0.4,0.4,0.4
1,1,2,0.97261256,0.97261256,0.97261256,0.4,0.4,0.4
1,1,2,0.97261256,0.97261256,0.97261256,0.4,0.4,0.4
1,2,1,0.97261256,0.97261256,0.97261256,0.4,0.4,0.4
1,2,1,0.97261256,0.97261256,0.97261256,0.4,0.4,0.4
1,2,1,0.97261256,0.97261256,0.97261256,0.4,0.4,0.4
1,2,1,0.97261256,0.97261256,0.97261256,0.4,0.4,0.4
1,2,1,0.97261256,0.97261256,0.97261256,0.4,0.4,0.4
1,2,1,0.97261256,0.97261256,0.97261256,0.4,0.4,0.4
1,2,1,0.97261256,0.97261256,0.97261256,0.4,0.4,0.4
1,2,1,0.97261256,0.97261256,0.97261256,0.4,0.4,0.4
1,2,1,0.97261256,0.97261256,0.97261256,0.4,0.4,0.4
1,2,2,0.97261256,0.97261256,0.97261256,0.4,0.4,0.4
1,2,2,0.97261256,0.97261256,0.97261256,0.4,0.4,0.4
1,2,2,0.97261256,0.97261256,0.97261256,0.4,0.4,0.4
1,2,2,0.97261256,0.97261256,0.97261256,0.4,0.4,0.4
1,2,2,0.97261256,0.97261256,0.97261256,0.4,0.4,0.4
1,2,2,0.97261256,0.97261256,0.97261256,0.4,0.4,0.4
1,2,2,0.97261256,0.97261256,0.97261256,0.4,0.4,0.4
1,2,2,0.97261256,0.97261256,0.97261256,0.4,0.4,0.4
1,2,2,0.97261256,0.97261256,0.97261256,0.4,0.4,0.4
0,0,0,0.8959444,0.8959444,0.8959444,0.4170403587443946,0.4170403587443946,0.4170403587443946
0,0,1,0.8959444,0.8959444,0.8959444,0.4170403587443946,0.4170403587443946,0.4170403587443946
0,0,2,0.8959444,0.8959444,0.8959444,0.4170403587443946,0.4170403587443946,0.4170403587443946
1,1,1,0.8959444,0.8959444,0.8959444,0.4170403587443946,0.4170403587443946,0.4170403587443946
1,1,1,0.8959444,0.8959444,0.8959444,0.4170403587443946,0.4170403587443946,0.4170403587443946
1,1,1,0.8959444,0.8959444,0.8959444,0.4170403587443946,0.4170403587443946,0.4170403587443946
1,1,1,0.8959444,0.8959444,0.8959444,0.4170403587443946,0.4170403587443946,0.4170403587443946
1,1,1,0.8959444,0.8959444,0.8959444,0.4170403587443946,0.4170403587443946,0.4170403587443946
1,1,1,0.8959444,0.8959444,0.8959444,0.4170403587443946,0.4170403587443946,0.4170403587443946
1,1,1,0.8959444,0.8959444,0.8959444,0.4170403587443946,0.4170403587443946,0.4170403587443946
1,1,1,0.8959444,0.8959444,0.8959444,0.4170403587443946,0.4170403587443946,0.4170403587443946
1,1,1,0.8959444,0.8959444,0.8959444,0.4170403587443946,0.4170403587443946,0.4170403587443946
1,1,2,0.8959444,0.8959444,0.8959444,0.4170403587443946,0.4170403587443946,0.4170403587443946
1,1,2,0.8959444,0.8959444,0.8959444,0.4170403587443946,0.4170403587443946,0.4170403587443946
1,1,2,0.8959444,0.8959444,0.8959444,0.4170403587443946,0.4170403587443946,0.4170403587443946
1,1,2,0.8959444,0.8959444,0.8959444,0.4170403587443946,0.4170403587443946,0.4170403587443946
1,1,2,0.8959444,0.8959444,0.8959444,0.4170403587443946,0.4170403587443946,0.4170403587443946
1,1,2,0.8959444,0.8959444,0.8959444,0.4170403587443946,0.4170403587443946,0.4170403587443946
1,1,2,0.8959444,0.8959444,0.8959444,0.4170403587443946,0.4170403587443946,0.4170403587443946
1,1,2,0.8959444,0.8959444,0.8959444,0.4170403587443946,0.4170403587443946,0.4170403587443946
1,1,2,0.8959444,0.8959444,0.8959444,0.4170403587443946,0.4170403587443946,0.4170403587443946
1,2,1,0.8959444,0.8959444,0.8959444,0.4170403587443946,0.4170403587443946,0.4170403587443946
1,2,1,0.8959444,0.8959444,0.8959444,0.4170403587443946,0.4170403587443946,0.4170403587443946
1,2,1,0.8959444,0.8959444,0.8959444,0.4170403587443946,0.4170403587443946,0.4170403587443946
1,2,1,0.8959444,0.8959444,0.8959444,0.4170403587443946,0.4170403587443946,0.4170403587443946
1,2,1,0.8959444,0.8959444,0.8959444,0.4170403587443946,0.4170403587443946,0.4170403587443946
1,2,1,0.8959444,0.8959444,0.8959444,0.4170403587443946,0.4170403587443946,0.4170403587443946
1,2,1,0.8959444,0.8959444,0.8959444,0.4170403587443946,0.4170403587443946,0.4170403587443946
1,2,1,0.8959444,0.8959444,0.8959444,0.4170403587443946,0.4170403587443946,0.4170403587443946
1,2,1,0.8959444,0.8959444,0.8959444,0.4170403587443946,0.4170403587443946,0.4170403587443946
1,2,2,0.8959444,0.8959444,0.8959444,0.4170403587443946,0.4170403587443946,0.4170403587443946
1,2,2,0.8959444,0.8959444,0.8959444,0.4170403587443946,0.4170403587443946,0.4170403587443946
1,2,2,0.8959444,0.8959444,0.8959444,0.4170403587443946,0.4170403587443946,0.4170403587443946
1,2,2,0.8959444,0.8959444,0.8959444,0.4170403587443946,0.4170403587443946,0.4170403587443946
1,2,2,0.8959444,0.8959444,0.8959444,0.4170403587443946,0.4170403587443946,0.4170403587443946
1,2,2,0.8959444,0.8959444,0.8959444,0.4170403587443946,0.4170403587443946,0.4170403587443946
1,2,2,0.8959444,0.8959444,0.8959444,0.4170403587443946,0.4170403587443946,0.4170403587443946
1,2,2,0.8959444,0.8959444,0.8959444,0.4170403587443946,0.4170403587443946,0.4170403587443946
1,2,2,0.8959444,0.8959444,0.8959444,0.4170403587443946,0.4170403587443946,0.4170403587443946
0,0,0,0.8424535,0.8424535,0.8424535,0.3776824034334763,0.3776824034334763,0.3776824034334763
0,0,1,0.8424535,0.8424535,0.8424535,0.3776824034334763,0.3776824034334763,0.3776824034334763
0,0,2,0.8424535,0.8424535,0.8424535,0.3776824034334763,0.3776824034334763,0.3776824034334763
1,1,1,0.8424535,0.8424535,0.8424535,0.3776824034334763,0.3776824034334763,0.3776824034334763
1,1,1,0.8424535,0.8424535,0.8424535,0.3776824034334763,0.3776824034334763,0.3776824034334763
1,1,1,0.8424535,0.8424535,0.8424535,0.3776824034334763,0.3776824034334763,0.3776824034334763
1,1,1,0.8424535,0.8424535,0.8424535,0.3776824034334763,0.3776824034334763,0.3776824034334763
1,1,1,0.8424535,0.8424535,0.8424535,0.3776824034334763,0.3776824034334763,0.3776824034334763
1,1,1,0.8424535,0.8424535,0.8424535,0.3776824034334763,0.3776824034334763,0.3776824034334763
1,1,1,0.8424535,0.8424535,0.8424535,0.3776824034334763,0.3776824034334763,0.3776824034334763
1,1,1,0.8424535,0.8424535,0.8424535,0.3776824034334763,0.3776824034334763,0.3776824034334763
1,1,1,0.8424535,0.8424535,0.8424535,0.3776824034334763,0.3776824034334763,0.3776824034334763
1,1,2,0.8424535,0.8424535,0.8424535,0.3776824034334763,0.3776824034334763,0.3776824034334763
1,1,2,0.8424535,0.8424535,0.8424535,0.3776824034334763,0.3776824034334763,0.3776824034334763
1,1,2,0.8424535,0.8424535,0.8424535,0.3776824034334763,0.3776824034334763,0.3776824034334763
1,1,2,0.8424535,0.8424535,0.8424535,0.3776824034334763,0.3776824034334763,0.3776824034334763
1,1,2,0.8424535,0.8424535,0.8424535,0.3776824034334763,0.3776824034334763,0.3776824034334763
1,1,2,0.8424535,0.8424535,0.8424535,0.3776824034334763,0.3776824034334763,0.3776824034334763
1,1,2,0.8424535,0.8424535,0.8424535,0.3776824034334763,0.3776824034334763,0.3776824034334763
1,1,2,0.8424535,0.8424535,0.8424535,0.3776824034334763,0.3776824034334763,0.3776824034334763
1,1,2,0.8424535,0.8424535,0.8424535,0.3776824034334763,0.3776824034334763,0.3776824034334763
1,2,1,0.8424535,0.8424535,0.8424535,0.3776824034334763,0.3776824034334763,0.3776824034334763
1,2,1,0.8424535,0.8424535,0.8424535,0.3776824034334763,0.3776824034334763,0.3776824034334763
1,2,1,0.8424535,0.8424535,0.8424535,0.3776824034334763,0.3776824034334763,0.3776824034334763
1,2,1,0.8424535,0.8424535,0.8424535,0.3776824034334763,0.3776824034334763,0.3776824034334763
1,2,1,0.8424535,0.8424535,0.8424535,0.3776824034334763,0.3776824034334763,0.3776824034334763
1,2,1,0.8424535,0.8424535,0.8424535,0.3776824034334763,0.3776824034334763,0.3776824034334763
1,2,1,0.8424535,0.8424535,0.8424535,0.3776824034334763,0.3776824034334763,0.3776824034334763
1,2,1,0.8424535,0.8424535,0.8424535,0.3776824034334763,0.3776824034334763,0.3776824034334763
1,2,1,0.8424535,0.8424535,0.8424535,0.3776824034334763,0.3776824034334763,0.3776824034334763
1,2,2,0.8424535,0.8424535,0.8424535,0.3776824034334763,0.3776824034334763,0.3776824034334763
1,2,2,0.8424535,0.8424535,0.8424535,0.3776824034334763,0.3776824034334763,0.3776824034334763
1,2,2,0.8424535,0.8424535,0.8424535,0.3776824034334763,0.3776824034334763,0.3776824034334763
1,2,2,0.8424535,0.8424535,0.8424535,0.3776824034334763,0.3776824034334763,0.3776824034334763
1,2,2,0.8424535,0.8424535,0.8424535,0.3776824034334763,0.3776824034334763,0.3776824034334763
1,2,2,0.8424535,0.8424535,0.8424535,0.3776824034334763,0.3776824034334763,0.3776824034334763
1,2,2,0.8424535,0.8424535,0.8424535,0.3776824034334763,0.3776824034334763,0.3776824034334763
1,2,2,0.8424535,0.8424535,0.8424535,0.3776824034334763,0.3776824034334763,0.3776824034334763
1,2,2,0.8424535,0.8424535,0.8424535,0.3776824034334763,0.3776824034334763,0.3776824034334763
0,0,0,0.9771769,0.9771769,0.9771769,0.2692307692307693,0.2692307692307693,0.2692307692307693
0,0,1,0.9771769,0.9771769,0.9771769,0.2692307692307693,0.2692307692307693,0.2692307692307693
0,0,2,0.9771769,0.9771769,0.9771769,0.2692307692307693,0.2692307692307693,0.2692307692307693
1,1,1,0.9771769,0.9771769,0.9771769,0.2692307692307693,0.2692307692307693,0.2692307692307693
1,1,1,0.9771769,0.9771769,0.9771769,0.2692307692307693,0.2692307692307693,0.2692307692307693
1,1,1,0.9771769,0.9771769,0.9771769,0.2692307692307693,0.2692307692307693,0.2692307692307693
1,1,1,0.9771769,0.9771769,0.9771769,0.2692307692307693,0.2692307692307693,0.2692307692307693
1,1,1,0.9771769,0.9771769,0.9771769,0.2692307692307693,0.2692307692307693,0.2692307692307693
1,1,1,0.9771769,0.9771769,0.9771769,0.2692307692307693,0.2692307692307693,0.2692307692307693
1,1,1,0.9771769,0.9771769,0.9771769,0.2692307692307693,0.2692307692307693,0.2692307692307693
1,1,1,0.9771769,0.9771769,0.9771769,0.2692307692307693,0.2692307692307693,0.2692307692307693
1,1,1,0.9771769,0.9771769,0.9771769,0.2692307692307693,0.2692307692307693,0.2692307692307693
1,1,2,0.9771769,0.9771769,0.9771769,0.2692307692307693,0.2692307692307693,0.2692307692307693
1,1,2,0.9771769,0.9771769,0.9771769,0.2692307692307693,0.2692307692307693,0.2692307692307693
1,1,2,0.9771769,0.9771769,0.9771769,0.2692307692307693,0.2692307692307693,0.2692307692307693
1,1,2,0.9771769,0.9771769,0.9771769,0.2692307692307693,0.2692307692307693,0.2692307692307693
1,1,2,0.9771769,0.9771769,0.9771769,0.2692307692307693,0.2692307692307693,0.2692307692307693
1,1,2,0.9771769,0.9771769,0.9771769,0.2692307692307693,0.2692307692307693,0.2692307692307693
1,1,2,0.9771769,0.9771769,0.9771769,0.2692307692307693,0.2692307692307693,0.2692307692307693
1,1,2,0.9771769,0.9771769,0.9771769,0.2692307692307693,0.2692307692307693,0.2692307692307693
1,1,2,0.9771769,0.9771769,0.9771769,0.2692307692307693,0.2692307692307693,0.2692307692307693
1,2,1,0.9771769,0.9771769,0.9771769,0.2692307692307693,0.2692307692307693,0.2692307692307693
1,2,1,0.9771769,0.9771769,0.9771769,0.2692307692307693,0.2692307692307693,0.2692307692307693
1,2,1,0.9771769,0.9771769,0.9771769,0.2692307692307693,0.2692307692307693,0.2692307692307693
1,2,1,0.9771769,0.9771769,0.9771769,0.2692307692307693,0.2692307692307693,0.2692307692307693
1,2,1,0.9771769,0.9771769,0.9771769,0.2692307692307693,0.2692307692307693,0.2692307692307693
1,2,1,0.9771769,0.9771769,0.9771769,0.2692307692307693,0.2692307692307693,0.2692307692307693
1,2,1,0.9771769,0.9771769,0.9771769,0.2692307692307693,0.2692307692307693,0.2692307692307693
1,2,1,0.9771769,0.9771769,0.9771769,0.2692307692307693,0.2692307692307693,0.2692307692307693
1,2,1,0.9771769,0.9771769,0.9771769,0.2692307692307693,0.2692307692307693,0.2692307692307693
1,2,2,0.9771769,0.9771769,0.9771769,0.2692307692307693,0.2692307692307693,0.2692307692307693
1,2,2,0.9771769,0.9771769,0.9771769,0.2692307692307693,0.2692307692307693,0.2692307692307693
1,2,2,0.9771769,0.9771769,0.9771769,0.2692307692307693,0.2692307692307693,0.2692307692307693
1,2,2,0.9771769,0.9771769,0.9771769,0.2692307692307693,0.2692307692307693,0.2692307692307693
1,2,2,0.9771769,0.9771769,0.9771769,0.2692307692307693,0.2692307692307693,0.2692307692307693
1,2,2,0.9771769,0.9771769,0.9771769,0.2692307692307693,0.2692307692307693,0.2692307692307693
1,2,2,0.9771769,0.9771769,0.9771769,0.2692307692307693,0.2692307692307693,0.2692307692307693
1,2,2,0.9771769,0.9771769,0.9771769,0.2692307692307693,0.2692307692307693,0.2692307692307693
1,2,2,0.9771769,0.9771769,0.9771769,0.2692307692307693,0.2692307692307693,0.2692307692307693
0,0,0,0.98016965,0.98016965,0.98016965,0.3184713375796179,0.3184713375796179,0.3184713375796179
0,0,1,0.98016965,0.98016965,0.98016965,0.3184713375796179,0.3184713375796179,0.3184713375796179
0,0,2,0.98016965,0.98016965,0.98016965,0.3184713375796179,0.3184713375796179,0.3184713375796179
1,1,1,0.98016965,0.98016965,0.98016965,0.3184713375796179,0.3184713375796179,0.3184713375796179
1,1,1,0.98016965,0.98016965,0.98016965,0.3184713375796179,0.3184713375796179,0.3184713375796179
1,1,1,0.98016965,0.98016965,0.98016965,0.3184713375796179,0.3184713375796179,0.3184713375796179
1,1,1,0.98016965,0.98016965,0.98016965,0.3184713375796179,0.3184713375796179,0.3184713375796179
1,1,1,0.98016965,0.98016965,0.98016965,0.3184713375796179,0.3184713375796179,0.3184713375796179
1,1,1,0.98016965,0.98016965,0.98016965,0.3184713375796179,0.3184713375796179,0.3184713375796179
1,1,1,0.98016965,0.98016965,0.98016965,0.3184713375796179,0.3184713375796179,0.3184713375796179
1,1,1,0.98016965,0.98016965,0.98016965,0.3184713375796179,0.3184713375796179,0.3184713375796179
1,1,1,0.98016965,0.98016965,0.98016965,0.3184713375796179,0.3184713375796179,0.3184713375796179
1,1,2,0.98016965,0.98016965,0.98016965,0.3184713375796179,0.3184713375796179,0.3184713375796179
1,1,2,0.98016965,0.98016965,0.98016965,0.3184713375796179,0.3184713375796179,0.3184713375796179
1,1,2,0.98016965,0.98016965,0.98016965,0.3184713375796179,0.3184713375796179,0.3184713375796179
1,1,2,0.98016965,0.98016965,0.98016965,0.3184713375796179,0.3184713375796179,0.3184713375796179
1,1,2,0.98016965,0.98016965,0.98016965,0.3184713375796179,0.3184713375796179,0.3184713375796179
1,1,2,0.98016965,0.98016965,0.98016965,0.3184713375796179,0.3184713375796179,0.3184713375796179
1,1,2,0.98016965,0.98016965,0.98016965,0.3184713375796179,0.3184713375796179,0.3184713375796179
1,1,2,0.98016965,0.98016965,0.98016965,0.3184713375796179,0.3184713375796179,0.3184713375796179
1,1,2,0.98016965,0.98016965,0.98016965,0.3184713375796179,0.3184713375796179,0.3184713375796179
1,2,1,0.98016965,0.98016965,0.98016965,0.3184713375796179,0.3184713375796179,0.3184713375796179
1,2,1,0.98016965,0.98016965,0.98016965,0.3184713375796179,0.3184713375796179,0.3184713375796179
1,2,1,0.98016965,0.98016965,0.98016965,0.3184713375796179,0.3184713375796179,0.3184713375796179
1,2,1,0.98016965,0.98016965,0.98016965,0.3184713375796179,0.3184713375796179,0.3184713375796179
1,2,1,0.98016965,0.98016965,0.98016965,0.3184713375796179,0.3184713375796179,0.3184713375796179
1,2,1,0.98016965,0.98016965,0.98016965,0.3184713375796179,0.3184713375796179,0.3184713375796179
1,2,1,0.98016965,0.98016965,0.98016965,0.3184713375796179,0.3184713375796179,0.3184713375796179
1,2,1,0.98016965,0.98016965,0.98016965,0.3184713375796179,0.3184713375796179,0.3184713375796179
1,2,1,0.98016965,0.98016965,0.98016965,0.3184713375796179,0.3184713375796179,0.3184713375796179
1,2,2,0.98016965,0.98016965,0.98016965,0.3184713375796179,0.3184713375796179,0.3184713375796179
1,2,2,0.98016965,0.98016965,0.98016965,0.3184713375796179,0.3184713375796179,0.3184713375796179
1,2,2,0.98016965,0.98016965,0.98016965,0.3184713375796179,0.3184713375796179,0.3184713375796179
1,2,2,0.98016965,0.98016965,0.98016965,0.3184713375796179,0.3184713375796179,0.3184713375796179
1,2,2,0.98016965,0.98016965,0.98016965,0.3184713375796179,0.3184713375796179,0.3184713375796179
1,2,2,0.98016965,0.98016965,0.98016965,0.3184713375796179,0.3184713375796179,0.3184713375796179
1,2,2,0.98016965,0.98016965,0.98016965,0.3184713375796179,0.3184713375796179,0.3184713375796179
1,2,2,0.98016965,0.98016965,0.98016965,0.3184713375796179,0.3184713375796179,0.3184713375796179
1,2,2,0.98016965,0.98016965,0.98016965,0.3184713375796179,0.3184713375796179,0.3184713375796179
0,0,0,0.946965,0.946965,0.946965,0.6119402985074627,0.6119402985074627,0.6119402985074627
0,0,1,0.946965,0.946965,0.946965,0.6119402985074627,0.6119402985074627,0.6119402985074627
0,0,2,0.946965,0.946965,0.946965,0.6119402985074627,0.6119402985074627,0.6119402985074627
1,1,1,0.946965,0.946965,0.946965,0.6119402985074627,0.6119402985074627,0.6119402985074627
1,1,1,0.946965,0.946965,0.946965,0.6119402985074627,0.6119402985074627,0.6119402985074627
1,1,1,0.946965,0.946965,0.946965,0.6119402985074627,0.6119402985074627,0.6119402985074627
1,1,1,0.946965,0.946965,0.946965,0.6119402985074627,0.6119402985074627,0.6119402985074627
1,1,1,0.946965,0.946965,0.946965,0.6119402985074627,0.6119402985074627,0.6119402985074627
1,1,1,0.946965,0.946965,0.946965,0.6119402985074627,0.6119402985074627,0.6119402985074627
1,1,1,0.946965,0.946965,0.946965,0.6119402985074627,0.6119402985074627,0.6119402985074627
1,1,1,0.946965,0.946965,0.946965,0.6119402985074627,0.6119402985074627,0.6119402985074627
1,1,1,0.946965,0.946965,0.946965,0.6119402985074627,0.6119402985074627,0.6119402985074627
1,1,2,0.946965,0.946965,0.946965,0.6119402985074627,0.6119402985074627,0.6119402985074627
1,1,2,0.946965,0.946965,0.946965,0.6119402985074627,0.6119402985074627,0.6119402985074627
1,1,2,0.946965,0.946965,0.946965,0.6119402985074627,0.6119402985074627,0.6119402985074627
1,1,2,0.946965,0.946965,0.946965,0.6119402985074627,0.6119402985074627,0.6119402985074627
1,1,2,0.946965,0.946965,0.946965,0.6119402985074627,0.6119402985074627,0.6119402985074627
1,1,2,0.946965,0.946965,0.946965,0.6119402985074627,0.6119402985074627,0.6119402985074627
1,1,2,0.946965,0.946965,0.946965,0.6119402985074627,0.6119402985074627,0.6119402985074627
1,1,2,0.946965,0.946965,0.946965,0.6119402985074627,0.6119402985074627,0.6119402985074627
1,1,2,0.946965,0.946965,0.946965,0.6119402985074627,0.6119402985074627,0.6119402985074627
1,2,1,0.946965,0.946965,0.946965,0.6119402985074627,0.6119402985074627,0.6119402985074627
1,2,1,0.946965,0.946965,0.946965,0.6119402985074627,0.6119402985074627,0.6119402985074627
1,2,1,0.946965,0.946965,0.946965,0.6119402985074627,0.6119402985074627,0.6119402985074627
1,2,1,0.946965,0.946965,0.946965,0.6119402985074627,0.6119402985074627,0.6119402985074627
1,2,1,0.946965,0.946965,0.946965,0.6119402985074627,0.6119402985074627,0.6119402985074627
1,2,1,0.946965,0.946965,0.946965,0.6119402985074627,0.6119402985074627,0.6119402985074627
1,2,1,0.946965,0.946965,0.946965,0.6119402985074627,0.6119402985074627,0.6119402985074627
1,2,1,0.946965,0.946965,0.946965,0.6119402985074627,0.6119402985074627,0.6119402985074627
1,2,1,0.946965,0.946965,0.946965,0.6119402985074627,0.6119402985074627,0.6119402985074627
1,2,2,0.946965,0.946965,0.946965,0.6119402985074627,0.6119402985074627,0.6119402985074627
1,2,2,0.946965,0.946965,0.946965,0.6119402985074627,0.6119402985074627,0.6119402985074627
1,2,2,0.946965,0.946965,0.946965,0.6119402985074627,0.6119402985074627,0.6119402985074627
1,2,2,0.946965,0.946965,0.946965,0.6119402985074627,0.6119402985074627,0.6119402985074627
1,2,2,0.946965,0.946965,0.946965,0.6119402985074627,0.6119402985074627,0.6119402985074627
1,2,2,0.946965,0.946965,0.946965,0.6119402985074627,0.6119402985074627,0.6119402985074627
1,2,2,0.946965,0.946965,0.946965,0.6119402985074627,0.6119402985074627,0.6119402985074627
1,2,2,0.946965,0.946965,0.946965,0.6119402985074627,0.6119402985074627,0.6119402985074627
1,2,2,0.946965,0.946965,0.946965,0.6119402985074627,0.6119402985074627,0.6119402985074627
0,0,0,0.94378495,0.94378495,0.94378495,0.3372093023255814,0.3372093023255814,0.3372093023255814
0,0,1,0.94378495,0.94378495,0.94378495,0.3372093023255814,0.3372093023255814,0.3372093023255814
0,0,2,0.94378495,0.94378495,0.94378495,0.3372093023255814,0.3372093023255814,0.3372093023255814
1,1,1,0.94378495,0.94378495,0.94378495,0.3372093023255814,0.3372093023255814,0.3372093023255814
1,1,1,0.94378495,0.94378495,0.94378495,0.3372093023255814,0.3372093023255814,0.3372093023255814
1,1,1,0.94378495,0.94378495,0.94378495,0.3372093023255814,0.3372093023255814,0.3372093023255814
1,1,1,0.94378495,0.94378495,0.94378495,0.3372093023255814,0.3372093023255814,0.3372093023255814
1,1,1,0.94378495,0.94378495,0.94378495,0.3372093023255814,0.3372093023255814,0.3372093023255814
1,1,1,0.94378495,0.94378495,0.94378495,0.3372093023255814,0.3372093023255814,0.3372093023255814
1,1,1,0.94378495,0.94378495,0.94378495,0.3372093023255814,0.3372093023255814,0.3372093023255814
1,1,1,0.94378495,0.94378495,0.94378495,0.3372093023255814,0.3372093023255814,0.3372093023255814
1,1,1,0.94378495,0.94378495,0.94378495,0.3372093023255814,0.3372093023255814,0.3372093023255814
1,1,2,0.94378495,0.94378495,0.94378495,0.3372093023255814,0.3372093023255814,0.3372093023255814
1,1,2,0.94378495,0.94378495,0.94378495,0.3372093023255814,0.3372093023255814,0.3372093023255814
1,1,2,0.94378495,0.94378495,0.94378495,0.3372093023255814,0.3372093023255814,0.3372093023255814
1,1,2,0.94378495,0.94378495,0.94378495,0.3372093023255814,0.3372093023255814,0.3372093023255814
1,1,2,0.94378495,0.94378495,0.94378495,0.3372093023255814,0.3372093023255814,0.3372093023255814
1,1,2,0.94378495,0.94378495,0.94378495,0.3372093023255814,0.3372093023255814,0.3372093023255814
1,1,2,0.94378495,0.94378495,0.94378495,0.3372093023255814,0.3372093023255814,0.3372093023255814
1,1,2,0.94378495,0.94378495,0.94378495,0.3372093023255814,0.3372093023255814,0.3372093023255814
1,1,2,0.94378495,0.94378495,0.94378495,0.3372093023255814,0.3372093023255814,0.3372093023255814
1,2,1,0.94378495,0.94378495,0.94378495,0.3372093023255814,0.3372093023255814,0.3372093023255814
1,2,1,0.94378495,0.94378495,0.94378495,0.3372093023255814,0.3372093023255814,0.3372093023255814
1,2,1,0.94378495,0.94378495,0.94378495,0.3372093023255814,0.3372093023255814,0.3372093023255814
1,2,1,0.94378495,0.94378495,0.94378495,0.3372093023255814,0.3372093023255814,0.3372093023255814
1,2,1,0.94378495,0.94378495,0.94378495,0.3372093023255814,0.3372093023255814,0.3372093023255814
1,2,1,0.94378495,0.94378495,0.94378495,0.3372093023255814,0.3372093023255814,0.3372093023255814
1,2,1,0.94378495,0.94378495,0.94378495,0.3372093023255814,0.3372093023255814,0.3372093023255814
1,2,1,0.94378495,0.94378495,0.94378495,0.3372093023255814,0.3372093023255814,0.3372093023255814
1,2,1,0.94378495,0.94378495,0.94378495,0.3372093023255814,0.3372093023255814,0.3372093023255814
1,2,2,0.94378495,0.94378495,0.94378495,0.3372093023255814,0.3372093023255814,0.3372093023255814
1,2,2,0.94378495,0.94378495,0.94378495,0.3372093023255814,0.3372093023255814,0.3372093023255814
1,2,2,0.94378495,0.94378495,0.94378495,0.3372093023255814,0.3372093023255814,0.3372093023255814
1,2,2,0.94378495,0.94378495,0.94378495,0.3372093023255814,0.3372093023255814,0.3372093023255814
1,2,2,0.94378495,0.94378495,0.94378495,0.3372093023255814,0.3372093023255814,0.3372093023255814
1,2,2,0.94378495,0.94378495,0.94378495,0.3372093023255814,0.3372093023255814,0.3372093023255814
1,2,2,0.94378495,0.94378495,0.94378495,0.3372093023255814,0.3372093023255814,0.3372093023255814
1,2,2,0.94378495,0.94378495,0.94378495,0.3372093023255814,0.3372093023255814,0.3372093023255814
1,2,2,0.94378495,0.94378495,0.94378495,0.3372093023255814,0.3372093023255814,0.3372093023255814
0,0,0,0.9481359,0.9481359,0.9481359,0.368663594470046,0.368663594470046,0.368663594470046
0,0,1,0.9481359,0.9481359,0.9481359,0.368663594470046,0.368663594470046,0.368663594470046
0,0,2,0.9481359,0.9481359,0.9481359,0.368663594470046,0.368663594470046,0.368663594470046
1,1,1,0.9481359,0.9481359,0.9481359,0.368663594470046,0.368663594470046,0.368663594470046
1,1,1,0.9481359,0.9481359,0.9481359,0.368663594470046,0.368663594470046,0.368663594470046
1,1,1,0.9481359,0.9481359,0.9481359,0.368663594470046,0.368663594470046,0.368663594470046
1,1,1,0.9481359,0.9481359,0.9481359,0.368663594470046,0.368663594470046,0.368663594470046
1,1,1,0.9481359,0.9481359,0.9481359,0.368663594470046,0.368663594470046,0.368663594470046
1,1,1,0.9481359,0.9481359,0.9481359,0.368663594470046,0.368663594470046,0.368663594470046
1,1,1,0.9481359,0.9481359,0.9481359,0.368663594470046,0.368663594470046,0.368663594470046
1,1,1,0.9481359,0.9481359,0.9481359,0.368663594470046,0.368663594470046,0.368663594470046
1,1,1,0.9481359,0.9481359,0.9481359,0.368663594470046,0.368663594470046,0.368663594470046
1,1,2,0.9481359,0.9481359,0.9481359,0.368663594470046,0.368663594470046,0.368663594470046
1,1,2,0.9481359,0.9481359,0.9481359,0.368663594470046,0.368663594470046,0.368663594470046
1,1,2,0.9481359,0.9481359,0.9481359,0.368663594470046,0.368663594470046,0.368663594470046
1,1,2,0.9481359,0.9481359,0.9481359,0.368663594470046,0.368663594470046,0.368663594470046
1,1,2,0.9481359,0.9481359,0.9481359,0.368663594470046,0.368663594470046,0.368663594470046
1,1,2,0.9481359,0.9481359,0.9481359,0.368663594470046,0.368663594470046,0.368663594470046
1,1,2,0.9481359,0.9481359,0.9481359,0.368663594470046,0.368663594470046,0.368663594470046
1,1,2,0.9481359,0.9481359,0.9481359,0.368663594470046,0.368663594470046,0.368663594470046
1,1,2,0.9481359,0.9481359,0.9481359,0.368663594470046,0.368663594470046,0.368663594470046
1,2,1,0.9481359,0.9481359,0.9481359,0.368663594470046,0.368663594470046,0.368663594470046
1,2,1,0.9481359,0.9481359,0.9481359,0.368663594470046,0.368663594470046,0.368663594470046
1,2,1,0.9481359,0.9481359,0.9481359,0.368663594470046,0.368663594470046,0.368663594470046
1,2,1,0.9481359,0.9481359,0.9481359,0.368663594470046,0.368663594470046,0.368663594470046
1,2,1,0.9481359,0.9481359,0.9481359,0.368663594470046,0.368663594470046,0.368663594470046
1,2,1,0.9481359,0.9481359,0.9481359,0.368663594470046,0.368663594470046,0.368663594470046
1,2,1,0.9481359,0.9481359,0.9481359,0.368663594470046,0.368663594470046,0.368663594470046
1,2,1,0.9481359,0.9481359,0.9481359,0.368663594470046,0.368663594470046,0.368663594470046
1,2,1,0.9481359,0.9481359,0.9481359,0.368663594470046,0.368663594470046,0.368663594470046
1,2,2,0.9481359,0.9481359,0.9481359,0.368663594470046,0.368663594470046,0.368663594470046
1,2,2,0.9481359,0.9481359,0.9481359,0.368663594470046,0.368663594470046,0.368663594470046
1,2,2,0.9481359,0.9481359,0.9481359,0.368663594470046,0.368663594470046,0.368663594470046
1,2,2,0.9481359,0.9481359,0.9481359,0.368663594470046,0.368663594470046,0.368663594470046
1,2,2,0.9481359,0.9481359,0.9481359,0.368663594470046,0.368663594470046,0.368663594470046
1,2,2,0.9481359,0.9481359,0.9481359,0.368663594470046,0.368663594470046,0.368663594470046
1,2,2,0.9481359,0.9481359,0.9481359,0.368663594470046,0.368663594470046,0.368663594470046
1,2,2,0.9481359,0.9481359,0.9481359,0.368663594470046,0.368663594470046,0.368663594470046
1,2,2,0.9481359,0.9481359,0.9481359,0.368663594470046,0.368663594470046,0.368663594470046
0,0,0,0.8989974,0.8989974,0.8989974,0.3673469387755101,0.3673469387755101,0.3673469387755101
0,0,1,0.8989974,0.8989974,0.8989974,0.3673469387755101,0.3673469387755101,0.3673469387755101
0,0,2,0.8989974,0.8989974,0.8989974,0.3673469387755101,0.3673469387755101,0.3673469387755101
1,1,1,0.8989974,0.8989974,0.8989974,0.3673469387755101,0.3673469387755101,0.3673469387755101
1,1,1,0.8989974,0.8989974,0.8989974,0.3673469387755101,0.3673469387755101,0.3673469387755101
1,1,1,0.8989974,0.8989974,0.8989974,0.3673469387755101,0.3673469387755101,0.3673469387755101
1,1,1,0.8989974,0.8989974,0.8989974,0.3673469387755101,0.3673469387755101,0.3673469387755101
1,1,1,0.8989974,0.8989974,0.8989974,0.3673469387755101,0.3673469387755101,0.3673469387755101
1,1,1,0.8989974,0.8989974,0.8989974,0.3673469387755101,0.3673469387755101,0.3673469387755101
1,1,1,0.8989974,0.8989974,0.8989974,0.3673469387755101,0.3673469387755101,0.3673469387755101
1,1,1,0.8989974,0.8989974,0.8989974,0.3673469387755101,0.3673469387755101,0.3673469387755101
1,1,1,0.8989974,0.8989974,0.8989974,0.3673469387755101,0.3673469387755101,0.3673469387755101
1,1,2,0.8989974,0.8989974,0.8989974,0.3673469387755101,0.3673469387755101,0.3673469387755101
1,1,2,0.8989974,0.8989974,0.8989974,0.3673469387755101,0.3673469387755101,0.3673469387755101
1,1,2,0.8989974,0.8989974,0.8989974,0.3673469387755101,0.3673469387755101,0.3673469387755101
1,1,2,0.8989974,0.8989974,0.8989974,0.3673469387755101,0.3673469387755101,0.3673469387755101
1,1,2,0.8989974,0.8989974,0.8989974,0.3673469387755101,0.3673469387755101,0.3673469387755101
1,1,2,0.8989974,0.8989974,0.8989974,0.3673469387755101,0.3673469387755101,0.3673469387755101
1,1,2,0.8989974,0.8989974,0.8989974,0.3673469387755101,0.3673469387755101,0.3673469387755101
1,1,2,0.8989974,0.8989974,0.8989974,0.3673469387755101,0.3673469387755101,0.3673469387755101
1,1,2,0.8989974,0.8989974,0.8989974,0.3673469387755101,0.3673469387755101,0.3673469387755101
1,2,1,0.8989974,0.8989974,0.8989974,0.3673469387755101,0.3673469387755101,0.3673469387755101
1,2,1,0.8989974,0.8989974,0.8989974,0.3673469387755101,0.3673469387755101,0.3673469387755101
1,2,1,0.8989974,0.8989974,0.8989974,0.3673469387755101,0.3673469387755101,0.3673469387755101
1,2,1,0.8989974,0.8989974,0.8989974,0.3673469387755101,0.3673469387755101,0.3673469387755101
1,2,1,0.8989974,0.8989974,0.8989974,0.3673469387755101,0.3673469387755101,0.3673469387755101
1,2,1,0.8989974,0.8989974,0.8989974,0.3673469387755101,0.3673469387755101,0.3673469387755101
1,2,1,0.8989974,0.8989974,0.8989974,0.3673469387755101,0.3673469387755101,0.3673469387755101
1,2,1,0.8989974,0.8989974,0.8989974,0.3673469387755101,0.3673469387755101,0.3673469387755101
1,2,1,0.8989974,0.8989974,0.8989974,0.3673469387755101,0.3673469387755101,0.3673469387755101
1,2,2,0.8989974,0.8989974,0.8989974,0.3673469387755101,0.3673469387755101,0.3673469387755101
1,2,2,0.8989974,0.8989974,0.8989974,0.3673469387755101,0.3673469387755101,0.3673469387755101
1,2,2,0.8989974,0.8989974,0.8989974,0.3673469387755101,0.3673469387755101,0.3673469387755101
1,2,2,0.8989974,0.8989974,0.8989974,0.3673469387755101,0.3673469387755101,0.3673469387755101
1,2,2,0.8989974,0.8989974,0.8989974,0.3673469387755101,0.3673469387755101,0.3673469387755101
1,2,2,0.8989974,0.8989974,0.8989974,0.3673469387755101,0.3673469387755101,0.3673469387755101
1,2,2,0.8989974,0.8989974,0.8989974,0.3673469387755101,0.3673469387755101,0.3673469387755101
1,2,2,0.8989974,0.8989974,0.8989974,0.3673469387755101,0.3673469387755101,0.3673469387755101
1,2,2,0.8989974,0.8989974,0.8989974,0.3673469387755101,0.3673469387755101,0.3673469387755101
0,0,0,0.97653383,0.97653383,0.97653383,0.3636363636363636,0.3636363636363636,0.3636363636363636
0,0,1,0.97653395,0.97653395,0.97653395,0.3636363636363636,0.3636363636363636,0.3636363636363636
0,0,2,0.97653395,0.97653395,0.97653395,0.3636363636363636,0.3636363636363636,0.3636363636363636
1,1,1,0.97653395,0.97653395,0.97653395,0.3636363636363636,0.3636363636363636,0.3636363636363636
1,1,1,0.97653395,0.97653395,0.97653395,0.3636363636363636,0.3636363636363636,0.3636363636363636
1,1,1,0.97653395,0.97653395,0.97653395,0.3636363636363636,0.3636363636363636,0.3636363636363636
1,1,1,0.97653395,0.97653395,0.97653395,0.3636363636363636,0.3636363636363636,0.3636363636363636
1,1,1,0.97653395,0.97653395,0.97653395,0.3636363636363636,0.3636363636363636,0.3636363636363636
1,1,1,0.97653395,0.97653395,0.97653395,0.3636363636363636,0.3636363636363636,0.3636363636363636
1,1,1,0.97653395,0.97653395,0.97653395,0.3636363636363636,0.3636363636363636,0.3636363636363636
1,1,1,0.97653395,0.97653395,0.97653395,0.3636363636363636,0.3636363636363636,0.3636363636363636
1,1,1,0.97653395,0.97653395,0.97653395,0.3636363636363636,0.3636363636363636,0.3636363636363636
1,1,2,0.97653395,0.97653395,0.97653395,0.3636363636363636,0.3636363636363636,0.3636363636363636
1,1,2,0.97653395,0.97653395,0.97653395,0.3636363636363636,0.3636363636363636,0.3636363636363636
1,1,2,0.97653395,0.97653395,0.97653395,0.3636363636363636,0.3636363636363636,0.3636363636363636
1,1,2,0.97653395,0.97653395,0.97653395,0.3636363636363636,0.3636363636363636,0.3636363636363636
1,1,2,0.97653395,0.97653395,0.97653395,0.3636363636363636,0.3636363636363636,0.3636363636363636
1,1,2,0.97653395,0.97653395,0.97653395,0.3636363636363636,0.3636363636363636,0.3636363636363636
1,1,2,0.97653395,0.97653395,0.97653395,0.3636363636363636,0.3636363636363636,0.3636363636363636
1,1,2,0.97653395,0.97653395,0.97653395,0.3636363636363636,0.3636363636363636,0.3636363636363636
1,1,2,0.97653383,0.97653383,0.97653383,0.3636363636363636,0.3636363636363636,0.3636363636363636
1,2,1,0.97653395,0.97653395,0.97653395,0.3636363636363636,0.3636363636363636,0.3636363636363636
1,2,1,0.97653383,0.97653383,0.97653383,0.3636363636363636,0.3636363636363636,0.3636363636363636
1,2,1,0.97653383,0.97653383,0.97653383,0.3636363636363636,0.3636363636363636,0.3636363636363636
1,2,1,0.97653383,0.97653383,0.97653383,0.3636363636363636,0.3636363636363636,0.3636363636363636
1,2,1,0.97653383,0.97653383,0.97653383,0.3636363636363636,0.3636363636363636,0.3636363636363636
1,2,1,0.97653383,0.97653383,0.97653383,0.3636363636363636,0.3636363636363636,0.3636363636363636
1,2,1,0.97653383,0.97653383,0.97653383,0.3636363636363636,0.3636363636363636,0.3636363636363636
1,2,1,0.97653383,0.97653383,0.97653383,0.3636363636363636,0.3636363636363636,0.3636363636363636
1,2,1,0.97653383,0.97653383,0.97653383,0.3636363636363636,0.3636363636363636,0.3636363636363636
1,2,2,0.97653383,0.97653383,0.97653383,0.3636363636363636,0.3636363636363636,0.3636363636363636
1,2,2,0.97653383,0.97653383,0.97653383,0.3636363636363636,0.3636363636363636,0.3636363636363636
1,2,2,0.97653395,0.97653395,0.97653395,0.3636363636363636,0.3636363636363636,0.3636363636363636
1,2,2,0.97653395,0.97653395,0.97653395,0.3636363636363636,0.3636363636363636,0.3636363636363636
1,2,2,0.97653395,0.97653395,0.97653395,0.3636363636363636,0.3636363636363636,0.3636363636363636
1,2,2,0.97653395,0.97653395,0.97653395,0.3636363636363636,0.3636363636363636,0.3636363636363636
1,2,2,0.97653395,0.97653395,0.97653395,0.3636363636363636,0.3636363636363636,0.3636363636363636
1,2,2,0.97653395,0.97653395,0.97653395,0.3636363636363636,0.3636363636363636,0.3636363636363636
1,2,2,0.97653395,0.97653395,0.97653395,0.3636363636363636,0.3636363636363636,0.3636363636363636
0,0,0,0.9848181,0.9848181,0.9848181,0.42,0.42,0.42
0,0,1,0.9848181,0.9848181,0.9848181,0.42,0.42,0.42
0,0,2,0.9848181,0.9848181,0.9848181,0.42,0.42,0.42
1,1,1,0.9848181,0.9848181,0.9848181,0.42,0.42,0.42
1,1,1,0.9848181,0.9848181,0.9848181,0.42,0.42,0.42
1,1,1,0.9848181,0.9848181,0.9848181,0.42,0.42,0.42
1,1,1,0.9848181,0.9848181,0.9848181,0.42,0.42,0.42
1,1,1,0.9848181,0.9848181,0.9848181,0.42,0.42,0.42
1,1,1,0.9848181,0.9848181,0.9848181,0.42,0.42,0.42
1,1,1,0.9848181,0.9848181,0.9848181,0.42,0.42,0.42
1,1,1,0.9848181,0.9848181,0.9848181,0.42,0.42,0.42
1,1,1,0.9848181,0.9848181,0.9848181,0.42,0.42,0.42
1,1,2,0.9848181,0.9848181,0.9848181,0.42,0.42,0.42
1,1,2,0.9848181,0.9848181,0.9848181,0.42,0.42,0.42
1,1,2,0.9848181,0.9848181,0.9848181,0.42,0.42,0.42
1,1,2,0.9848181,0.9848181,0.9848181,0.42,0.42,0.42
1,1,2,0.9848181,0.9848181,0.9848181,0.42,0.42,0.42
1,1,2,0.9848181,0.9848181,0.9848181,0.42,0.42,0.42
1,1,2,0.9848181,0.9848181,0.9848181,0.42,0.42,0.42
1,1,2,0.9848181,0.9848181,0.9848181,0.42,0.42,0.42
1,1,2,0.9848181,0.9848181,0.9848181,0.42,0.42,0.42
1,2,1,0.9848181,0.9848181,0.9848181,0.42,0.42,0.42
1,2,1,0.9848181,0.9848181,0.9848181,0.42,0.42,0.42
1,2,1,0.9848181,0.9848181,0.9848181,0.42,0.42,0.42
1,2,1,0.9848181,0.9848181,0.9848181,0.42,0.42,0.42
1,2,1,0.9848181,0.9848181,0.9848181,0.42,0.42,0.42
1,2,1,0.9848181,0.9848181,0.9848181,0.42,0.42,0.42
1,2,1,0.9848181,0.9848181,0.9848181,0.42,0.42,0.42
1,2,1,0.9848181,0.9848181,0.9848181,0.42,0.42,0.42
1,2,1,0.9848181,0.9848181,0.9848181,0.42,0.42,0.42
1,2,2,0.9848181,0.9848181,0.9848181,0.42,0.42,0.42
1,2,2,0.9848181,0.9848181,0.9848181,0.42,0.42,0.42
1,2,2,0.9848181,0.9848181,0.9848181,0.42,0.42,0.42
1,2,2,0.9848181,0.9848181,0.9848181,0.42,0.42,0.42
1,2,2,0.9848181,0.9848181,0.9848181,0.42,0.42,0.42
1,2,2,0.9848181,0.9848181,0.9848181,0.42,0.42,0.42
1,2,2,0.9848181,0.9848181,0.9848181,0.42,0.42,0.42
1,2,2,0.9848181,0.9848181,0.9848181,0.42,0.42,0.42
1,2,2,0.9848181,0.9848181,0.9848181,0.42,0.42,0.42
0,0,0,0.9381897,0.9381897,0.9381897,0.0,0.0,0.0
0,0,1,0.9381897,0.9381897,0.9381897,0.0,0.0,0.0
0,0,2,0.9381897,0.9381897,0.9381897,0.0,0.0,0.0
1,1,1,0.9381897,0.9381897,0.9381897,0.0,0.0,0.0
1,1,1,0.9381897,0.9381897,0.9381897,0.0,0.0,0.0
1,1,1,0.9381897,0.9381897,0.9381897,0.0,0.0,0.0
1,1,1,0.9381897,0.9381897,0.9381897,0.0,0.0,0.0
1,1,1,0.9381897,0.9381897,0.9381897,0.0,0.0,0.0
1,1,1,0.9381897,0.9381897,0.9381897,0.0,0.0,0.0
1,1,1,0.9381897,0.9381897,0.9381897,0.0,0.0,0.0
1,1,1,0.9381897,0.9381897,0.9381897,0.0,0.0,0.0
1,1,1,0.9381897,0.9381897,0.9381897,0.0,0.0,0.0
1,1,2,0.9381897,0.9381897,0.9381897,0.0,0.0,0.0
1,1,2,0.9381897,0.9381897,0.9381897,0.0,0.0,0.0
1,1,2,0.9381897,0.9381897,0.9381897,0.0,0.0,0.0
1,1,2,0.9381897,0.9381897,0.9381897,0.0,0.0,0.0
1,1,2,0.9381897,0.9381897,0.9381897,0.0,0.0,0.0
1,1,2,0.9381897,0.9381897,0.9381897,0.0,0.0,0.0
1,1,2,0.9381897,0.9381897,0.9381897,0.0,0.0,0.0
1,1,2,0.9381897,0.9381897,0.9381897,0.0,0.0,0.0
1,1,2,0.9381897,0.9381897,0.9381897,0.0,0.0,0.0
1,2,1,0.9381897,0.9381897,0.9381897,0.0,0.0,0.0
1,2,1,0.9381897,0.9381897,0.9381897,0.0,0.0,0.0
1,2,1,0.9381897,0.9381897,0.9381897,0.0,0.0,0.0
1,2,1,0.9381897,0.9381897,0.9381897,0.0,0.0,0.0
1,2,1,0.9381897,0.9381897,0.9381897,0.0,0.0,0.0
1,2,1,0.9381897,0.9381897,0.9381897,0.0,0.0,0.0
1,2,1,0.9381897,0.9381897,0.9381897,0.0,0.0,0.0
1,2,1,0.9381897,0.9381897,0.9381897,0.0,0.0,0.0
1,2,1,0.9381897,0.9381897,0.9381897,0.0,0.0,0.0
1,2,2,0.9381897,0.9381897,0.9381897,0.0,0.0,0.0
1,2,2,0.9381897,0.9381897,0.9381897,0.0,0.0,0.0
1,2,2,0.9381897,0.9381897,0.9381897,0.0,0.0,0.0
1,2,2,0.9381897,0.9381897,0.9381897,0.0,0.0,0.0
1,2,2,0.9381897,0.9381897,0.9381897,0.0,0.0,0.0
1,2,2,0.9381897,0.9381897,0.9381897,0.0,0.0,0.0
1,2,2,0.9381897,0.9381897,0.9381897,0.0,0.0,0.0
1,2,2,0.9381897,0.9381897,0.9381897,0.0,0.0,0.0
1,2,2,0.9381897,0.9381897,0.9381897,0.0,0.0,0.0
0,0,0,1.0,1.0,1.0,0.0,0.0,0.0
0,0,1,1.0,1.0,1.0,0.0,0.0,0.0
0,0,2,1.0,1.0,1.0,0.0,0.0,0.0
1,1,1,1.0,1.0,1.0,0.0,0.0,0.0
1,1,1,1.0,1.0,1.0,0.0,0.0,0.0
1,1,1,1.0,1.0,1.0,0.0,0.0,0.0
1,1,1,1.0,1.0,1.0,0.0,0.0,0.0
1,1,1,1.0,1.0,1.0,0.0,0.0,0.0
1,1,1,1.0,1.0,1.0,0.0,0.0,0.0
1,1,1,1.0,1.0,1.0,0.0,0.0,0.0
1,1,1,1.0,1.0,1.0,0.0,0.0,0.0
1,1,1,1.0,1.0,1.0,0.0,0.0,0.0
1,1,2,1.0,1.0,1.0,0.0,0.0,0.0
1,1,2,1.0,1.0,1.0,0.0,0.0,0.0
1,1,2,1.0,1.0,1.0,0.0,0.0,0.0
1,1,2,1.0,1.0,1.0,0.0,0.0,0.0
1,1,2,1.0,1.0,1.0,0.0,0.0,0.0
1,1,2,1.0,1.0,1.0,0.0,0.0,0.0
1,1,2,1.0,1.0,1.0,0.0,0.0,0.0
1,1,2,1.0,1.0,1.0,0.0,0.0,0.0
1,1,2,1.0,1.0,1.0,0.0,0.0,0.0
1,2,1,1.0,1.0,1.0,0.0,0.0,0.0
1,2,1,1.0,1.0,1.0,0.0,0.0,0.0
1,2,1,1.0,1.0,1.0,0.0,0.0,0.0
1,2,1,1.0,1.0,1.0,0.0,0.0,0.0
1,2,1,1.0,1.0,1.0,0.0,0.0,0.0
1,2,1,1.0,1.0,1.0,0.0,0.0,0.0
1,2,1,1.0,1.0,1.0,0.0,0.0,0.0
1,2,1,1.0,1.0,1.0,0.0,0.0,0.0
1,2,1,1.0,1.0,1.0,0.0,0.0,0.0
1,2,2,1.0,1.0,1.0,0.0,0.0,0.0
1,2,2,1.0,1.0,1.0,0.0,0.0,0.0
1,2,2,1.0,1.0,1.0,0.0,0.0,0.0
1,2,2,1.0,1.0,1.0,0.0,0.0,0.0
1,2,2,1.0,1.0,1.0,0.0,0.0,0.0
1,2,2,1.0,1.0,1.0,0.0,0.0,0.0
1,2,2,1.0,1.0,1.0,0.0,0.0,0.0
1,2,2,1.0,1.0,1.0,0.0,0.0,0.0
1,2,2,1.0,1.0,1.0,0.0,0.0,0.0
0,0,0,0.9755708,0.9755708,0.9755708,0.0256410256410256,0.0256410256410256,0.0256410256410256
0,0,1,0.9755708,0.9755708,0.9755708,0.0256410256410256,0.0256410256410256,0.0256410256410256
0,0,2,0.9755708,0.9755708,0.9755708,0.0256410256410256,0.0256410256410256,0.0256410256410256
1,1,1,0.9755708,0.9755708,0.9755708,0.0256410256410256,0.0256410256410256,0.0256410256410256
1,1,1,0.9755708,0.9755708,0.9755708,0.0256410256410256,0.0256410256410256,0.0256410256410256
1,1,1,0.9755708,0.9755708,0.9755708,0.0256410256410256,0.0256410256410256,0.0256410256410256
1,1,1,0.9755708,0.9755708,0.9755708,0.0256410256410256,0.0256410256410256,0.0256410256410256
1,1,1,0.9755708,0.9755708,0.9755708,0.0256410256410256,0.0256410256410256,0.0256410256410256
1,1,1,0.9755708,0.9755708,0.9755708,0.0256410256410256,0.0256410256410256,0.0256410256410256
1,1,1,0.9755708,0.9755708,0.9755708,0.0256410256410256,0.0256410256410256,0.0256410256410256
1,1,1,0.9755708,0.9755708,0.9755708,0.0256410256410256,0.0256410256410256,0.0256410256410256
1,1,1,0.9755708,0.9755708,0.9755708,0.0256410256410256,0.0256410256410256,0.0256410256410256
1,1,2,0.9755708,0.9755708,0.9755708,0.0256410256410256,0.0256410256410256,0.0256410256410256
1,1,2,0.9755708,0.9755708,0.9755708,0.0256410256410256,0.0256410256410256,0.0256410256410256
1,1,2,0.9755708,0.9755708,0.9755708,0.0256410256410256,0.0256410256410256,0.0256410256410256
1,1,2,0.9755708,0.9755708,0.9755708,0.0256410256410256,0.0256410256410256,0.0256410256410256
1,1,2,0.9755708,0.9755708,0.9755708,0.0256410256410256,0.0256410256410256,0.0256410256410256
1,1,2,0.9755708,0.9755708,0.9755708,0.0256410256410256,0.0256410256410256,0.0256410256410256
1,1,2,0.9755708,0.9755708,0.9755708,0.0256410256410256,0.0256410256410256,0.0256410256410256
1,1,2,0.9755708,0.9755708,0.9755708,0.0256410256410256,0.0256410256410256,0.0256410256410256
1,1,2,0.9755708,0.9755708,0.9755708,0.0256410256410256,0.0256410256410256,0.0256410256410256
1,2,1,0.9755708,0.9755708,0.9755708,0.0256410256410256,0.0256410256410256,0.0256410256410256
1,2,1,0.9755708,0.9755708,0.9755708,0.0256410256410256,0.0256410256410256,0.0256410256410256
1,2,1,0.9755708,0.9755708,0.9755708,0.0256410256410256,0.0256410256410256,0.0256410256410256
1,2,1,0.9755708,0.9755708,0.9755708,0.0256410256410256,0.0256410256410256,0.0256410256410256
1,2,1,0.9755708,0.9755708,0.9755708,0.0256410256410256,0.0256410256410256,0.0256410256410256
1,2,1,0.9755708,0.9755708,0.9755708,0.0256410256410256,0.0256410256410256,0.0256410256410256
1,2,1,0.9755708,0.9755708,0.9755708,0.0256410256410256,0.0256410256410256,0.0256410256410256
1,2,1,0.9755708,0.9755708,0.9755708,0.0256410256410256,0.0256410256410256,0.0256410256410256
1,2,1,0.9755708,0.9755708,0.9755708,0.0256410256410256,0.0256410256410256,0.0256410256410256
1,2,2,0.9755708,0.9755708,0.9755708,0.0256410256410256,0.0256410256410256,0.0256410256410256
1,2,2,0.9755708,0.9755708,0.9755708,0.0256410256410256,0.0256410256410256,0.0256410256410256
1,2,2,0.9755708,0.9755708,0.9755708,0.0256410256410256,0.0256410256410256,0.0256410256410256
1,2,2,0.9755708,0.9755708,0.9755708,0.0256410256410256,0.0256410256410256,0.0256410256410256
1,2,2,0.9755708,0.9755708,0.9755708,0.0256410256410256,0.0256410256410256,0.0256410256410256
1,2,2,0.9755708,0.9755708,0.9755708,0.0256410256410256,0.0256410256410256,0.0256410256410256
1,2,2,0.9755708,0.9755708,0.9755708,0.0256410256410256,0.0256410256410256,0.0256410256410256
1,2,2,0.9755708,0.9755708,0.9755708,0.0256410256410256,0.0256410256410256,0.0256410256410256
1,2,2,0.9755708,0.9755708,0.9755708,0.0256410256410256,0.0256410256410256,0.0256410256410256
0,0,0,0.9631217,0.9631217,0.9631217,0.3846153846153846,0.3846153846153846,0.3846153846153846
0,0,1,0.9631217,0.9631217,0.9631217,0.3846153846153846,0.3846153846153846,0.3846153846153846
0,0,2,0.9631217,0.9631217,0.9631217,0.3846153846153846,0.3846153846153846,0.3846153846153846
1,1,1,0.9631217,0.9631217,0.9631217,0.3846153846153846,0.3846153846153846,0.3846153846153846
1,1,1,0.9631217,0.9631217,0.9631217,0.3846153846153846,0.3846153846153846,0.3846153846153846
1,1,1,0.9631217,0.9631217,0.9631217,0.3846153846153846,0.3846153846153846,0.3846153846153846
1,1,1,0.9631217,0.9631217,0.9631217,0.3846153846153846,0.3846153846153846,0.3846153846153846
1,1,1,0.9631217,0.9631217,0.9631217,0.3846153846153846,0.3846153846153846,0.3846153846153846
1,1,1,0.9631217,0.9631217,0.9631217,0.3846153846153846,0.3846153846153846,0.3846153846153846
1,1,1,0.9631217,0.9631217,0.9631217,0.3846153846153846,0.3846153846153846,0.3846153846153846
1,1,1,0.9631217,0.9631217,0.9631217,0.3846153846153846,0.3846153846153846,0.3846153846153846
1,1,1,0.9631217,0.9631217,0.9631217,0.3846153846153846,0.3846153846153846,0.3846153846153846
1,1,2,0.9631217,0.9631217,0.9631217,0.3846153846153846,0.3846153846153846,0.3846153846153846
1,1,2,0.9631217,0.9631217,0.9631217,0.3846153846153846,0.3846153846153846,0.3846153846153846
1,1,2,0.9631217,0.9631217,0.9631217,0.3846153846153846,0.3846153846153846,0.3846153846153846
1,1,2,0.9631217,0.9631217,0.9631217,0.3846153846153846,0.3846153846153846,0.3846153846153846
1,1,2,0.9631217,0.9631217,0.9631217,0.3846153846153846,0.3846153846153846,0.3846153846153846
1,1,2,0.9631217,0.9631217,0.9631217,0.3846153846153846,0.3846153846153846,0.3846153846153846
1,1,2,0.9631217,0.9631217,0.9631217,0.3846153846153846,0.3846153846153846,0.3846153846153846
1,1,2,0.9631217,0.9631217,0.9631217,0.3846153846153846,0.3846153846153846,0.3846153846153846
1,1,2,0.9631217,0.9631217,0.9631217,0.3846153846153846,0.3846153846153846,0.3846153846153846
1,2,1,0.9631217,0.9631217,0.9631217,0.3846153846153846,0.3846153846153846,0.3846153846153846
1,2,1,0.9631217,0.9631217,0.9631217,0.3846153846153846,0.3846153846153846,0.3846153846153846
1,2,1,0.9631217,0.9631217,0.9631217,0.3846153846153846,0.3846153846153846,0.3846153846153846
1,2,1,0.9631217,0.9631217,0.9631217,0.3846153846153846,0.3846153846153846,0.3846153846153846
1,2,1,0.9631217,0.9631217,0.9631217,0.3846153846153846,0.3846153846153846,0.3846153846153846
1,2,1,0.9631217,0.9631217,0.9631217,0.3846153846153846,0.3846153846153846,0.3846153846153846
1,2,1,0.9631217,0.9631217,0.9631217,0.3846153846153846,0.3846153846153846,0.3846153846153846
1,2,1,0.9631217,0.9631217,0.9631217,0.3846153846153846,0.3846153846153846,0.3846153846153846
1,2,1,0.9631217,0.9631217,0.9631217,0.3846153846153846,0.3846153846153846,0.3846153846153846
1,2,2,0.9631217,0.9631217,0.9631217,0.3846153846153846,0.3846153846153846,0.3846153846153846
1,2,2,0.9631217,0.9631217,0.9631217,0.3846153846153846,0.3846153846153846,0.3846153846153846
1,2,2,0.9631217,0.9631217,0.9631217,0.3846153846153846,0.3846153846153846,0.3846153846153846
1,2,2,0.9631217,0.9631217,0.9631217,0.3846153846153846,0.3846153846153846,0.3846153846153846
1,2,2,0.9631217,0.9631217,0.9631217,0.3846153846153846,0.3846153846153846,0.3846153846153846
1,2,2,0.9631217,0.9631217,0.9631217,0.3846153846153846,0.3846153846153846,0.3846153846153846
1,2,2,0.9631217,0.9631217,0.9631217,0.3846153846153846,0.3846153846153846,0.3846153846153846
1,2,2,0.9631217,0.9631217,0.9631217,0.3846153846153846,0.3846153846153846,0.3846153846153846
1,2,2,0.9631217,0.9631217,0.9631217,0.3846153846153846,0.3846153846153846,0.3846153846153846
0,0,0,0.98382324,0.98382324,0.98382324,0.2058823529411765,0.2058823529411765,0.2058823529411765
0,0,1,0.98382324,0.98382324,0.98382324,0.2058823529411765,0.2058823529411765,0.2058823529411765
0,0,2,0.98382324,0.98382324,0.98382324,0.2058823529411765,0.2058823529411765,0.2058823529411765
1,1,1,0.98382324,0.98382324,0.98382324,0.2058823529411765,0.2058823529411765,0.2058823529411765
1,1,1,0.98382324,0.98382324,0.98382324,0.2058823529411765,0.2058823529411765,0.2058823529411765
1,1,1,0.98382324,0.98382324,0.98382324,0.2058823529411765,0.2058823529411765,0.2058823529411765
1,1,1,0.98382324,0.98382324,0.98382324,0.2058823529411765,0.2058823529411765,0.2058823529411765
1,1,1,0.98382324,0.98382324,0.98382324,0.2058823529411765,0.2058823529411765,0.2058823529411765
1,1,1,0.98382324,0.98382324,0.98382324,0.2058823529411765,0.2058823529411765,0.2058823529411765
1,1,1,0.98382324,0.98382324,0.98382324,0.2058823529411765,0.2058823529411765,0.2058823529411765
1,1,1,0.98382324,0.98382324,0.98382324,0.2058823529411765,0.2058823529411765,0.2058823529411765
1,1,1,0.98382324,0.98382324,0.98382324,0.2058823529411765,0.2058823529411765,0.2058823529411765
1,1,2,0.98382324,0.98382324,0.98382324,0.2058823529411765,0.2058823529411765,0.2058823529411765
1,1,2,0.98382324,0.98382324,0.98382324,0.2058823529411765,0.2058823529411765,0.2058823529411765
1,1,2,0.98382324,0.98382324,0.98382324,0.2058823529411765,0.2058823529411765,0.2058823529411765
1,1,2,0.98382324,0.98382324,0.98382324,0.2058823529411765,0.2058823529411765,0.2058823529411765
1,1,2,0.98382324,0.98382324,0.98382324,0.2058823529411765,0.2058823529411765,0.2058823529411765
1,1,2,0.98382324,0.98382324,0.98382324,0.2058823529411765,0.2058823529411765,0.2058823529411765
1,1,2,0.98382324,0.98382324,0.98382324,0.2058823529411765,0.2058823529411765,0.2058823529411765
1,1,2,0.98382324,0.98382324,0.98382324,0.2058823529411765,0.2058823529411765,0.2058823529411765
1,1,2,0.98382324,0.98382324,0.98382324,0.2058823529411765,0.2058823529411765,0.2058823529411765
1,2,1,0.98382324,0.98382324,0.98382324,0.2058823529411765,0.2058823529411765,0.2058823529411765
1,2,1,0.98382324,0.98382324,0.98382324,0.2058823529411765,0.2058823529411765,0.2058823529411765
1,2,1,0.98382324,0.98382324,0.98382324,0.2058823529411765,0.2058823529411765,0.2058823529411765
1,2,1,0.98382324,0.98382324,0.98382324,0.2058823529411765,0.2058823529411765,0.2058823529411765
1,2,1,0.98382324,0.98382324,0.98382324,0.2058823529411765,0.2058823529411765,0.2058823529411765
1,2,1,0.98382324,0.98382324,0.98382324,0.2058823529411765,0.2058823529411765,0.2058823529411765
1,2,1,0.98382324,0.98382324,0.98382324,0.2058823529411765,0.2058823529411765,0.2058823529411765
1,2,1,0.98382324,0.98382324,0.98382324,0.2058823529411765,0.2058823529411765,0.2058823529411765
1,2,1,0.98382324,0.98382324,0.98382324,0.2058823529411765,0.2058823529411765,0.2058823529411765
1,2,2,0.98382324,0.98382324,0.98382324,0.2058823529411765,0.2058823529411765,0.2058823529411765
1,2,2,0.98382324,0.98382324,0.98382324,0.2058823529411765,0.2058823529411765,0.2058823529411765
1,2,2,0.98382324,0.98382324,0.98382324,0.2058823529411765,0.2058823529411765,0.2058823529411765
1,2,2,0.98382324,0.98382324,0.98382324,0.2058823529411765,0.2058823529411765,0.2058823529411765
1,2,2,0.98382324,0.98382324,0.98382324,0.2058823529411765,0.2058823529411765,0.2058823529411765
1,2,2,0.98382324,0.98382324,0.98382324,0.2058823529411765,0.2058823529411765,0.2058823529411765
1,2,2,0.98382324,0.98382324,0.98382324,0.2058823529411765,0.2058823529411765,0.2058823529411765
1,2,2,0.98382324,0.98382324,0.98382324,0.2058823529411765,0.2058823529411765,0.2058823529411765
1,2,2,0.98382324,0.98382324,0.98382324,0.2058823529411765,0.2058823529411765,0.2058823529411765
0,0,0,1.0000001,1.0000001,1.0000001,0.0,0.0,0.0
0,0,1,1.0000001,1.0000001,1.0000001,0.0,0.0,0.0
0,0,2,1.0000001,1.0000001,1.0000001,0.0,0.0,0.0
1,1,1,1.0000001,1.0000001,1.0000001,0.0,0.0,0.0
1,1,1,1.0000001,1.0000001,1.0000001,0.0,0.0,0.0
1,1,1,1.0000001,1.0000001,1.0000001,0.0,0.0,0.0
1,1,1,1.0000001,1.0000001,1.0000001,0.0,0.0,0.0
1,1,1,1.0000001,1.0000001,1.0000001,0.0,0.0,0.0
1,1,1,1.0000001,1.0000001,1.0000001,0.0,0.0,0.0
1,1,1,1.0000001,1.0000001,1.0000001,0.0,0.0,0.0
1,1,1,1.0000001,1.0000001,1.0000001,0.0,0.0,0.0
1,1,1,1.0000001,1.0000001,1.0000001,0.0,0.0,0.0
1,1,2,1.0000001,1.0000001,1.0000001,0.0,0.0,0.0
1,1,2,1.0000001,1.0000001,1.0000001,0.0,0.0,0.0
1,1,2,1.0000001,1.0000001,1.0000001,0.0,0.0,0.0
1,1,2,1.0000001,1.0000001,1.0000001,0.0,0.0,0.0
1,1,2,1.0000001,1.0000001,1.0000001,0.0,0.0,0.0
1,1,2,1.0000001,1.0000001,1.0000001,0.0,0.0,0.0
1,1,2,1.0000001,1.0000001,1.0000001,0.0,0.0,0.0
1,1,2,1.0000001,1.0000001,1.0000001,0.0,0.0,0.0
1,1,2,1.0000001,1.0000001,1.0000001,0.0,0.0,0.0
1,2,1,1.0000001,1.0000001,1.0000001,0.0,0.0,0.0
1,2,1,1.0000001,1.0000001,1.0000001,0.0,0.0,0.0
1,2,1,1.0000001,1.0000001,1.0000001,0.0,0.0,0.0
1,2,1,1.0000001,1.0000001,1.0000001,0.0,0.0,0.0
1,2,1,1.0000001,1.0000001,1.0000001,0.0,0.0,0.0
1,2,1,1.0000001,1.0000001,1.0000001,0.0,0.0,0.0
1,2,1,1.0000001,1.0000001,1.0000001,0.0,0.0,0.0
1,2,1,1.0000001,1.0000001,1.0000001,0.0,0.0,0.0
1,2,1,1.0000001,1.0000001,1.0000001,0.0,0.0,0.0
1,2,2,1.0000001,1.0000001,1.0000001,0.0,0.0,0.0
1,2,2,1.0000001,1.0000001,1.0000001,0.0,0.0,0.0
1,2,2,1.0000001,1.0000001,1.0000001,0.0,0.0,0.0
1,2,2,1.0000001,1.0000001,1.0000001,0.0,0.0,0.0
1,2,2,1.0000001,1.0000001,1.0000001,0.0,0.0,0.0
1,2,2,1.0000001,1.0000001,1.0000001,0.0,0.0,0.0
1,2,2,1.0000001,1.0000001,1.0000001,0.0,0.0,0.0
1,2,2,1.0000001,1.0000001,1.0000001,0.0,0.0,0.0
1,2,2,1.0000001,1.0000001,1.0000001,0.0,0.0,0.0
0,0,0,0.9091046,0.9091046,0.9091046,0.3673469387755101,0.3673469387755101,0.3673469387755101
0,0,1,0.9091046,0.9091046,0.9091046,0.3673469387755101,0.3673469387755101,0.3673469387755101
0,0,2,0.9091046,0.9091046,0.9091046,0.3673469387755101,0.3673469387755101,0.3673469387755101
1,1,1,0.9091046,0.9091046,0.9091046,0.3673469387755101,0.3673469387755101,0.3673469387755101
1,1,1,0.9091046,0.9091046,0.9091046,0.3673469387755101,0.3673469387755101,0.3673469387755101
1,1,1,0.9091046,0.9091046,0.9091046,0.3673469387755101,0.3673469387755101,0.3673469387755101
1,1,1,0.9091046,0.9091046,0.9091046,0.3673469387755101,0.3673469387755101,0.3673469387755101
1,1,1,0.9091046,0.9091046,0.9091046,0.3673469387755101,0.3673469387755101,0.3673469387755101
1,1,1,0.9091046,0.9091046,0.9091046,0.3673469387755101,0.3673469387755101,0.3673469387755101
1,1,1,0.9091046,0.9091046,0.9091046,0.3673469387755101,0.3673469387755101,0.3673469387755101
1,1,1,0.9091046,0.9091046,0.9091046,0.3673469387755101,0.3673469387755101,0.3673469387755101
1,1,1,0.9091046,0.9091046,0.9091046,0.3673469387755101,0.3673469387755101,0.3673469387755101
1,1,2,0.9091046,0.9091046,0.9091046,0.3673469387755101,0.3673469387755101,0.3673469387755101
1,1,2,0.9091046,0.9091046,0.9091046,0.3673469387755101,0.3673469387755101,0.3673469387755101
1,1,2,0.9091046,0.9091046,0.9091046,0.3673469387755101,0.3673469387755101,0.3673469387755101
1,1,2,0.9091046,0.9091046,0.9091046,0.3673469387755101,0.3673469387755101,0.3673469387755101
1,1,2,0.9091046,0.9091046,0.9091046,0.3673469387755101,0.3673469387755101,0.3673469387755101
1,1,2,0.9091046,0.9091046,0.9091046,0.3673469387755101,0.3673469387755101,0.3673469387755101
1,1,2,0.9091046,0.9091046,0.9091046,0.3673469387755101,0.3673469387755101,0.3673469387755101
1,1,2,0.9091046,0.9091046,0.9091046,0.3673469387755101,0.3673469387755101,0.3673469387755101
1,1,2,0.9091046,0.9091046,0.9091046,0.3673469387755101,0.3673469387755101,0.3673469387755101
1,2,1,0.9091046,0.9091046,0.9091046,0.3673469387755101,0.3673469387755101,0.3673469387755101
1,2,1,0.9091046,0.9091046,0.9091046,0.3673469387755101,0.3673469387755101,0.3673469387755101
1,2,1,0.9091046,0.9091046,0.9091046,0.3673469387755101,0.3673469387755101,0.3673469387755101
1,2,1,0.9091046,0.9091046,0.9091046,0.3673469387755101,0.3673469387755101,0.3673469387755101
1,2,1,0.9091046,0.9091046,0.9091046,0.3673469387755101,0.3673469387755101,0.3673469387755101
1,2,1,0.9091046,0.9091046,0.9091046,0.3673469387755101,0.3673469387755101,0.3673469387755101
1,2,1,0.9091046,0.9091046,0.9091046,0.3673469387755101,0.3673469387755101,0.3673469387755101
1,2,1,0.9091046,0.9091046,0.9091046,0.3673469387755101,0.3673469387755101,0.3673469387755101
1,2,1,0.9091046,0.9091046,0.9091046,0.3673469387755101,0.3673469387755101,0.3673469387755101
1,2,2,0.9091046,0.9091046,0.9091046,0.3673469387755101,0.3673469387755101,0.3673469387755101
1,2,2,0.9091046,0.9091046,0.9091046,0.3673469387755101,0.3673469387755101,0.3673469387755101
1,2,2,0.9091046,0.9091046,0.9091046,0.3673469387755101,0.3673469387755101,0.3673469387755101
1,2,2,0.9091046,0.9091046,0.9091046,0.3673469387755101,0.3673469387755101,0.3673469387755101
1,2,2,0.9091046,0.9091046,0.9091046,0.3673469387755101,0.3673469387755101,0.3673469387755101
1,2,2,0.9091046,0.9091046,0.9091046,0.3673469387755101,0.3673469387755101,0.3673469387755101
1,2,2,0.9091046,0.9091046,0.9091046,0.3673469387755101,0.3673469387755101,0.3673469387755101
1,2,2,0.9091046,0.9091046,0.9091046,0.3673469387755101,0.3673469387755101,0.3673469387755101
1,2,2,0.9091046,0.9091046,0.9091046,0.3673469387755101,0.3673469387755101,0.3673469387755101
0,0,0,0.9167491,0.9167491,0.9167491,0.5306122448979591,0.5306122448979591,0.5306122448979591
0,0,1,0.9167491,0.9167491,0.9167491,0.5306122448979591,0.5306122448979591,0.5306122448979591
0,0,2,0.9167491,0.9167491,0.9167491,0.5306122448979591,0.5306122448979591,0.5306122448979591
1,1,1,0.9167491,0.9167491,0.9167491,0.5306122448979591,0.5306122448979591,0.5306122448979591
1,1,1,0.9167491,0.9167491,0.9167491,0.5306122448979591,0.5306122448979591,0.5306122448979591
1,1,1,0.9167491,0.9167491,0.9167491,0.5306122448979591,0.5306122448979591,0.5306122448979591
1,1,1,0.9167491,0.9167491,0.9167491,0.5306122448979591,0.5306122448979591,0.5306122448979591
1,1,1,0.9167491,0.9167491,0.9167491,0.5306122448979591,0.5306122448979591,0.5306122448979591
1,1,1,0.9167491,0.9167491,0.9167491,0.5306122448979591,0.5306122448979591,0.5306122448979591
1,1,1,0.9167491,0.9167491,0.9167491,0.5306122448979591,0.5306122448979591,0.5306122448979591
1,1,1,0.9167491,0.9167491,0.9167491,0.5306122448979591,0.5306122448979591,0.5306122448979591
1,1,1,0.9167491,0.9167491,0.9167491,0.5306122448979591,0.5306122448979591,0.5306122448979591
1,1,2,0.9167491,0.9167491,0.9167491,0.5306122448979591,0.5306122448979591,0.5306122448979591
1,1,2,0.9167491,0.9167491,0.9167491,0.5306122448979591,0.5306122448979591,0.5306122448979591
1,1,2,0.9167491,0.9167491,0.9167491,0.5306122448979591,0.5306122448979591,0.5306122448979591
1,1,2,0.9167491,0.9167491,0.9167491,0.5306122448979591,0.5306122448979591,0.5306122448979591
1,1,2,0.9167491,0.9167491,0.9167491,0.5306122448979591,0.5306122448979591,0.5306122448979591
1,1,2,0.9167491,0.9167491,0.9167491,0.5306122448979591,0.5306122448979591,0.5306122448979591
1,1,2,0.9167491,0.9167491,0.9167491,0.5306122448979591,0.5306122448979591,0.5306122448979591
1,1,2,0.9167491,0.9167491,0.9167491,0.5306122448979591,0.5306122448979591,0.5306122448979591
1,1,2,0.9167491,0.9167491,0.9167491,0.5306122448979591,0.5306122448979591,0.5306122448979591
1,2,1,0.9167491,0.9167491,0.9167491,0.5306122448979591,0.5306122448979591,0.5306122448979591
1,2,1,0.9167491,0.9167491,0.9167491,0.5306122448979591,0.5306122448979591,0.5306122448979591
1,2,1,0.9167491,0.9167491,0.9167491,0.5306122448979591,0.5306122448979591,0.5306122448979591
1,2,1,0.9167491,0.9167491,0.9167491,0.5306122448979591,0.5306122448979591,0.5306122448979591
1,2,1,0.9167491,0.9167491,0.9167491,0.5306122448979591,0.5306122448979591,0.5306122448979591
1,2,1,0.9167491,0.9167491,0.9167491,0.5306122448979591,0.5306122448979591,0.5306122448979591
1,2,1,0.9167491,0.9167491,0.9167491,0.5306122448979591,0.5306122448979591,0.5306122448979591
1,2,1,0.9167491,0.9167491,0.9167491,0.5306122448979591,0.5306122448979591,0.5306122448979591
1,2,1,0.9167491,0.9167491,0.9167491,0.5306122448979591,0.5306122448979591,0.5306122448979591
1,2,2,0.9167491,0.9167491,0.9167491,0.5306122448979591,0.5306122448979591,0.5306122448979591
1,2,2,0.9167491,0.9167491,0.9167491,0.5306122448979591,0.5306122448979591,0.5306122448979591
1,2,2,0.9167491,0.9167491,0.9167491,0.5306122448979591,0.5306122448979591,0.5306122448979591
1,2,2,0.9167491,0.9167491,0.9167491,0.5306122448979591,0.5306122448979591,0.5306122448979591
1,2,2,0.9167491,0.9167491,0.9167491,0.5306122448979591,0.5306122448979591,0.5306122448979591
1,2,2,0.9167491,0.9167491,0.9167491,0.5306122448979591,0.5306122448979591,0.5306122448979591
1,2,2,0.9167491,0.9167491,0.9167491,0.5306122448979591,0.5306122448979591,0.5306122448979591
1,2,2,0.9167491,0.9167491,0.9167491,0.5306122448979591,0.5306122448979591,0.5306122448979591
1,2,2,0.9167491,0.9167491,0.9167491,0.5306122448979591,0.5306122448979591,0.5306122448979591
0,0,0,0.8939748,0.8939748,0.8939748,0.4766839378238342,0.4766839378238342,0.4766839378238342
0,0,1,0.8939748,0.8939748,0.8939748,0.4766839378238342,0.4766839378238342,0.4766839378238342
0,0,2,0.8939748,0.8939748,0.8939748,0.4766839378238342,0.4766839378238342,0.4766839378238342
1,1,1,0.8939748,0.8939748,0.8939748,0.4766839378238342,0.4766839378238342,0.4766839378238342
1,1,1,0.8939748,0.8939748,0.8939748,0.4766839378238342,0.4766839378238342,0.4766839378238342
1,1,1,0.8939748,0.8939748,0.8939748,0.4766839378238342,0.4766839378238342,0.4766839378238342
1,1,1,0.8939748,0.8939748,0.8939748,0.4766839378238342,0.4766839378238342,0.4766839378238342
1,1,1,0.8939748,0.8939748,0.8939748,0.4766839378238342,0.4766839378238342,0.4766839378238342
1,1,1,0.8939748,0.8939748,0.8939748,0.4766839378238342,0.4766839378238342,0.4766839378238342
1,1,1,0.8939748,0.8939748,0.8939748,0.4766839378238342,0.4766839378238342,0.4766839378238342
1,1,1,0.8939748,0.8939748,0.8939748,0.4766839378238342,0.4766839378238342,0.4766839378238342
1,1,1,0.8939748,0.8939748,0.8939748,0.4766839378238342,0.4766839378238342,0.4766839378238342
1,1,2,0.8939748,0.8939748,0.8939748,0.4766839378238342,0.4766839378238342,0.4766839378238342
1,1,2,0.8939748,0.8939748,0.8939748,0.4766839378238342,0.4766839378238342,0.4766839378238342
1,1,2,0.8939748,0.8939747,0.8939748,0.4766839378238342,0.4766839378238342,0.4766839378238342
1,1,2,0.8939748,0.8939748,0.8939748,0.4766839378238342,0.4766839378238342,0.4766839378238342
1,1,2,0.8939748,0.8939747,0.8939748,0.4766839378238342,0.4766839378238342,0.4766839378238342
1,1,2,0.8939748,0.8939747,0.8939748,0.4766839378238342,0.4766839378238342,0.4766839378238342
1,1,2,0.8939748,0.8939747,0.8939748,0.4766839378238342,0.4766839378238342,0.4766839378238342
1,1,2,0.8939748,0.8939747,0.8939748,0.4766839378238342,0.4766839378238342,0.4766839378238342
1,1,2,0.8939748,0.8939748,0.8939748,0.4766839378238342,0.4766839378238342,0.4766839378238342
1,2,1,0.8939748,0.8939748,0.8939748,0.4766839378238342,0.4766839378238342,0.4766839378238342
1,2,1,0.8939748,0.8939748,0.8939748,0.4766839378238342,0.4766839378238342,0.4766839378238342
1,2,1,0.8939748,0.8939748,0.8939748,0.4766839378238342,0.4766839378238342,0.4766839378238342
1,2,1,0.8939748,0.8939747,0.8939748,0.4766839378238342,0.4766839378238342,0.4766839378238342
1,2,1,0.8939748,0.8939747,0.8939748,0.4766839378238342,0.4766839378238342,0.4766839378238342
1,2,1,0.8939748,0.8939747,0.8939748,0.4766839378238342,0.4766839378238342,0.4766839378238342
1,2,1,0.8939748,0.8939747,0.8939748,0.4766839378238342,0.4766839378238342,0.4766839378238342
1,2,1,0.8939748,0.8939747,0.8939748,0.4766839378238342,0.4766839378238342,0.4766839378238342
1,2,1,0.8939748,0.8939747,0.8939748,0.4766839378238342,0.4766839378238342,0.4766839378238342
1,2,2,0.8939748,0.8939747,0.8939748,0.4766839378238342,0.4766839378238342,0.4766839378238342
1,2,2,0.8939748,0.8939747,0.8939748,0.4766839378238342,0.4766839378238342,0.4766839378238342
1,2,2,0.8939748,0.8939747,0.8939748,0.4766839378238342,0.4766839378238342,0.4766839378238342
1,2,2,0.8939748,0.8939747,0.8939748,0.4766839378238342,0.4766839378238342,0.4766839378238342
1,2,2,0.8939748,0.8939747,0.8939748,0.4766839378238342,0.4766839378238342,0.4766839378238342
1,2,2,0.8939748,0.8939748,0.8939748,0.4766839378238342,0.4766839378238342,0.4766839378238342
1,2,2,0.8939748,0.8939747,0.8939748,0.4766839378238342,0.4766839378238342,0.4766839378238342
1,2,2,0.8939748,0.8939748,0.8939748,0.4766839378238342,0.4766839378238342,0.4766839378238342
1,2,2,0.8939748,0.8939747,0.8939748,0.4766839378238342,0.4766839378238342,0.4766839378238342
0,0,0,1.0,1.0,1.0,0.0,0.0,0.0
0,0,1,1.0,1.0,1.0,0.0,0.0,0.0
0,0,2,1.0,1.0,1.0,0.0,0.0,0.0
1,1,1,1.0,1.0,1.0,0.0,0.0,0.0
1,1,1,1.0,1.0,1.0,0.0,0.0,0.0
1,1,1,1.0,1.0,1.0,0.0,0.0,0.0
1,1,1,1.0,1.0,1.0,0.0,0.0,0.0
1,1,1,1.0,1.0,1.0,0.0,0.0,0.0
1,1,1,1.0,1.0,1.0,0.0,0.0,0.0
1,1,1,1.0,1.0,1.0,0.0,0.0,0.0
1,1,1,1.0,1.0,1.0,0.0,0.0,0.0
1,1,1,1.0,1.0,1.0,0.0,0.0,0.0
1,1,2,1.0,1.0,1.0,0.0,0.0,0.0
1,1,2,1.0,1.0,1.0,0.0,0.0,0.0
1,1,2,1.0,1.0,1.0,0.0,0.0,0.0
1,1,2,1.0,1.0,1.0,0.0,0.0,0.0
1,1,2,1.0,1.0,1.0,0.0,0.0,0.0
1,1,2,1.0,1.0,1.0,0.0,0.0,0.0
1,1,2,1.0,1.0,1.0,0.0,0.0,0.0
1,1,2,1.0,1.0,1.0,0.0,0.0,0.0
1,1,2,1.0,1.0,1.0,0.0,0.0,0.0
1,2,1,1.0,1.0,1.0,0.0,0.0,0.0
1,2,1,1.0,1.0,1.0,0.0,0.0,0.0
1,2,1,1.0,1.0,1.0,0.0,0.0,0.0
1,2,1,1.0,1.0,1.0,0.0,0.0,0.0
1,2,1,1.0,1.0,1.0,0.0,0.0,0.0
1,2,1,1.0,1.0,1.0,0.0,0.0,0.0
1,2,1,1.0,1.0,1.0,0.0,0.0,0.0
1,2,1,1.0,1.0,1.0,0.0,0.0,0.0
1,2,1,1.0,1.0,1.0,0.0,0.0,0.0
1,2,2,1.0,1.0,1.0,0.0,0.0,0.0
1,2,2,1.0,1.0,1.0,0.0,0.0,0.0
1,2,2,1.0,1.0,1.0,0.0,0.0,0.0
1,2,2,1.0,1.0,1.0,0.0,0.0,0.0
1,2,2,1.0,1.0,1.0,0.0,0.0,0.0
1,2,2,1.0,1.0,1.0,0.0,0.0,0.0
1,2,2,1.0,1.0,1.0,0.0,0.0,0.0
1,2,2,1.0,1.0,1.0,0.0,0.0,0.0
1,2,2,1.0,1.0,1.0,0.0,0.0,0.0
0,0,0,0.9284625,0.9284625,0.9284625,0.64,0.64,0.64
0,0,1,0.9284625,0.9284625,0.9284625,0.64,0.64,0.64
0,0,2,0.9284625,0.9284625,0.9284625,0.64,0.64,0.64
1,1,1,0.9284625,0.9284625,0.9284625,0.64,0.64,0.64
1,1,1,0.9284625,0.9284625,0.9284625,0.64,0.64,0.64
1,1,1,0.9284625,0.9284625,0.9284625,0.64,0.64,0.64
1,1,1,0.9284625,0.9284625,0.9284625,0.64,0.64,0.64
1,1,1,0.9284625,0.9284625,0.9284625,0.64,0.64,0.64
1,1,1,0.9284625,0.9284625,0.9284625,0.64,0.64,0.64
1,1,1,0.9284625,0.9284625,0.9284625,0.64,0.64,0.64
1,1,1,0.9284625,0.9284625,0.9284625,0.64,0.64,0.64
1,1,1,0.9284625,0.9284625,0.9284625,0.64,0.64,0.64
1,1,2,0.9284625,0.9284625,0.9284625,0.64,0.64,0.64
1,1,2,0.9284625,0.9284625,0.9284625,0.64,0.64,0.64
1,1,2,0.9284625,0.9284625,0.9284625,0.64,0.64,0.64
1,1,2,0.9284625,0.9284625,0.9284625,0.64,0.64,0.64
1,1,2,0.9284625,0.9284625,0.9284625,0.64,0.64,0.64
1,1,2,0.9284625,0.9284625,0.9284625,0.64,0.64,0.64
1,1,2,0.9284625,0.9284625,0.9284625,0.64,0.64,0.64
1,1,2,0.9284625,0.9284625,0.9284625,0.64,0.64,0.64
1,1,2,0.9284625,0.9284625,0.9284625,0.64,0.64,0.64
1,2,1,0.9284625,0.9284625,0.9284625,0.64,0.64,0.64
1,2,1,0.9284625,0.9284625,0.9284625,0.64,0.64,0.64
1,2,1,0.9284625,0.9284625,0.9284625,0.64,0.64,0.64
1,2,1,0.9284625,0.9284625,0.9284625,0.64,0.64,0.64
1,2,1,0.9284625,0.9284625,0.9284625,0.64,0.64,0.64
1,2,1,0.9284625,0.9284625,0.9284625,0.64,0.64,0.64
1,2,1,0.9284625,0.9284625,0.9284625,0.64,0.64,0.64
1,2,1,0.9284625,0.9284625,0.9284625,0.64,0.64,0.64
1,2,1,0.9284625,0.9284625,0.9284625,0.64,0.64,0.64
1,2,2,0.9284625,0.9284625,0.9284625,0.64,0.64,0.64
1,2,2,0.9284625,0.9284625,0.9284625,0.64,0.64,0.64
1,2,2,0.9284625,0.9284625,0.9284625,0.64,0.64,0.64
1,2,2,0.9284625,0.9284625,0.9284625,0.64,0.64,0.64
1,2,2,0.9284625,0.9284625,0.9284625,0.64,0.64,0.64
1,2,2,0.9284625,0.9284625,0.9284625,0.64,0.64,0.64
1,2,2,0.9284625,0.9284625,0.9284625,0.64,0.64,0.64
1,2,2,0.9284625,0.9284625,0.9284625,0.64,0.64,0.64
1,2,2,0.9284625,0.9284625,0.9284625,0.64,0.64,0.64
0,0,0,0.93821377,0.93821377,0.93821377,0.3701298701298701,0.3701298701298701,0.3701298701298701
0,0,1,0.93821377,0.93821377,0.93821377,0.3701298701298701,0.3701298701298701,0.3701298701298701
0,0,2,0.93821377,0.93821377,0.93821377,0.3701298701298701,0.3701298701298701,0.3701298701298701
1,1,1,0.93821377,0.93821377,0.93821377,0.3701298701298701,0.3701298701298701,0.3701298701298701
1,1,1,0.93821377,0.93821377,0.93821377,0.3701298701298701,0.3701298701298701,0.3701298701298701
1,1,1,0.93821377,0.93821377,0.93821377,0.3701298701298701,0.3701298701298701,0.3701298701298701
1,1,1,0.93821377,0.93821377,0.93821377,0.3701298701298701,0.3701298701298701,0.3701298701298701
1,1,1,0.93821377,0.93821377,0.93821377,0.3701298701298701,0.3701298701298701,0.3701298701298701
1,1,1,0.93821377,0.93821377,0.93821377,0.3701298701298701,0.3701298701298701,0.3701298701298701
1,1,1,0.93821377,0.93821377,0.93821377,0.3701298701298701,0.3701298701298701,0.3701298701298701
1,1,1,0.93821377,0.93821377,0.93821377,0.3701298701298701,0.3701298701298701,0.3701298701298701
1,1,1,0.93821377,0.93821377,0.93821377,0.3701298701298701,0.3701298701298701,0.3701298701298701
1,1,2,0.93821377,0.93821377,0.93821377,0.3701298701298701,0.3701298701298701,0.3701298701298701
1,1,2,0.93821377,0.93821377,0.93821377,0.3701298701298701,0.3701298701298701,0.3701298701298701
1,1,2,0.93821377,0.93821377,0.93821377,0.3701298701298701,0.3701298701298701,0.3701298701298701
1,1,2,0.93821377,0.93821377,0.93821377,0.3701298701298701,0.3701298701298701,0.3701298701298701
1,1,2,0.93821377,0.93821377,0.93821377,0.3701298701298701,0.3701298701298701,0.3701298701298701
1,1,2,0.93821377,0.93821377,0.93821377,0.3701298701298701,0.3701298701298701,0.3701298701298701
1,1,2,0.93821377,0.93821377,0.93821377,0.3701298701298701,0.3701298701298701,0.3701298701298701
1,1,2,0.93821377,0.93821377,0.93821377,0.3701298701298701,0.3701298701298701,0.3701298701298701
1,1,2,0.93821377,0.93821377,0.93821377,0.3701298701298701,0.3701298701298701,0.3701298701298701
1,2,1,0.93821377,0.93821377,0.93821377,0.3701298701298701,0.3701298701298701,0.3701298701298701
1,2,1,0.93821377,0.93821377,0.93821377,0.3701298701298701,0.3701298701298701,0.3701298701298701
1,2,1,0.93821377,0.93821377,0.93821377,0.3701298701298701,0.3701298701298701,0.3701298701298701
1,2,1,0.93821377,0.93821377,0.93821377,0.3701298701298701,0.3701298701298701,0.3701298701298701
1,2,1,0.93821377,0.93821377,0.93821377,0.3701298701298701,0.3701298701298701,0.3701298701298701
1,2,1,0.93821377,0.93821377,0.93821377,0.3701298701298701,0.3701298701298701,0.3701298701298701
1,2,1,0.93821377,0.93821377,0.93821377,0.3701298701298701,0.3701298701298701,0.3701298701298701
1,2,1,0.93821377,0.93821377,0.93821377,0.3701298701298701,0.3701298701298701,0.3701298701298701
1,2,1,0.93821377,0.93821377,0.93821377,0.3701298701298701,0.3701298701298701,0.3701298701298701
1,2,2,0.93821377,0.93821377,0.93821377,0.3701298701298701,0.3701298701298701,0.3701298701298701
1,2,2,0.93821377,0.93821377,0.93821377,0.3701298701298701,0.3701298701298701,0.3701298701298701
1,2,2,0.93821377,0.93821377,0.93821377,0.3701298701298701,0.3701298701298701,0.3701298701298701
1,2,2,0.93821377,0.93821377,0.93821377,0.3701298701298701,0.3701298701298701,0.3701298701298701
1,2,2,0.93821377,0.93821377,0.93821377,0.3701298701298701,0.3701298701298701,0.3701298701298701
1,2,2,0.93821377,0.93821377,0.93821377,0.3701298701298701,0.3701298701298701,0.3701298701298701
1,2,2,0.93821377,0.93821377,0.93821377,0.3701298701298701,0.3701298701298701,0.3701298701298701
1,2,2,0.93821377,0.93821377,0.93821377,0.3701298701298701,0.3701298701298701,0.3701298701298701
1,2,2,0.93821377,0.93821377,0.93821377,0.3701298701298701,0.3701298701298701,0.3701298701298701
0,0,0,0.8425326,0.8425326,0.8425326,0.5258620689655172,0.5258620689655172,0.5258620689655172
0,0,1,0.8425326,0.8425326,0.8425326,0.5258620689655172,0.5258620689655172,0.5258620689655172
0,0,2,0.8425326,0.8425326,0.8425326,0.5258620689655172,0.5258620689655172,0.5258620689655172
1,1,1,0.8425326,0.8425326,0.8425326,0.5258620689655172,0.5258620689655172,0.5258620689655172
1,1,1,0.8425326,0.8425326,0.8425326,0.5258620689655172,0.5258620689655172,0.5258620689655172
1,1,1,0.8425326,0.8425326,0.8425326,0.5258620689655172,0.5258620689655172,0.5258620689655172
1,1,1,0.8425326,0.8425326,0.8425326,0.5258620689655172,0.5258620689655172,0.5258620689655172
1,1,1,0.8425326,0.8425326,0.8425326,0.5258620689655172,0.5258620689655172,0.5258620689655172
1,1,1,0.8425326,0.8425326,0.8425326,0.5258620689655172,0.5258620689655172,0.5258620689655172
1,1,1,0.8425326,0.8425326,0.8425326,0.5258620689655172,0.5258620689655172,0.5258620689655172
1,1,1,0.8425326,0.8425326,0.8425326,0.5258620689655172,0.5258620689655172,0.5258620689655172
1,1,1,0.8425326,0.8425326,0.8425326,0.5258620689655172,0.5258620689655172,0.5258620689655172
1,1,2,0.8425326,0.8425326,0.8425326,0.5258620689655172,0.5258620689655172,0.5258620689655172
1,1,2,0.8425326,0.8425326,0.8425326,0.5258620689655172,0.5258620689655172,0.5258620689655172
1,1,2,0.8425326,0.8425326,0.8425326,0.5258620689655172,0.5258620689655172,0.5258620689655172
1,1,2,0.8425326,0.8425326,0.8425326,0.5258620689655172,0.5258620689655172,0.5258620689655172
1,1,2,0.8425326,0.8425326,0.8425326,0.5258620689655172,0.5258620689655172,0.5258620689655172
1,1,2,0.8425326,0.8425326,0.8425326,0.5258620689655172,0.5258620689655172,0.5258620689655172
1,1,2,0.8425326,0.8425326,0.8425326,0.5258620689655172,0.5258620689655172,0.5258620689655172
1,1,2,0.8425326,0.8425326,0.8425326,0.5258620689655172,0.5258620689655172,0.5258620689655172
1,1,2,0.8425326,0.8425326,0.8425326,0.5258620689655172,0.5258620689655172,0.5258620689655172
1,2,1,0.8425326,0.8425326,0.8425326,0.5258620689655172,0.5258620689655172,0.5258620689655172
1,2,1,0.8425326,0.8425326,0.8425326,0.5258620689655172,0.5258620689655172,0.5258620689655172
1,2,1,0.8425326,0.8425326,0.8425326,0.5258620689655172,0.5258620689655172,0.5258620689655172
1,2,1,0.8425326,0.8425326,0.8425326,0.5258620689655172,0.5258620689655172,0.5258620689655172
1,2,1,0.8425326,0.8425326,0.8425326,0.5258620689655172,0.5258620689655172,0.5258620689655172
1,2,1,0.8425326,0.8425326,0.8425326,0.5258620689655172,0.5258620689655172,0.5258620689655172
1,2,1,0.8425326,0.8425326,0.8425326,0.5258620689655172,0.5258620689655172,0.5258620689655172
1,2,1,0.8425326,0.8425326,0.8425326,0.5258620689655172,0.5258620689655172,0.5258620689655172
1,2,1,0.8425326,0.8425326,0.8425326,0.5258620689655172,0.5258620689655172,0.5258620689655172
1,2,2,0.8425326,0.8425326,0.8425326,0.5258620689655172,0.5258620689655172,0.5258620689655172
1,2,2,0.8425326,0.8425326,0.8425326,0.5258620689655172,0.5258620689655172,0.5258620689655172
1,2,2,0.8425326,0.8425326,0.8425326,0.5258620689655172,0.5258620689655172,0.5258620689655172
1,2,2,0.8425326,0.8425326,0.8425326,0.5258620689655172,0.5258620689655172,0.5258620689655172
1,2,2,0.8425326,0.8425326,0.8425326,0.5258620689655172,0.5258620689655172,0.5258620689655172
1,2,2,0.8425326,0.8425326,0.8425326,0.5258620689655172,0.5258620689655172,0.5258620689655172
1,2,2,0.8425326,0.8425326,0.8425326,0.5258620689655172,0.5258620689655172,0.5258620689655172
1,2,2,0.8425326,0.8425326,0.8425326,0.5258620689655172,0.5258620689655172,0.5258620689655172
1,2,2,0.8425326,0.8425326,0.8425326,0.5258620689655172,0.5258620689655172,0.5258620689655172
