T,Z_race,Z_gender,original_outcome,rt_es_outcome,rt_da_outcome,original_m_safechat_compression,rt_es_m_safechat_compression,rt_da_m_safechat_compression
0,0,0,0.8260029,0.8400593,0.72888327,0.396039603960396,0.3137254901960784,0.6146788990825688
0,0,1,0.81922674,0.8250817,0.7946315,0.4210526315789473,0.3867924528301887,0.5181818181818182
0,0,2,0.7582148,0.80853665,0.7858753,0.7094017094017093,0.4173913043478261,0.0
1,1,1,0.69060004,0.8132769,0.7306921,0.4824561403508771,0.6090909090909091,0.5913043478260869
1,1,1,0.8036139,0.80203986,0.8316072,0.5614035087719298,0.6727272727272727,0.5826086956521739
1,1,1,0.57502294,0.74796414,0.7730398,0.5126050420168067,0.5652173913043479,0.4462809917355371
1,1,1,0.7478939,0.5931567,0.7224271,0.4786324786324786,0.6181818181818182,0.5185185185185186
1,1,1,0.7545016,0.7139507,0.84551704,0.6639344262295082,0.5299145299145299,0.5128205128205128
1,1,1,0.81036514,0.7245932,0.6644104,0.6260869565217391,0.6517857142857143,0.4453781512605042
1,1,1,0.8570902,0.76171935,0.7487072,0.375,0.4272727272727272,0.4553571428571429
1,1,1,0.7410958,0.5810883,0.81463706,0.5575221238938053,0.5841584158415842,0.3786407766990292
1,1,1,0.78092194,0.73084444,0.8126147,0.1475409836065574,0.5245901639344263,0.5826086956521739
1,1,2,0.77727735,0.7278485,0.4984645,0.4188034188034187,0.47,0.5981308411214954
1,1,2,0.48735306,0.85301596,0.8106214,0.5784313725490196,0.5357142857142857,0.6597938144329897
1,1,2,0.6254585,0.870011,0.6555433,0.5576923076923077,0.3627450980392157,0.5686274509803921
1,1,2,0.7889292,0.7027831,0.8481963,0.3728813559322034,0.4466019417475728,0.4375
1,1,2,0.79467595,0.7399625,0.75697184,0.4867256637168141,0.5309734513274336,0.5181818181818182
1,1,2,0.6472937,0.75743914,0.82908523,0.5405405405405406,0.5384615384615384,0.4166666666666666
1,1,2,0.7598629,0.8444668,0.71845156,0.5288461538461539,0.4363636363636364,0.5966386554621849
1,1,2,0.79397637,0.809691,0.58053136,0.5948275862068966,0.4830508474576271,0.1818181818181817
1,1,2,0.7507524,0.7018129,0.6094465,0.5576923076923077,0.5,0.4754098360655737
1,2,1,0.80684996,0.8224225,0.6496828,0.4070796460176991,0.5398230088495575,0.6068376068376069
1,2,1,0.828193,0.8490294,0.7062002,0.3142857142857143,0.5,0.5882352941176471
1,2,1,0.6987507,0.788918,0.7752702,0.6491228070175439,0.6460176991150443,0.4774774774774775
1,2,1,0.5642605,0.7883166,0.7842909,0.4310344827586206,0.5178571428571428,0.5042016806722689
1,2,1,0.7434347,0.80712545,0.75132513,0.4722222222222222,0.4285714285714286,0.3983050847457627
1,2,1,0.7752777,0.6360814,0.54709697,0.7563025210084033,0.5344827586206897,0.5263157894736843
1,2,1,0.82935596,0.82413846,0.6193149,0.3771929824561403,0.2792792792792793,0.575
1,2,1,0.82109094,0.7257899,0.8157579,0.5086206896551724,0.5517241379310345,0.4661016949152542
1,2,1,0.7039605,0.6100661,0.8224931,0.6446280991735538,0.4444444444444444,0.4716981132075472
1,2,2,0.7375456,0.82867193,0.70176995,0.6238532110091743,0.4615384615384615,0.5042735042735043
1,2,2,0.8608814,0.7758318,0.73455656,0.4181818181818182,0.6260162601626016,0.4642857142857143
1,2,2,0.81222355,0.8018713,0.8611186,0.5,0.3333333333333333,0.4247787610619469
1,2,2,0.73787206,0.76265246,0.7837236,0.4529914529914529,0.5897435897435898,0.6272727272727272
1,2,2,0.60458744,0.8566865,0.7796099,0.6016949152542372,0.5178571428571428,0.6725663716814159
1,2,2,0.8598429,0.82338804,0.5326183,0.4152542372881356,0.5526315789473684,0.4757281553398058
1,2,2,0.7611759,0.8433581,0.79375845,0.6,0.4910714285714286,0.4649122807017544
1,2,2,0.6748911,0.7390685,0.66841555,0.4916666666666667,0.5765765765765766,0.6607142857142857
1,2,2,0.6937101,0.7436741,0.7557073,0.5391304347826087,0.4201680672268907,0.5603448275862069
0,0,0,0.859215,0.8521284,0.8444991,0.4869565217391304,0.3675213675213675,0.3944954128440366
0,0,1,0.8541975,0.9057293,0.8499187,0.4568965517241379,0.4736842105263158,0.3495145631067961
0,0,2,0.89892393,0.82299125,0.88807935,0.6761904761904762,0.4568965517241379,0.6122448979591837
1,1,1,0.63060594,0.58716774,-0.01981596,0.4732142857142857,0.6016949152542372,0.0
1,1,1,0.8295038,0.74329203,0.6537677,0.4358974358974359,0.5043478260869565,0.5726495726495726
1,1,1,0.8179477,0.81675744,0.7813689,0.4324324324324324,0.485981308411215,0.5135135135135135
1,1,1,0.7367766,0.8162559,0.8510028,0.408695652173913,0.4649122807017544,0.4504504504504504
1,1,1,0.84296465,0.0011358559,0.8520122,0.5196078431372548,0.0,0.5350877192982456
1,1,1,0.8109831,0.80868256,0.87629354,0.4123711340206185,0.4117647058823529,0.4710743801652892
1,1,1,0.8258184,0.842734,0.88247573,0.7297297297297297,0.5378151260504201,0.6542056074766356
1,1,1,0.5871569,0.80007935,0.86518013,0.4299065420560748,0.485981308411215,0.5619834710743802
1,1,1,0.84783053,0.81707275,0.859516,0.6355140186915889,0.5909090909090908,0.5221238938053097
1,1,2,0.88393474,0.64787275,0.8438838,0.0606060606060605,0.5775862068965517,0.5798319327731092
1,1,2,0.85872513,0.56661534,0.819874,0.4915254237288136,0.5178571428571428,0.5315315315315315
1,1,2,0.8253858,0.85660994,0.8837025,0.5087719298245614,0.5471698113207547,0.4150943396226415
1,1,2,0.8445906,0.8438474,0.8894039,0.5641025641025641,0.347457627118644,0.5607476635514019
1,1,2,0.84024817,0.8387557,0.81346834,0.43,0.4571428571428572,0.4871794871794872
1,1,2,0.7108886,0.8266234,0.8232894,0.4285714285714286,0.576271186440678,0.4913793103448276
1,1,2,0.8628726,0.86842036,0.87584007,0.4036697247706422,0.4745762711864406,0.5169491525423728
1,1,2,0.52490443,0.8554564,0.85157716,0.5210084033613445,0.4051724137931034,0.5803571428571428
1,1,2,0.8395888,0.7802374,0.87767303,0.6363636363636364,0.4621848739495798,0.5217391304347826
1,2,1,0.8501359,0.82728696,0.46676946,0.475,0.5391304347826087,0.4913793103448276
1,2,1,0.80295056,0.8798832,0.6668539,0.5391304347826087,0.5391304347826087,0.5916666666666667
1,2,1,0.8388853,0.87090874,0.8645359,0.5294117647058824,0.3835616438356164,0.4949494949494949
1,2,1,0.59560764,0.8519875,0.8650942,0.5652173913043479,0.4561403508771929,0.4655172413793104
1,2,1,0.8305315,0.8127545,0.7239573,0.0526315789473684,0.5148514851485149,0.5126050420168067
1,2,1,0.87202525,0.7973562,0.57356894,0.5877192982456141,0.4786324786324786,0.6106194690265487
1,2,1,0.84147215,0.83763087,0.8369609,0.543859649122807,0.6090909090909091,0.6379310344827587
1,2,1,0.79943305,0.84429103,0.8236571,0.4416666666666666,0.0454545454545454,0.6146788990825688
1,2,1,0.8741443,0.9096965,0.6506802,0.3596491228070175,0.6347826086956522,0.5083333333333333
1,2,2,0.86174464,0.721367,0.83179903,0.5593220338983051,0.5811965811965811,0.5128205128205128
1,2,2,0.8525423,0.5351938,0.84308666,0.5677966101694916,0.584070796460177,0.4521739130434783
1,2,2,0.8908473,0.8435631,0.7909303,0.5169491525423728,0.4608695652173913,0.5087719298245614
1,2,2,-0.099280104,0.84717095,0.88081044,0.0,0.5042735042735043,0.6991150442477876
1,2,2,0.838438,0.8715949,0.84380805,0.4272727272727272,0.5517241379310345,0.6160714285714286
1,2,2,0.90219253,0.81787986,0.90448254,0.4684684684684684,0.3902439024390244,0.5
1,2,2,0.8186103,0.8398162,0.8293154,0.504424778761062,0.495575221238938,0.4782608695652174
1,2,2,0.89628655,0.760798,0.6870809,0.5495495495495495,0.3963963963963963,0.4736842105263158
1,2,2,0.83584845,0.8150242,0.8432852,0.5575221238938053,0.6272727272727272,0.3793103448275862
0,0,0,0.5900445,0.61645204,0.6040486,0.6213592233009708,0.4787234042553191,0.4444444444444444
0,0,1,0.6233566,0.6221727,0.6155847,0.5376344086021505,0.0,0.5543478260869565
0,0,2,0.5901767,0.63404876,0.6376945,0.6145833333333333,0.627906976744186,0.0
1,1,1,0.58157146,0.61611474,0.65289056,0.6599999999999999,0.0582524271844659,0.6603773584905661
1,1,1,0.6231562,0.6271002,0.6246232,0.4387755102040817,0.1489361702127659,0.5
1,1,1,0.6012068,0.6566192,0.52651715,0.5420560747663552,0.5288461538461539,0.4597701149425287
1,1,1,0.65744436,0.6184969,0.6564388,0.0652173913043477,0.5106382978723405,0.6813186813186813
1,1,1,0.64175653,0.5833985,0.64614105,0.4954128440366973,0.4554455445544554,0.4680851063829787
1,1,1,0.57262635,0.6133308,0.6101984,0.595959595959596,0.5242718446601942,0.4653465346534653
1,1,1,0.5684053,0.6559043,0.63840306,0.631578947368421,0.6304347826086957,0.0909090909090909
1,1,1,0.63534504,0.60563576,0.6553558,0.6111111111111112,0.5,0.6195652173913043
1,1,1,0.60643536,0.6268781,0.6796514,0.56,0.5154639175257731,0.431578947368421
1,1,2,0.684307,0.62247574,0.6112955,0.088235294117647,0.7127659574468085,0.3589743589743589
1,1,2,0.584646,0.63386476,0.6492344,0.6019417475728155,0.0495049504950495,0.61
1,1,2,0.6288649,0.605405,0.6330272,0.4329896907216495,0.4245283018867924,0.0927835051546391
1,1,2,0.64586854,0.6306323,0.6055846,0.5454545454545454,0.0957446808510638,0.4574468085106383
1,1,2,0.66819286,0.6582632,0.57684636,0.3333333333333333,0.6145833333333333,0.6237623762376238
1,1,2,0.63990223,0.6748598,0.6510814,0.0841121495327102,0.1132075471698113,0.0210526315789473
1,1,2,0.6197264,0.5917183,0.64061916,0.6019417475728155,0.4903846153846154,0.5526315789473684
1,1,2,0.6086552,0.6254009,0.6406765,0.3229166666666666,0.7021276595744681,0.5922330097087378
1,1,2,0.6105938,0.67919934,0.6750644,0.6767676767676767,0.505050505050505,0.0515463917525773
1,2,1,0.57434464,0.6653075,0.6601784,0.4757281553398058,0.74,0.5106382978723405
1,2,1,0.5248169,0.55130947,0.6780889,0.6435643564356436,0.4693877551020408,0.6060606060606061
1,2,1,0.62855744,0.65312564,0.666679,0.6407766990291262,0.6213592233009708,0.4615384615384615
1,2,1,0.61037046,0.6189279,0.63441265,0.6831683168316831,0.0909090909090909,0.5098039215686274
1,2,1,0.66966593,0.67995477,0.6697537,0.0638297872340425,0.09375,0.36
1,2,1,0.6929158,0.6549021,0.649426,0.1020408163265306,0.4271844660194175,0.06
1,2,1,0.67258114,0.6750961,0.57566553,0.5567010309278351,0.1111111111111111,0.48
1,2,1,0.6459623,0.6191844,0.59037673,0.4368932038834952,0.574468085106383,0.5800000000000001
1,2,1,0.609362,0.6261567,0.600423,0.6666666666666667,0.7127659574468085,0.5619047619047619
1,2,2,0.6128522,-0.00938708,0.6624852,0.607843137254902,0.3125,0.4629629629629629
1,2,2,0.5770217,0.6567913,0.6855782,0.6796116504854368,0.3854166666666666,0.46875
1,2,2,0.5711955,0.6602508,0.61214733,0.5089285714285714,0.3773584905660377,0.6060606060606061
1,2,2,0.63655573,0.6446426,0.6778139,0.021505376344086,0.5578947368421052,0.0909090909090909
1,2,2,0.65989923,0.59193605,0.5839853,0.0222222222222222,0.5092592592592593,0.6373626373626373
1,2,2,0.59678507,0.70452404,0.6690997,0.4901960784313726,0.5096153846153846,0.3870967741935484
1,2,2,0.5429374,0.6747165,0.6592026,0.6534653465346535,0.6875,0.594059405940594
1,2,2,0.6343986,0.6565453,0.5689091,0.3366336633663366,0.4565217391304348,0.5963302752293578
1,2,2,0.6661376,0.6601564,0.6050688,0.6415094339622642,0.4499999999999999,0.6237623762376238
0,0,0,0.53261554,0.821055,0.8151419,0.1162790697674418,0.4568965517241379,0.4782608695652174
0,0,1,0.36786586,0.58485395,0.20530698,0.6129032258064516,0.0,0.1388888888888888
0,0,2,0.46417147,0.7336366,-0.053209633,0.2692307692307693,0.625,0.0
1,1,1,0.6878057,0.79024005,0.5782949,0.3486238532110092,0.5892857142857143,0.5614035087719298
1,1,1,0.77999246,0.7207624,0.05833533,0.505050505050505,0.4903846153846154,0.0
1,1,1,0.6641306,0.7831002,0.6816613,0.5304347826086957,0.4649122807017544,0.2894736842105263
1,1,1,0.6844295,0.6956488,0.4385445,0.4396551724137931,0.4864864864864865,0.5263157894736843
1,1,1,0.76503724,0.7476048,0.03306415,0.4629629629629629,0.3097345132743363,0.5423728813559322
1,1,1,0.006506025,0.73694897,0.6297584,0.1333333333333333,0.4128440366972477,0.421875
1,1,1,0.51957154,0.7642901,0.42503703,0.4774774774774775,0.6126126126126126,0.4285714285714286
1,1,1,0.73453504,0.70420814,0.39772838,0.5225225225225225,0.4553571428571429,0.5897435897435898
1,1,1,0.74428755,0.69771713,0.48366344,0.6842105263157895,0.5132743362831859,0.0
1,1,2,0.6869825,0.7254076,0.43816227,0.5042735042735043,0.5206611570247934,0.5116279069767442
1,1,2,0.6865188,0.69769156,0.39956328,0.5135135135135135,0.3761467889908256,0.4347826086956522
1,1,2,0.6732341,0.7137253,0.34471738,0.4736842105263158,0.5784313725490196,0.2857142857142857
1,1,2,0.6370213,0.72709,0.34032595,0.6347826086956522,0.5294117647058824,0.5428571428571429
1,1,2,0.7750248,0.7592305,0.45024037,0.5739130434782609,0.3425925925925925,0.4805194805194805
1,1,2,0.7832734,0.6954415,0.336604,0.4695652173913043,0.5384615384615384,0.5303030303030303
1,1,2,0.6839653,0.7499773,0.57490045,0.4811320754716981,0.3853211009174312,0.5810810810810811
1,1,2,0.7388378,0.77254236,0.04945556,0.5338983050847458,0.364406779661017,0.1333333333333333
1,1,2,0.6447965,0.6291985,0.26773676,0.6,0.5480769230769231,0.5882352941176471
1,2,1,0.6262118,0.63839996,0.5347257,0.4583333333333333,0.5575221238938053,0.589041095890411
1,2,1,0.80043995,0.73775744,-0.06428286,0.4910714285714286,0.5983606557377049,0.0
1,2,1,0.7466808,0.73545843,0.26402894,0.3888888888888888,0.5309734513274336,0.5125
1,2,1,0.79547477,0.49227613,0.58727217,0.4672897196261683,0.6146788990825688,0.4705882352941176
1,2,1,0.6641872,0.7250462,0.37973452,0.6216216216216216,0.3272727272727272,0.4642857142857143
1,2,1,0.747187,0.69938636,0.3929103,0.5225225225225225,0.4782608695652174,0.59375
1,2,1,-0.040492546,0.5833276,0.48328328,0.0,0.5267857142857143,0.5068493150684932
1,2,1,0.76441723,0.75046957,0.048011463,0.6111111111111112,0.5641025641025641,0.4084507042253521
1,2,1,0.70687985,0.7127112,0.04945556,0.4649122807017544,0.5526315789473684,0.1333333333333333
1,2,2,0.6495497,0.71022946,0.64778966,0.4727272727272728,0.5217391304347826,0.5041322314049587
1,2,2,0.759562,0.776719,0.034856893,0.4183673469387755,0.4322033898305084,0.4935064935064935
1,2,2,0.73300886,0.736256,0.38926345,0.5769230769230769,0.5806451612903225,0.4727272727272728
1,2,2,0.64313424,0.7212118,0.5585562,0.625,0.5217391304347826,0.4333333333333333
1,2,2,0.7469659,0.80562264,0.5570164,0.5508474576271186,0.4705882352941176,0.4313725490196078
1,2,2,0.71454406,0.72105277,0.4206313,0.5867768595041323,0.546218487394958,0.4035087719298246
1,2,2,0.7214527,0.66741115,0.33722925,0.3859649122807017,0.6756756756756757,0.4166666666666666
1,2,2,0.7077565,0.77661026,0.47192174,0.5826086956521739,0.2782608695652173,0.6166666666666667
1,2,2,0.7252373,0.72741175,0.04548829,0.5272727272727273,0.4272727272727272,0.0
0,0,0,0.75147456,0.79280853,0.8136983,0.4553571428571429,0.2743362831858407,0.5
0,0,1,0.7874275,0.7469618,0.7769859,0.4957264957264957,0.4083333333333333,0.5221238938053097
0,0,2,0.75755024,0.7691141,0.7455609,0.5765765765765766,0.4473684210526315,0.3893805309734514
1,1,1,0.7955837,0.81708366,0.7727355,0.415929203539823,0.5338983050847458,0.6440677966101696
1,1,1,0.8024838,0.67275107,0.75359786,0.5132743362831859,0.6033057851239669,0.5357142857142857
1,1,1,0.66098404,0.6724546,0.83387667,0.6173913043478261,0.5384615384615384,0.6521739130434783
1,1,1,0.64211905,0.7125095,0.76692736,0.5,0.6956521739130435,0.5636363636363637
1,1,1,0.8409395,0.80669665,0.81253797,0.5806451612903225,0.3425925925925925,0.4642857142857143
1,1,1,0.8525056,0.8527181,0.8098228,0.3771929824561403,0.4867256637168141,0.5909090909090908
1,1,1,0.8239244,0.751036,0.63322204,0.4234234234234234,0.6186440677966102,0.4454545454545454
1,1,1,0.7359272,0.033738762,0.82090724,0.4033613445378151,0.0,0.5123966942148761
1,1,1,0.7816218,0.78459084,0.72505313,0.4736842105263158,0.4824561403508771,0.4375
1,1,2,0.7646489,0.6633773,0.7919097,0.6238532110091743,0.5596330275229358,0.4836065573770491
1,1,2,0.8579171,0.04247942,0.8023753,0.3611111111111111,0.0,0.5545454545454546
1,1,2,-0.057666942,0.6918522,0.688303,0.0,0.5754716981132075,0.4684684684684684
1,1,2,0.71592313,0.8328706,0.6682897,0.4705882352941176,0.3846153846153846,0.4601769911504425
1,1,2,0.8502014,0.7529145,0.81949985,0.4745762711864406,0.4919354838709677,0.4568965517241379
1,1,2,0.7912258,0.8878757,0.7690935,0.4406779661016949,0.4424778761061947,0.6428571428571428
1,1,2,0.7692472,0.6817702,0.8445517,0.5423728813559322,0.5229357798165137,0.4867256637168141
1,1,2,0.6527724,0.62858367,0.80091417,0.5126050420168067,0.5188679245283019,0.5961538461538461
1,1,2,0.8038951,0.7588412,0.78303456,0.5555555555555556,0.4615384615384615,0.4356435643564357
1,2,1,0.65507287,0.5419366,0.6793598,0.5431034482758621,0.576271186440678,0.5565217391304348
1,2,1,0.7839389,0.8507053,0.76639783,0.3636363636363636,0.5565217391304348,0.5652173913043479
1,2,1,0.8407894,0.85240114,0.64854705,0.4869565217391304,0.584070796460177,0.5045871559633027
1,2,1,0.82892656,0.86288387,0.6909055,0.4956521739130435,0.5405405405405406,0.4766355140186916
1,2,1,0.8106268,0.79814744,0.7097731,0.4181818181818182,0.4553571428571429,0.5135135135135135
1,2,1,0.8687055,0.0065392684,0.5931241,0.4745762711864406,0.0,0.5
1,2,1,0.7805729,0.84053075,0.63747036,0.5901639344262295,0.4672131147540983,0.5486725663716814
1,2,1,0.66782343,0.6831441,0.8333091,0.4821428571428571,0.4910714285714286,0.4504504504504504
1,2,1,0.78745085,0.76159036,0.70928544,0.3909090909090909,0.5517241379310345,0.504424778761062
1,2,2,0.7061275,0.8481078,0.8186184,0.4553571428571429,0.4761904761904761,0.4727272727272728
1,2,2,0.8251897,0.6025419,0.764725,0.3675213675213675,0.5405405405405406,0.584070796460177
1,2,2,0.82887626,-0.007153532,0.7851261,0.4152542372881356,0.0,0.5630252100840336
1,2,2,0.835527,0.7131094,0.6941385,0.4601769911504425,0.48,0.4358974358974359
1,2,2,0.83484,0.6994052,0.8377611,0.3947368421052631,0.4655172413793104,0.5181818181818182
1,2,2,0.8055387,0.051103484,0.87220496,0.4426229508196722,0.0,0.4553571428571429
1,2,2,0.78292286,0.772244,0.5613367,0.3697478991596639,0.5811965811965811,0.6036036036036037
1,2,2,0.79326296,0.794793,0.52221763,0.3660714285714286,0.4710743801652892,0.5185185185185186
1,2,2,0.7947105,0.6965038,0.7637352,0.4915254237288136,0.3508771929824561,0.5304347826086957
0,0,0,0.5658886,0.5780511,0.6444552,0.4464285714285714,0.5181818181818182,0.6017699115044248
0,0,1,0.6133908,0.60431695,0.69674337,0.3571428571428571,0.3389830508474576,0.5918367346938775
0,0,2,0.55188394,0.59822595,0.63060397,0.4913793103448276,0.4561403508771929,0.6160714285714286
1,1,1,0.7637651,0.5720871,0.7708787,0.5,0.4867256637168141,0.5480769230769231
1,1,1,0.7007324,0.5619174,0.6565769,0.5277777777777778,0.0689655172413793,0.4587155963302752
1,1,1,0.5583616,0.5846372,0.67331433,0.6146788990825688,0.5576923076923077,0.4864864864864865
1,1,1,0.79416627,0.7039559,0.6137104,0.495575221238938,0.4220183486238532,0.5504587155963303
1,1,1,0.5833675,0.62749594,0.84076166,0.3928571428571429,0.5714285714285714,0.617283950617284
1,1,1,0.6326599,0.57646567,0.5905482,0.5,0.4912280701754385,0.47
1,1,1,0.7726405,0.6268125,0.6144012,0.05,0.330188679245283,0.5185185185185186
1,1,1,0.7743854,0.6514809,0.70818853,0.5698924731182795,0.6176470588235294,0.4424778761061947
1,1,1,0.6054026,0.595677,0.7004146,0.5535714285714286,0.3070175438596491,0.5486725663716814
1,1,2,0.6203104,0.59874535,0.6873725,0.5811965811965811,0.4102564102564102,0.6019417475728155
1,1,2,0.6814746,0.5710038,0.6863794,0.5392156862745099,0.6086956521739131,0.4307692307692308
1,1,2,0.6260788,0.5960867,0.6703886,0.5315315315315315,0.5,0.4684684684684684
1,1,2,0.7394125,0.7049583,0.71786904,0.5,0.5818181818181818,0.3854166666666666
1,1,2,0.5977585,0.6786101,0.7355958,0.5,0.2549019607843137,0.5714285714285714
1,1,2,0.6158182,0.603544,0.6963748,0.6,0.4770642201834862,0.4403669724770642
1,1,2,0.5982814,0.5562346,0.7445339,0.4499999999999999,0.5446428571428572,0.4684684684684684
1,1,2,0.64485234,0.57525307,0.7239473,0.5517241379310345,0.495575221238938,0.5964912280701755
1,1,2,0.72172046,0.5204625,0.7487829,0.6283185840707964,0.4649122807017544,0.4845360824742268
1,2,1,0.6381738,0.5955516,0.85891277,0.6213592233009708,0.5727272727272728,0.1489361702127659
1,2,1,0.55542666,0.48433852,0.86034393,0.5948275862068966,0.5925925925925926,0.423728813559322
1,2,1,0.6612986,0.61397606,0.86764765,0.4272727272727272,0.4083333333333333,0.1666666666666666
1,2,1,0.71758693,0.52410156,0.7283547,0.5145631067961165,0.5765765765765766,0.4158415841584159
1,2,1,0.643693,0.56322193,0.5926821,0.5104166666666667,0.4594594594594594,0.4867256637168141
1,2,1,0.6481039,0.60507244,0.750986,0.5463917525773196,0.4144144144144144,0.5137614678899083
1,2,1,0.62839395,0.590397,0.7935679,0.3867924528301887,0.375,0.5
1,2,1,0.6026264,0.56171334,0.7006366,0.5663716814159292,0.5166666666666666,0.5523809523809524
1,2,1,0.74219894,0.5846921,0.6547203,0.4553571428571429,0.5377358490566038,0.3584905660377359
1,2,2,0.509233,0.54114246,0.7426083,0.5263157894736843,0.4909090909090909,0.5043478260869565
1,2,2,0.6990649,0.58328617,0.72661984,0.0645161290322581,0.3619047619047619,0.0666666666666666
1,2,2,0.6168741,0.64744264,0.62159324,0.5192307692307692,0.5391304347826087,0.4741379310344827
1,2,2,0.64421356,0.6382371,0.65004444,0.5739130434782609,0.5675675675675675,0.5566037735849056
1,2,2,0.6125104,0.6283939,0.7959651,0.5727272727272728,0.0454545454545454,0.5287356321839081
1,2,2,0.7421299,0.66142625,0.78378963,0.4854368932038835,0.4476190476190476,0.5800000000000001
1,2,2,0.6334432,0.6368396,0.69179136,0.4433962264150943,0.4607843137254902,0.4017857142857143
1,2,2,0.681288,0.68301314,0.6191685,0.054054054054054,0.0338983050847457,0.4259259259259259
1,2,2,0.7545407,0.63827485,0.77111137,0.5102040816326531,0.3913043478260869,0.5
0,0,0,0.7602655,0.7567502,0.7215303,0.4727272727272728,0.5405405405405406,0.5555555555555556
0,0,1,0.7279258,0.7548736,0.7756132,0.5294117647058824,0.3271028037383178,0.4117647058823529
0,0,2,0.7699884,0.67990017,0.77755785,0.5045045045045045,0.5882352941176471,0.4761904761904761
1,1,1,0.7834937,0.76146924,0.5692607,0.6055045871559632,0.3478260869565217,0.5
1,1,1,0.7459214,0.7387272,0.7775514,0.4454545454545454,0.5384615384615384,0.4666666666666667
1,1,1,0.7969501,0.71072394,0.7290151,0.3944954128440366,0.5871559633027523,0.5728155339805825
1,1,1,0.79247665,0.79923666,0.6735667,0.47,0.495049504950495,0.5603448275862069
1,1,1,0.81271964,0.7875403,0.7559659,0.3883495145631068,0.4173913043478261,0.5225225225225225
1,1,1,0.797922,0.76680076,0.7794404,0.6090909090909091,0.5892857142857143,0.4818181818181818
1,1,1,0.7766713,0.7542608,0.71066964,0.4406779661016949,0.537037037037037,0.5700934579439252
1,1,1,0.7193657,0.8095281,0.7631749,0.5964912280701755,0.5047619047619047,0.4399999999999999
1,1,1,0.80367464,0.7155054,0.72571635,0.3584905660377359,0.4476190476190476,0.5
1,1,2,0.7793494,0.7813246,0.759249,0.5585585585585586,0.4821428571428571,0.4672897196261683
1,1,2,0.7600666,0.7625623,0.6956226,0.5922330097087378,0.4655172413793104,0.5909090909090908
1,1,2,0.7912426,0.67635834,0.78381884,0.415929203539823,0.7,0.4272727272727272
1,1,2,0.7484113,0.77645606,0.7631865,0.5412844036697247,0.4545454545454546,0.5087719298245614
1,1,2,0.72556126,0.71885127,0.7459748,0.6422018348623852,0.5887850467289719,0.4907407407407407
1,1,2,0.7691357,0.7793772,0.7733762,0.5233644859813085,0.4811320754716981,0.4485981308411215
1,1,2,0.75171506,0.7443162,0.7130055,0.5321100917431192,0.4761904761904761,0.5263157894736843
1,1,2,0.7365382,0.77529216,0.71154267,0.5283018867924528,0.5849056603773585,0.6019417475728155
1,1,2,0.73585105,0.76246756,0.73920393,0.6666666666666667,0.4571428571428572,0.5575221238938053
1,2,1,0.82304645,0.74619424,0.78028494,0.4807692307692307,0.5700934579439252,0.4774774774774775
1,2,1,0.746405,0.7280009,0.7499188,0.4956521739130435,0.5,0.4454545454545454
1,2,1,0.75677836,0.7159246,0.7657359,0.543859649122807,0.5181818181818182,0.4018691588785047
1,2,1,0.7795036,0.7406868,0.79278374,0.4867256637168141,0.5545454545454546,0.4112149532710281
1,2,1,0.75730723,0.73549247,0.7074685,0.4018691588785047,0.4285714285714286,0.5981308411214954
1,2,1,0.7643554,0.7234624,0.7621418,0.4385964912280702,0.6545454545454545,0.4444444444444444
1,2,1,0.7275281,0.7648748,0.74749583,0.6057692307692308,0.5982142857142857,0.5545454545454546
1,2,1,0.78251094,0.7833319,0.7888112,0.5,0.4909090909090909,0.3142857142857143
1,2,1,0.79406965,0.7874232,0.76412725,0.5740740740740741,0.5700934579439252,0.5
1,2,2,0.83211285,0.743632,0.7034323,0.3853211009174312,0.5825242718446602,0.6018518518518519
1,2,2,0.7308277,0.8022275,0.73007363,0.6,0.5865384615384616,0.4545454545454546
1,2,2,0.706861,0.805613,0.7741399,0.5887850467289719,0.4144144144144144,0.4351851851851852
1,2,2,0.76895773,-0.09130955,0.7305919,0.6055045871559632,0.0,0.5585585585585586
1,2,2,0.75670314,0.81465685,0.7242679,0.485981308411215,0.4818181818181818,0.5247524752475248
1,2,2,0.7774247,0.7750053,0.723717,0.5089285714285714,0.5350877192982456,0.5462962962962963
1,2,2,0.74626327,0.7230607,0.7416052,0.4166666666666666,0.5625,0.514018691588785
1,2,2,0.76953286,0.7503933,0.71344465,0.4909090909090909,0.5818181818181818,0.69
1,2,2,0.7359741,0.73740244,0.75119644,0.4909090909090909,0.6698113207547169,0.5185185185185186
0,0,0,0.70736796,0.6916223,0.50121176,0.5737704918032787,0.5471698113207547,0.5714285714285714
0,0,1,0.694947,0.7615985,0.51954794,0.360655737704918,0.4322033898305084,0.4754098360655737
0,0,2,0.74777246,0.75003535,0.62777996,0.4416666666666666,0.5163934426229508,0.4516129032258065
1,1,1,0.67841834,0.59799516,0.60970664,0.4107142857142857,0.4758064516129032,0.375
1,1,1,0.7068761,0.7651134,0.7086656,0.5225225225225225,0.544,0.4181818181818182
1,1,1,0.6586498,0.7704062,0.76352954,0.5084745762711864,0.4833333333333333,0.453781512605042
1,1,1,0.65521467,0.68457144,0.7522884,0.5636363636363637,0.5575221238938053,0.4603174603174603
1,1,1,0.7091485,0.7298842,-0.054970663,0.5423728813559322,0.5079365079365079,0.0
1,1,1,0.71169245,0.6790932,0.75466174,0.4754098360655737,0.3982300884955752,0.3739837398373984
1,1,1,0.63837886,0.69287837,0.74444425,0.5041322314049587,0.4818181818181818,0.6015625
1,1,1,0.0033944938,0.74507385,0.67308867,0.0,0.4067796610169492,0.5849056603773585
1,1,1,0.65788215,0.7275598,0.6405306,0.3783783783783784,0.5585585585585586,0.7570093457943925
1,1,2,0.7270503,0.68664896,0.63302064,0.4272727272727272,0.4587155963302752,0.505050505050505
1,1,2,0.7418695,0.6924913,-0.027170215,0.5,0.4227642276422764,0.0
1,1,2,0.6788033,0.7390184,0.6966686,0.4608695652173913,0.5901639344262295,0.6115702479338843
1,1,2,0.7254223,0.43204832,0.6612607,0.3983050847457627,0.6057692307692308,0.6203703703703703
1,1,2,0.6417805,0.7104142,0.72695196,0.5,0.59375,0.5130434782608695
1,1,2,0.6783885,0.7485677,0.7016624,0.5132743362831859,0.5619834710743802,0.5229357798165137
1,1,2,0.7487954,0.6120593,0.62494904,0.6186440677966102,0.4769230769230769,0.5454545454545454
1,1,2,0.7273066,0.020043887,0.0121799335,0.3559322033898305,0.0,0.0
1,1,2,0.687178,-0.008611618,0.4935541,0.5169491525423728,0.0,0.5420560747663552
1,2,1,0.75817436,-0.045534603,0.6428166,0.5833333333333333,0.0,0.3057851239669421
1,2,1,0.73199564,0.7213655,0.74986655,0.3963963963963963,0.5206611570247934,0.4418604651162791
1,2,1,0.703622,0.71836877,0.6868489,0.3893129770992366,0.4049586776859504,0.4642857142857143
1,2,1,0.698179,0.68306804,0.68336886,0.4324324324324324,0.4214876033057851,0.5041322314049587
1,2,1,0.7578764,0.59933114,0.43896884,0.5041322314049587,0.4778761061946902,0.5254237288135593
1,2,1,0.74451995,0.64651024,-0.05497078,0.4830508474576271,0.5575221238938053,0.0
1,2,1,0.7406279,0.74738353,0.6292913,0.4333333333333333,0.6033057851239669,0.5294117647058824
1,2,1,-0.03570301,0.7104512,0.75748825,0.0,0.4479999999999999,0.4173228346456693
1,2,1,0.73907804,0.71475184,0.6427217,0.5714285714285714,0.5,0.5691056910569106
1,2,2,0.49050522,0.7035348,0.78680813,0.6759259259259259,0.376,0.6434782608695653
1,2,2,0.7187818,0.72051597,0.6028565,0.5,0.4838709677419355,0.3482142857142857
1,2,2,0.74531126,-0.05412514,0.71455127,0.453781512605042,0.0,0.5636363636363637
1,2,2,0.7267262,0.41771755,0.480408,0.525,0.5555555555555556,0.5982142857142857
1,2,2,-0.03333939,0.69852215,0.65055174,0.0,0.65625,0.5533980582524272
1,2,2,0.67534983,0.6609467,0.346295,0.4180327868852459,0.5546875,0.6481481481481481
1,2,2,0.73389864,0.7117064,0.070555225,0.4033613445378151,0.732824427480916,0.0
1,2,2,0.7377217,0.7092659,0.54074013,0.4601769911504425,0.4181818181818182,0.4757281553398058
1,2,2,0.7532923,0.7002826,0.47950524,0.4426229508196722,0.3693693693693693,0.4957983193277311
0,0,0,0.71991146,0.6586981,0.7296494,0.4566929133858267,0.475,0.5128205128205128
0,0,1,0.6537571,0.6787142,0.66541344,0.4672131147540983,0.6068376068376069,0.4765625
0,0,2,0.6280623,0.7096845,0.64260983,0.4789915966386554,0.5652173913043479,0.5213675213675213
1,1,1,0.7079802,0.64199126,0.61613166,0.6428571428571428,0.5486725663716814,0.5210084033613445
1,1,1,0.64483243,0.6598065,0.63070905,0.603448275862069,0.4054054054054054,0.5181818181818182
1,1,1,0.6949247,0.645677,0.6205317,0.6120689655172413,0.540983606557377,0.4695652173913043
1,1,1,0.63529474,0.6258207,0.7289715,0.6190476190476191,0.4210526315789473,0.5416666666666667
1,1,1,0.7146081,0.5969846,0.66655695,0.4017857142857143,0.5275590551181102,0.6036036036036037
1,1,1,0.6520937,0.6857856,0.78990847,0.3893805309734514,0.5254237288135593,0.6732673267326732
1,1,1,0.66054094,0.66347754,0.5632903,0.327433628318584,0.5225225225225225,0.532258064516129
1,1,1,0.6379268,0.63188505,0.6200924,0.5887096774193548,0.5289256198347108,0.5565217391304348
1,1,1,0.63818955,0.67730445,0.5299678,0.5826771653543308,0.5701754385964912,0.5652173913043479
1,1,2,0.6416962,0.64057213,0.66756463,0.3305084745762712,0.5537190082644627,0.5175438596491229
1,1,2,0.6518258,0.4560185,0.63335407,0.4830508474576271,0.6016949152542372,0.543859649122807
1,1,2,0.65665245,0.6389924,0.6314054,0.4642857142857143,0.575,0.4196428571428571
1,1,2,0.62930906,0.6671667,0.7134992,0.3888888888888888,0.5486725663716814,0.4188034188034187
1,1,2,0.6437688,0.68361694,0.65185165,0.6,0.5043478260869565,0.5658914728682171
1,1,2,0.6463377,0.6349932,0.5179132,0.4385964912280702,0.4499999999999999,0.5462962962962963
1,1,2,0.6653156,0.5835327,0.34915856,0.4732142857142857,0.5564516129032258,0.5950413223140496
1,1,2,0.040592,0.67924035,0.69602704,0.0,0.5943396226415094,0.4919354838709677
1,1,2,0.69540244,0.6220124,0.6385553,0.5726495726495726,0.717741935483871,0.409090909090909
1,2,1,0.63358796,0.6150885,0.7099918,0.5245901639344263,0.5350877192982456,0.5901639344262295
1,2,1,0.04823699,0.521044,0.7072447,0.125,0.6869565217391305,0.5161290322580645
1,2,1,0.64376545,0.55423415,0.59530723,0.5423728813559322,0.5982905982905983,0.5378151260504201
1,2,1,0.65655893,0.6656305,-0.038108964,0.4098360655737705,0.368421052631579,0.0
1,2,1,0.6493973,0.64462334,0.58716244,0.5126050420168067,0.4919354838709677,0.5689655172413793
1,2,1,0.66986614,0.6526569,0.6488546,0.5476190476190477,0.5161290322580645,0.5614035087719298
1,2,1,0.55979747,0.61839706,0.6810854,0.4761904761904761,0.4913793103448276,0.5631067961165048
1,2,1,0.60941863,0.6291381,0.6957271,0.5630252100840336,0.5982142857142857,0.4705882352941176
1,2,1,0.6379479,0.6835086,0.65841126,0.5365853658536586,0.5652173913043479,0.5535714285714286
1,2,2,0.6557534,0.76237106,0.600314,0.5495495495495495,0.6694214876033058,0.3559322033898305
1,2,2,0.6970686,0.6256043,0.59531355,0.5526315789473684,0.5123966942148761,0.5517241379310345
1,2,2,0.62873673,0.65558773,0.67225504,0.5289256198347108,0.5128205128205128,0.5726495726495726
1,2,2,0.6130775,0.69963855,0.6163442,0.6610169491525424,0.5,0.543859649122807
1,2,2,0.63463867,0.5994376,-0.062271826,0.3559322033898305,0.6097560975609756,0.0
1,2,2,0.6492968,0.71712583,0.60262835,0.3247863247863247,0.4782608695652174,0.5581395348837209
1,2,2,0.73213255,0.6286936,0.6328672,0.4499999999999999,0.5263157894736843,0.639344262295082
1,2,2,0.64513004,0.59022295,0.61873186,0.6611570247933884,0.4590163934426229,0.4224137931034483
1,2,2,0.7348382,0.6433002,0.6885468,0.3703703703703703,0.4907407407407407,0.4495412844036697
0,0,0,0.8099712,0.8251029,0.81732047,0.2966101694915254,0.375,0.5042016806722689
0,0,1,0.7895808,0.80891097,0.8628336,0.3454545454545454,0.5702479338842975,0.4181818181818182
0,0,2,0.77513236,0.8327458,0.83662987,0.4016393442622951,0.5087719298245614,0.4285714285714286
1,1,1,0.6981934,0.8368089,-0.021715268,0.5508474576271186,0.4262295081967213,0.0
1,1,1,0.8148051,0.80338633,0.8267387,0.6422764227642277,0.4435483870967742,0.4029850746268657
1,1,1,0.8239448,0.84555566,0.86293364,0.5575221238938053,0.4435483870967742,0.5175438596491229
1,1,1,0.79796183,0.81963116,0.84591424,0.5793650793650793,0.5078125,0.4128440366972477
1,1,1,0.8156155,0.8334619,0.8027776,0.5343511450381679,0.339622641509434,0.5714285714285714
1,1,1,0.8319701,0.82797927,0.8521178,0.4873949579831933,0.4380165289256198,0.3333333333333333
1,1,1,0.85396045,0.81938016,0.8251071,0.5169491525423728,0.4715447154471545,0.4561403508771929
1,1,1,0.8451741,0.7916109,0.79286414,0.5596330275229358,0.52,0.4380165289256198
1,1,1,0.66643906,0.8274573,0.85737354,0.5789473684210527,0.4188034188034187,0.5225225225225225
1,1,2,0.83194715,-0.035811234,0.5054055,0.4365079365079365,0.0,0.5
1,1,2,0.828357,0.8014892,0.8227047,0.5,0.4418604651162791,0.4782608695652174
1,1,2,0.7966194,0.78645045,-0.06761707,0.3693693693693693,0.5752212389380531,0.0
1,1,2,0.8270724,0.8246629,0.8364649,0.4365079365079365,0.4651162790697675,0.5483870967741935
1,1,2,-0.077118635,0.82857525,0.8540931,0.0,0.5447154471544715,0.6186440677966102
1,1,2,0.83543557,0.84217227,0.8340408,0.4363636363636364,0.5137614678899083,0.5084745762711864
1,1,2,0.8371712,0.0070851278,0.84780884,0.512,0.0,0.4462809917355371
1,1,2,0.6394752,0.7774717,0.119592056,0.3508771929824561,0.5079365079365079,0.0
1,1,2,0.8494826,0.8138306,0.85819197,0.5596330275229358,0.5238095238095238,0.48
1,2,1,0.8161634,0.8320415,0.8511532,0.5630252100840336,0.3636363636363636,0.5039370078740157
1,2,1,0.84467447,0.85522544,0.827067,0.4196428571428571,0.4135338345864662,0.4117647058823529
1,2,1,0.8317556,0.8159497,0.8549166,0.3839285714285714,0.4016393442622951,0.4803149606299213
1,2,1,0.8249787,0.81579363,0.82375145,0.3553719008264463,0.5631067961165048,0.4645669291338582
1,2,1,0.8141738,0.7916001,0.8522954,0.4128440366972477,0.4916666666666667,0.3879310344827587
1,2,1,0.8349366,0.8482841,0.82995355,0.6,0.4678899082568807,0.4365079365079365
1,2,1,0.7991687,0.8129152,0.67343545,0.5350877192982456,0.4424778761061947,0.4862385321100917
1,2,1,0.8620064,0.8243982,0.8472285,0.5086206896551724,0.3770491803278688,0.5826086956521739
1,2,1,0.8353393,0.79890144,0.8566509,0.6666666666666667,0.4032258064516129,0.2931034482758621
1,2,2,-0.08006094,0.7948903,0.8635203,0.0,0.392,0.56
1,2,2,0.8304627,-0.08446398,0.8704312,0.4285714285714286,0.0,0.6454545454545455
1,2,2,0.7571007,0.8104106,0.85088956,0.3032786885245901,0.453781512605042,0.4380165289256198
1,2,2,0.82157624,0.79733145,0.84136534,0.5391304347826087,0.5416666666666667,0.4117647058823529
1,2,2,0.82831633,0.8189634,-0.10164631,0.5546218487394958,0.4324324324324324,0.0
1,2,2,0.8456081,0.8081714,0.83022505,0.5736434108527132,0.4566929133858267,0.4108527131782945
1,2,2,0.83660626,0.8059688,0.860203,0.371900826446281,0.4146341463414634,0.5853658536585367
1,2,2,0.8287834,0.8341335,0.80678296,0.4471544715447154,0.5537190082644627,0.3790322580645161
1,2,2,0.8139363,0.83820087,0.8471141,0.3852459016393442,0.4913793103448276,0.4188034188034187
0,0,0,0.49727556,0.5342616,0.6771693,0.0,0.0,0.5454545454545454
0,0,1,0.5011121,0.8902192,0.2029673,0.1764705882352941,0.4056603773584906,0.0
0,0,2,0.5427692,0.47186622,0.7289001,0.0,0.3809523809523809,0.5081967213114754
1,1,1,0.13553195,0.20041636,0.49914238,0.0,0.0,0.0869565217391304
1,1,1,0.4730257,0.13069482,0.058284193,0.0,0.1923076923076923,0.0
1,1,1,0.51477534,0.9147291,0.058284193,0.1666666666666666,0.5309734513274336,0.0
1,1,1,0.472081,0.72265935,0.83743787,0.3529411764705882,0.1724137931034483,0.5041322314049587
1,1,1,0.43950582,0.16843495,0.8334884,0.3571428571428571,0.0,0.578512396694215
1,1,1,-0.009848312,0.49183393,0.6680244,0.4285714285714286,0.6306306306306306,0.4732142857142857
1,1,1,0.10229458,0.416968,0.74585307,0.2777777777777778,0.0,0.5929203539823009
1,1,1,0.8084201,0.7798531,0.7011811,0.4957264957264957,0.546218487394958,0.5384615384615384
1,1,1,0.8693062,0.13948461,0.5757787,0.4621848739495798,0.2941176470588235,0.5221238938053097
1,1,2,0.8792426,0.77202284,0.8833575,0.495049504950495,0.4957983193277311,0.4262295081967213
1,1,2,0.9088113,0.110140875,0.6736336,0.5363636363636364,0.4166666666666666,0.3947368421052631
1,1,2,0.633385,0.64005077,0.5071652,0.5752212389380531,0.5913043478260869,0.4196428571428571
1,1,2,0.60269636,0.8832466,0.87464833,0.1132075471698113,0.5338983050847458,0.5673076923076923
1,1,2,0.8745084,0.6544735,0.88636166,0.3613445378151261,0.4499999999999999,0.5299145299145299
1,1,2,0.6341412,0.53262526,-0.012707841,0.5916666666666667,0.5916666666666667,0.6111111111111112
1,1,2,0.11055507,0.42460924,0.54974794,0.4615384615384615,0.0,0.2727272727272727
1,1,2,0.68788075,0.529313,0.5745965,0.1923076923076923,0.1785714285714286,0.5454545454545454
1,1,2,0.45271283,0.7367058,0.5713922,0.1515151515151515,0.5169491525423728,0.1923076923076923
1,2,1,0.51790524,0.681853,0.38516933,0.1764705882352941,0.0,0.3333333333333333
1,2,1,0.76908517,0.30009544,0.5361625,0.5447154471544715,0.4375,0.0
1,2,1,0.6103173,0.74168044,0.76610225,0.2631578947368421,0.0,0.4796747967479674
1,2,1,0.7717043,0.47965708,0.7480475,0.6178861788617886,0.2272727272727273,0.1666666666666666
1,2,1,0.5963292,0.18357469,0.7776919,0.1578947368421053,0.5,0.4789915966386554
1,2,1,0.9225993,0.25173888,0.48874852,0.4642857142857143,0.5,0.1999999999999999
1,2,1,0.26452762,0.70523554,0.7459041,0.0,0.652542372881356,0.5166666666666666
1,2,1,0.10328546,0.43143076,0.8537703,0.0,0.3333333333333333,0.5213675213675213
1,2,1,0.23518062,0.8279853,-0.03612213,0.217391304347826,0.5752212389380531,0.5
1,2,2,0.51790524,0.6170739,0.86647457,0.3,0.5945945945945945,0.368421052631579
1,2,2,0.1953631,0.47849256,0.86539245,0.3947368421052631,0.3125,0.0
1,2,2,0.47490317,0.2817981,0.7120441,0.1388888888888888,0.0,0.5486725663716814
1,2,2,0.7884427,0.7199503,0.7256204,0.3790322580645161,0.5882352941176471,0.3739130434782608
1,2,2,0.7435145,-0.041986607,0.8759037,0.5,0.0,0.5739130434782609
1,2,2,0.6664636,0.08711882,0.86360824,0.4036697247706422,0.0,0.6106194690265487
1,2,2,0.8196402,0.5143171,0.7356293,0.4260869565217391,0.4913793103448276,0.5865384615384616
1,2,2,-0.039669335,0.8775497,0.9250361,0.0,0.5833333333333333,0.5887096774193548
1,2,2,0.5606371,0.5145922,0.7234877,0.15,0.1666666666666666,0.5537190082644627
0,0,0,0.6767175,0.1488665,0.5981483,0.217391304347826,0.0,0.364406779661017
0,0,1,0.59253466,0.21200365,0.5316942,0.4793388429752065,0.0,0.0
0,0,2,0.5593898,0.36054665,0.6788467,0.4150943396226415,0.2857142857142857,0.4666666666666667
1,1,1,0.59105426,0.6775626,0.60205615,0.1153846153846154,0.5042735042735043,0.4833333333333333
1,1,1,0.37013587,0.5708884,0.59734535,0.2272727272727273,0.0,0.4568965517241379
1,1,1,0.56926113,0.23623711,0.6033435,0.2352941176470588,0.1666666666666666,0.4952380952380952
1,1,1,0.58311355,0.6459944,0.4234839,0.0,0.1999999999999999,0.0
1,1,1,0.57195556,0.69876194,0.67064095,0.1111111111111111,0.5952380952380952,0.4351851851851852
1,1,1,0.13400084,0.7164231,0.56725305,0.0,0.1612903225806451,0.504424778761062
1,1,1,0.34786645,0.08691336,0.6222513,0.0,0.4117647058823529,0.4869565217391304
1,1,1,0.6609494,0.2685504,0.21333444,0.0,0.0,0.3333333333333333
1,1,1,0.24024035,0.24237044,0.6395329,0.0,0.0,0.5094339622641509
1,1,2,0.56469595,0.54569435,0.6054206,0.5454545454545454,0.1578947368421053,0.5289256198347108
1,1,2,-0.00244857,0.14679036,0.6244153,0.0,0.0,0.3076923076923077
1,1,2,0.58183515,0.59891653,0.65428793,0.0,0.1388888888888888,0.5327102803738317
1,1,2,0.64456475,0.37936926,0.66479623,0.4173913043478261,0.1851851851851852,0.544
1,1,2,0.60168695,0.67078507,0.6834048,0.375,0.0909090909090909,0.6371681415929203
1,1,2,0.6687237,0.6129197,0.61391664,0.0,0.5217391304347826,0.5833333333333333
1,1,2,0.6446721,0.7326831,0.5755342,0.1666666666666666,0.5983606557377049,0.4403669724770642
1,1,2,0.5660114,0.20994729,0.1038032,0.073170731707317,0.0,0.0
1,1,2,0.63988554,0.5503942,0.6705796,0.217391304347826,0.0,0.0
1,2,1,0.2804299,0.2528374,0.14220299,0.2631578947368421,0.0,0.368421052631579
1,2,1,0.5866562,0.27789462,0.66755533,0.175,0.0,0.5079365079365079
1,2,1,0.5896307,0.39442644,0.6303581,0.0,0.24,0.368421052631579
1,2,1,0.7250521,0.21333444,0.73245597,0.1666666666666666,0.1999999999999999,0.4193548387096774
1,2,1,0.5049629,0.25283876,0.64126766,0.1470588235294118,0.1724137931034483,0.6727272727272727
1,2,1,0.011794228,0.37472558,0.66892195,0.0,0.217391304347826,0.4553571428571429
1,2,1,0.23364007,0.42864728,0.68794787,0.0,0.1785714285714286,0.423728813559322
1,2,1,0.6590718,0.56926113,0.64889324,0.1999999999999999,0.1875,0.4347826086956522
1,2,1,0.68515426,0.26895612,0.5090909,0.1162790697674418,0.25,0.5283018867924528
1,2,2,0.64816356,0.5970099,0.6992429,0.4128440366972477,0.1666666666666666,0.5546218487394958
1,2,2,0.6022936,0.2851929,0.56817734,0.4369747899159664,0.3125,0.415929203539823
1,2,2,0.4913176,0.688948,0.47728562,0.5357142857142857,0.5079365079365079,0.6341463414634146
1,2,2,0.63565886,0.31262177,0.6582637,0.5517241379310345,0.2272727272727273,0.5431034482758621
1,2,2,0.56241953,0.6042093,0.6511998,0.5378151260504201,0.4369747899159664,0.5288461538461539
1,2,2,0.6694032,0.6481782,0.64820504,0.1388888888888888,0.5470085470085471,0.6470588235294117
1,2,2,0.7003718,0.6831471,0.7286787,0.423728813559322,0.1282051282051282,0.4615384615384615
1,2,2,0.67245376,0.64263266,0.73303306,0.1515151515151515,0.5663716814159292,0.6260869565217391
1,2,2,0.614792,0.4069973,0.69150347,0.1923076923076923,0.5818181818181818,0.5714285714285714
0,0,0,0.72240376,0.76667166,0.78668237,0.6476190476190475,0.5353535353535354,0.4174757281553398
0,0,1,0.7858329,0.82464755,0.7586361,0.4956521739130435,0.4594594594594594,0.5145631067961165
0,0,2,0.7564678,0.7943475,0.748549,0.4285714285714286,0.5046728971962617,0.5673076923076923
1,1,1,0.70496213,0.61190754,0.80049706,0.5042735042735043,0.5504587155963303,0.5652173913043479
1,1,1,0.8008365,0.78631985,0.8114306,0.4956521739130435,0.5181818181818182,0.4454545454545454
1,1,1,0.773637,0.7691622,0.73252463,0.5048543689320388,0.4912280701754385,0.6090909090909091
1,1,1,0.79934967,0.74256074,0.84358877,0.5700934579439252,0.5229357798165137,0.4774774774774775
1,1,1,0.76323485,0.81238794,0.7710923,0.5344827586206897,0.65625,0.4387755102040817
1,1,1,0.7431383,0.74330306,0.8233727,0.5263157894736843,0.59375,0.5092592592592593
1,1,1,0.78011847,0.78492916,0.7271004,0.3728813559322034,0.4842105263157894,0.5258620689655172
1,1,1,0.8141876,0.7993462,0.8200065,0.5486725663716814,0.5855855855855856,0.6699029126213591
1,1,1,0.8129569,0.7718625,0.80235934,0.5739130434782609,0.5,0.4727272727272728
1,1,2,0.7074898,0.78136015,0.7774057,0.5454545454545454,0.4958677685950413,0.5545454545454546
1,1,2,0.75552213,0.7738645,0.7642635,0.5272727272727273,0.5979381443298969,0.5086206896551724
1,1,2,0.7743268,0.7522071,0.75658315,0.5089285714285714,0.5412844036697247,0.48
1,1,2,0.7855353,0.82517254,0.83599955,0.5833333333333333,0.5,0.3981481481481481
1,1,2,0.7860818,0.80873644,0.7680656,0.5128205128205128,0.4912280701754385,0.4732142857142857
1,1,2,0.83153725,0.815315,0.71844923,0.3962264150943396,0.4649122807017544,0.3928571428571429
1,1,2,0.78195226,0.7813423,0.81654865,0.5648148148148149,0.6037735849056604,0.5897435897435898
1,1,2,0.8130827,0.7406969,0.7945751,0.6018518518518519,0.5491803278688525,0.4326923076923077
1,1,2,0.6064135,0.8411059,0.8195392,0.5294117647058824,0.6160714285714286,0.5420560747663552
1,2,1,0.7601607,0.78406507,0.82452774,0.5800000000000001,0.364406779661017,0.5809523809523809
1,2,1,0.72197884,0.7759061,0.77664685,0.6018518518518519,0.4351851851851852,0.4561403508771929
1,2,1,0.71250266,0.84351516,0.8027221,0.376068376068376,0.3486238532110092,0.4867256637168141
1,2,1,0.7502706,0.5777991,0.7929665,0.5178571428571428,0.5892857142857143,0.5948275862068966
1,2,1,0.7014064,0.80689055,0.79280025,0.6016949152542372,0.5887850467289719,0.5051546391752577
1,2,1,0.8146001,0.8105295,0.7554561,0.4424778761061947,0.3796296296296296,0.4122807017543859
1,2,1,0.7567012,0.6783824,0.77195936,0.5391304347826087,0.5092592592592593,0.5045871559633027
1,2,1,0.84389085,0.8061807,0.7794998,0.5925925925925926,0.5172413793103448,0.5754716981132075
1,2,1,0.773656,0.8304881,0.83718103,0.4521739130434783,0.5294117647058824,0.396551724137931
1,2,2,0.783236,0.5702801,0.84131646,0.5132743362831859,0.5655737704918034,0.4684684684684684
1,2,2,0.7459209,0.7906526,0.8317015,0.5514018691588785,0.5765765765765766,0.4513274336283186
1,2,2,0.803486,0.8142458,0.8245921,0.4471544715447154,0.6605504587155964,0.4913793103448276
1,2,2,0.7977005,0.808884,0.7838775,0.475,0.5412844036697247,0.4188034188034187
1,2,2,0.7054874,0.8172691,0.7674632,0.4285714285714286,0.5714285714285714,0.6120689655172413
1,2,2,0.7765626,0.82321274,0.7469119,0.3688524590163934,0.4649122807017544,0.5412844036697247
1,2,2,0.7841161,0.78089964,0.8157499,0.6403508771929824,0.5652173913043479,0.4479166666666666
1,2,2,0.80185604,0.8060036,0.78434855,0.5775862068965517,0.514018691588785,0.4736842105263158
1,2,2,0.77421176,0.787883,0.7339207,0.5523809523809524,0.4144144144144144,0.5233644859813085
0,0,0,0.88654196,0.70732963,0.88151145,0.4590163934426229,0.4833333333333333,0.5178571428571428
0,0,1,0.11048196,0.5669091,0.039365523,0.4375,0.5391304347826087,0.0
0,0,2,0.87699986,0.68864125,-0.07424511,0.5603448275862069,0.4867256637168141,0.3571428571428571
1,1,1,0.84559864,0.7275809,0.9091004,0.4951456310679611,0.6134453781512605,0.5652173913043479
1,1,1,0.8843737,0.5708116,0.7578453,0.4919354838709677,0.0952380952380952,0.5
1,1,1,0.84520376,0.4322459,0.77389455,0.4259259259259259,0.5178571428571428,0.5478260869565217
1,1,1,0.8548602,0.7522644,0.8807485,0.4351851851851852,0.4608695652173913,0.4297520661157025
1,1,1,0.9116341,0.70559955,0.8938254,0.4242424242424242,0.4956521739130435,0.5378151260504201
1,1,1,0.8998313,0.77434754,0.8786108,0.3762376237623762,0.5357142857142857,0.3853211009174312
1,1,1,0.61875355,0.74018836,0.90187097,0.4409448818897638,0.552,0.5943396226415094
1,1,1,0.8832277,0.58896303,0.85289717,0.4857142857142857,0.4907407407407407,0.5535714285714286
1,1,1,0.9055774,0.77743685,0.8769697,0.5339805825242718,0.4424778761061947,0.5
1,1,2,0.89906585,0.78364784,0.6359954,0.4690265486725663,0.4732142857142857,0.5819672131147541
1,1,2,0.8764795,0.6247068,0.8918785,0.3944954128440366,0.4375,0.504424778761062
1,1,2,0.86666006,0.6437716,0.8878363,0.5130434782608695,0.5263157894736843,0.4954128440366973
1,1,2,0.85244703,0.6755228,0.7964035,0.423728813559322,0.6209677419354839,0.4220183486238532
1,1,2,0.8789552,0.6817303,0.83956397,0.5045871559633027,0.4916666666666667,0.5
1,1,2,0.8893438,0.7460782,0.87644523,0.5172413793103448,0.4786324786324786,0.4453781512605042
1,1,2,0.0027266461,0.77065,0.5855504,0.0,0.5726495726495726,0.5596330275229358
1,1,2,0.38526416,0.8111464,0.8552882,0.6039603960396039,0.4636363636363636,0.4690265486725663
1,1,2,0.8528905,0.67695856,-0.051925052,0.4579439252336449,0.4049586776859504,0.0
1,2,1,0.85974324,0.78611696,0.7451268,0.4368932038834952,0.5092592592592593,0.6071428571428572
1,2,1,0.8749263,0.6852427,0.8860011,0.453781512605042,0.5546218487394958,0.4690265486725663
1,2,1,0.8871337,0.61787575,0.85631067,0.4035087719298246,0.4705882352941176,0.5405405405405406
1,2,1,0.8875717,0.80471283,0.8008361,0.5867768595041323,0.4957983193277311,0.5514018691588785
1,2,1,0.863835,-0.006787502,0.8727319,0.3916666666666667,0.0,0.5688073394495412
1,2,1,0.8406258,0.74971795,0.85126007,0.5045045045045045,0.4649122807017544,0.392
1,2,1,0.8901205,0.020931482,0.8725837,0.4444444444444444,0.0,0.537037037037037
1,2,1,0.869117,0.84826374,0.8765929,0.4752475247524752,0.5691056910569106,0.0555555555555555
1,2,1,0.8589159,0.7208361,0.8510705,0.4210526315789473,0.4468085106382978,0.3529411764705882
1,2,2,0.8504409,0.721272,0.87051857,0.5877192982456141,0.5172413793103448,0.4343434343434343
1,2,2,0.87779534,0.7912803,0.9008769,0.415929203539823,0.5486725663716814,0.4782608695652174
1,2,2,0.87136793,0.69518054,0.85890687,0.5135135135135135,0.048780487804878,0.4913793103448276
1,2,2,0.88742554,0.74459195,0.8031521,0.5526315789473684,0.5984251968503937,0.6260869565217391
1,2,2,0.88191736,0.7973932,0.87485564,0.5344827586206897,0.6,0.4408602150537635
1,2,2,0.73494595,0.63621104,0.9053105,0.3523809523809523,0.4745762711864406,0.4711538461538461
1,2,2,0.87554336,0.72338146,0.04457365,0.3577981651376146,0.5726495726495726,0.0
1,2,2,0.8862959,0.6797545,0.8725859,0.3796296296296296,0.24,0.6071428571428572
1,2,2,0.8542825,0.74805474,0.8526059,0.5181818181818182,0.4736842105263158,0.0606060606060605
0,0,0,0.8454251,0.83749807,0.86114514,0.3666666666666667,0.3873873873873874,0.4628099173553719
0,0,1,0.85687625,0.8366612,0.82565963,0.5454545454545454,0.3909090909090909,0.5333333333333333
0,0,2,0.8572992,0.83064806,0.84945196,0.4661016949152542,0.1999999999999999,0.5333333333333333
1,1,1,0.85539913,0.84279543,0.84699273,0.5769230769230769,0.3504273504273504,0.4789915966386554
1,1,1,0.82049197,0.84294844,0.84502184,0.4385964912280702,0.4347826086956522,0.3391304347826087
1,1,1,0.7809019,0.7976815,0.844296,0.3697478991596639,0.5289256198347108,0.4128440366972477
1,1,1,0.7805953,0.8428972,0.796785,0.4285714285714286,0.540983606557377,0.3539823008849557
1,1,1,0.8374133,0.8453858,0.8357185,0.3884297520661157,0.5289256198347108,0.5546218487394958
1,1,1,0.84771466,0.8388213,0.8521378,0.4322033898305084,0.6160714285714286,0.5398230088495575
1,1,1,0.80143213,0.84208775,0.8408884,0.5304347826086957,0.4827586206896551,0.5535714285714286
1,1,1,0.86089444,0.8333405,0.8571294,0.4392523364485982,0.4390243902439024,0.4583333333333333
1,1,1,0.858529,0.8201214,0.8486875,0.5130434782608695,0.4260869565217391,0.5284552845528455
1,1,2,0.8522574,0.8687315,0.8466891,0.4700854700854701,0.4786324786324786,0.4951456310679611
1,1,2,0.84749234,0.8198295,0.82494503,0.4867256637168141,0.4310344827586206,0.3805309734513274
1,1,2,0.8464092,0.73901474,0.84752953,0.4830508474576271,0.7155172413793103,0.5123966942148761
1,1,2,0.8722177,0.81439346,0.7941406,0.4741379310344827,0.6271186440677966,0.5084745762711864
1,1,2,0.8639964,0.86281437,0.87052,0.528,0.5905511811023623,0.5315315315315315
1,1,2,0.8480728,0.83063555,0.7885673,0.4956521739130435,0.6186440677966102,0.5126050420168067
1,1,2,0.7482052,0.8506504,0.7113536,0.3898305084745762,0.5714285714285714,0.4957983193277311
1,1,2,0.7111615,0.8589214,0.82906663,0.5614035087719298,0.0181818181818181,0.4385964912280702
1,1,2,0.8382448,0.836759,0.79022074,0.5272727272727273,0.5344827586206897,0.5619834710743802
1,2,1,0.8400198,0.8548004,0.85213995,0.3925233644859813,0.4778761061946902,0.5663716814159292
1,2,1,0.85706437,0.8341768,0.8789698,0.2427184466019417,0.4811320754716981,0.4035087719298246
1,2,1,0.8283314,0.77713305,0.8370621,0.4957983193277311,0.3619047619047619,0.4830508474576271
1,2,1,0.7959512,0.8386847,0.84356296,0.4782608695652174,0.5470085470085471,0.432
1,2,1,0.8655432,0.809806,0.8566003,0.6140350877192983,0.396551724137931,0.4666666666666667
1,2,1,0.7706115,0.854344,0.86587095,0.4583333333333333,0.4782608695652174,0.6574074074074074
1,2,1,0.8225125,0.8095437,0.82049745,0.4262295081967213,0.4958677685950413,0.5
1,2,1,0.8569036,0.8303592,0.85006356,0.3478260869565217,0.4545454545454546,0.6115702479338843
1,2,1,0.8410765,0.8635526,0.86027807,0.5775862068965517,0.3278688524590164,0.3833333333333333
1,2,2,0.83606875,0.80803233,0.83450484,0.5726495726495726,0.4603174603174603,0.5217391304347826
1,2,2,0.8578341,0.8439199,0.84145665,0.7073170731707317,0.4528301886792453,0.5423728813559322
1,2,2,0.77300215,0.79038036,0.8578437,0.5172413793103448,0.425,0.5423728813559322
1,2,2,0.8180396,0.83621454,0.81815886,0.5229357798165137,0.4583333333333333,0.4700854700854701
1,2,2,0.8504374,0.821496,0.83773685,0.584070796460177,0.5217391304347826,0.5575221238938053
1,2,2,0.8300699,0.81558454,0.8443124,0.4786324786324786,0.4672131147540983,0.4188034188034187
1,2,2,0.85127884,0.8426274,0.794302,0.453781512605042,0.5619047619047619,0.5726495726495726
1,2,2,0.83598644,0.80953914,0.7914599,0.5932203389830508,0.4684684684684684,0.5677966101694916
1,2,2,0.8631295,0.8209763,0.84702975,0.4234234234234234,0.4180327868852459,0.4444444444444444
0,0,0,0.5751116,0.5380751,0.53407997,0.5135135135135135,0.4958677685950413,0.4336283185840708
0,0,1,0.5356793,0.61916316,0.523484,0.2195121951219512,0.6460176991150443,0.5652173913043479
0,0,2,0.555365,0.5042234,0.5655577,0.3888888888888888,0.4112903225806451,0.6956521739130435
1,1,1,0.5781325,0.55736434,0.5165376,0.4545454545454546,0.5847457627118644,0.5363636363636364
1,1,1,0.5132589,0.58763564,0.5551162,0.4083333333333333,0.5495495495495495,0.6016949152542372
1,1,1,0.58957565,0.53032446,0.01764261,0.4869565217391304,0.5,0.0
1,1,1,0.4693751,0.60452557,0.55855834,0.5081967213114754,0.5663716814159292,0.4957983193277311
1,1,1,0.56321836,0.54077387,0.55391383,0.4957983193277311,0.5327868852459017,0.6260162601626016
1,1,1,0.6263546,0.5468102,0.5714615,0.5932203389830508,0.4915254237288136,0.4363636363636364
1,1,1,0.63704634,0.5735452,0.5521953,0.5,0.4576271186440678,0.5916666666666667
1,1,1,0.57953477,0.5335262,0.56034064,0.5384615384615384,0.4628099173553719,0.3770491803278688
1,1,1,0.5835415,0.60746956,0.5710243,0.628099173553719,0.6239316239316239,0.4426229508196722
1,1,2,0.51794636,0.5912937,-0.0037518367,0.55,0.5677966101694916,0.1333333333333333
1,1,2,-0.02156157,0.53424716,0.5956997,0.5,0.4462809917355371,0.4661016949152542
1,1,2,0.55511785,0.5355217,0.5667963,0.5680000000000001,0.4354838709677419,0.5378151260504201
1,1,2,0.61425656,0.5549239,0.5429797,0.4796747967479674,0.4666666666666667,0.5132743362831859
1,1,2,0.5691242,0.5607096,0.58729583,0.5737704918032787,0.5641025641025641,0.5855855855855856
1,1,2,0.5572746,-0.008807572,0.5350772,0.4715447154471545,0.0,0.5086206896551724
1,1,2,0.6158296,0.5815474,0.5222007,0.6173913043478261,0.6065573770491803,0.5663716814159292
1,1,2,0.5906326,0.58135766,0.49655157,0.4298245614035088,0.5714285714285714,0.4745762711864406
1,1,2,0.5833281,0.6188568,0.59263855,0.4308943089430894,0.5619834710743802,0.5350877192982456
1,2,1,0.5595028,0.5557499,0.5931741,0.4214876033057851,0.475,0.5862068965517242
1,2,1,0.58065784,0.6667235,0.58483636,0.4710743801652892,0.5585585585585586,0.4399999999999999
1,2,1,0.57474667,0.5442817,0.5505818,0.5833333333333333,0.5,0.5083333333333333
1,2,1,0.5843649,0.5299478,0.53101826,0.4916666666666667,0.55,0.5508474576271186
1,2,1,0.5571948,0.5890889,0.5587993,0.5087719298245614,0.576271186440678,0.4782608695652174
1,2,1,0.57608974,0.53144807,0.60918176,0.4137931034482759,0.4871794871794872,0.4462809917355371
1,2,1,0.57272005,0.55429626,0.6063629,0.4529914529914529,0.5677966101694916,0.3303571428571429
1,2,1,0.54526925,0.60526514,0.63298047,0.487603305785124,0.5121951219512195,0.5
1,2,1,0.6184459,0.59714794,0.5284525,0.4827586206896551,0.6153846153846154,0.525
1,2,2,-0.058506314,0.5722847,0.52533597,0.1538461538461538,0.5446428571428572,0.5593220338983051
1,2,2,0.5868478,0.6162087,-0.060814053,0.5526315789473684,0.6033057851239669,0.0
1,2,2,0.56750256,0.5816107,0.25396436,0.4358974358974359,0.4789915966386554,0.5471698113207547
1,2,2,0.57279944,0.61257005,-0.035883028,0.4017094017094017,0.5950413223140496,0.1538461538461538
1,2,2,0.51924574,0.55125374,0.56552875,0.5371900826446281,0.6194690265486726,0.5491803278688525
1,2,2,0.5210948,0.58521354,0.5773904,0.4912280701754385,0.453781512605042,0.6330275229357798
1,2,2,0.586506,0.5930369,0.557257,0.4521739130434783,0.5254237288135593,0.4126984126984127
1,2,2,0.5797508,0.6087269,0.5952964,0.4666666666666667,0.5603448275862069,0.5
1,2,2,0.61715776,0.65137446,0.56011474,0.663716814159292,0.5663716814159292,0.4621848739495798
0,0,0,0.8703002,0.9106545,0.895403,0.4772727272727273,0.3538461538461538,0.4137931034482759
0,0,1,0.89049476,0.83798736,0.8566327,0.3658536585365853,0.0,0.4
0,0,2,0.90032655,0.9372319,0.68636984,0.4848484848484848,0.273972602739726,0.0
1,1,1,0.898355,0.90376544,0.84479165,0.273972602739726,0.4262295081967213,0.4672131147540983
1,1,1,0.89247876,0.8821094,0.88105285,0.5772357723577235,0.5118110236220472,0.5301204819277108
1,1,1,0.90744495,0.8953425,0.8602052,0.4596774193548387,0.4846153846153846,0.5859375
1,1,1,0.900152,0.83798677,0.8424001,0.5641025641025641,0.4380165289256198,0.037037037037037
1,1,1,0.8929725,0.90071154,0.90747315,0.4740740740740741,0.4135338345864662,0.04
1,1,1,0.8494842,0.87126577,0.8327237,0.4961240310077519,0.5081967213114754,0.4122807017543859
1,1,1,0.868912,0.88444495,0.73509383,0.5,0.4020618556701031,0.4736842105263158
1,1,1,0.8661847,0.88606954,0.8324906,0.3870967741935484,0.416,0.0952380952380952
1,1,1,0.8553371,0.8953916,0.8914605,0.512,0.421875,0.4806201550387596
1,1,2,0.71826327,0.8790281,0.836235,0.5950413223140496,0.4140625,0.390625
1,1,2,0.87322843,0.8283044,0.78254455,0.3875968992248062,0.4313725490196078,0.3916666666666667
1,1,2,0.8445025,0.6909909,0.8221482,0.5114503816793894,0.5819672131147541,0.5658914728682171
1,1,2,0.840324,0.883458,0.8353287,0.3189655172413793,0.512,0.4724409448818898
1,1,2,0.8633808,0.8817254,0.89720833,0.3798449612403101,0.4873949579831933,0.4508196721311475
1,1,2,0.86391246,0.6634244,0.90220237,0.5511811023622047,0.5378151260504201,0.0377358490566037
1,1,2,0.85586786,0.8907418,0.8718458,0.64,0.3870967741935484,0.037037037037037
1,1,2,0.88942945,0.88928175,0.8650725,0.4274809160305344,0.4609375,0.4117647058823529
1,1,2,0.84379965,0.84742177,0.8477598,0.5760000000000001,0.5858585858585859,0.5826771653543308
1,2,1,0.8402959,0.60000324,0.8779547,0.4545454545454546,0.5121951219512195,0.46875
1,2,1,0.82803583,0.8599534,0.89000434,0.0416666666666666,0.421875,0.5737704918032787
1,2,1,0.8683307,0.8826241,0.87954885,0.6106870229007634,0.4499999999999999,0.3875968992248062
1,2,1,0.8801687,0.90523875,0.854274,0.484375,0.3412698412698413,0.6115702479338843
1,2,1,0.8746544,0.88117373,0.8323014,0.5728155339805825,0.553030303030303,0.4705882352941176
1,2,1,0.89774406,0.837387,0.85288405,0.3769230769230769,0.5390625,0.5
1,2,1,0.8351528,0.86334616,0.92569625,0.4141414141414141,0.3805309734513274,0.6260162601626016
1,2,1,0.84643024,0.84777343,0.82242,0.4580152671755725,0.3969465648854962,0.4140625
1,2,1,0.86077344,0.9091348,0.86965644,0.3870967741935484,0.0298507462686566,0.626984126984127
1,2,2,0.88532376,0.9140007,0.87801087,0.4552238805970149,0.3652173913043478,0.5344827586206897
1,2,2,0.87153524,0.8567431,0.84550905,0.3571428571428571,0.3852459016393442,0.4424778761061947
1,2,2,0.6853874,0.6839758,0.813244,0.4651162790697675,0.5303030303030303,0.6440677966101696
1,2,2,0.8539635,0.89873743,0.9234279,0.289855072463768,0.504,0.5630252100840336
1,2,2,0.8933823,0.90061957,0.7503835,0.3055555555555556,0.5,0.5348837209302326
1,2,2,0.9169515,0.8675637,0.7378466,0.421875,0.4552845528455285,0.5826771653543308
1,2,2,0.87593925,0.7830373,0.8561175,0.46875,0.4695652173913043,0.4920634920634921
1,2,2,0.82630813,0.6443477,0.73073435,0.5338983050847458,0.5483870967741935,0.6120689655172413
1,2,2,0.8451059,0.9112996,0.9072612,0.3359999999999999,0.4838709677419355,0.4724409448818898
0,0,0,0.6105698,0.5117113,0.5196046,0.3596491228070175,0.4032258064516129,0.4661016949152542
0,0,1,0.67630243,0.5317429,0.5487377,0.4915254237288136,0.4188034188034187,0.0
0,0,2,0.60723466,0.5660345,0.6053666,0.6,0.3865546218487394,0.5081967213114754
1,1,1,0.49426866,0.5381433,0.7081218,0.5609756097560976,0.4322033898305084,0.632
1,1,1,0.5546076,0.56602895,0.6670867,0.4117647058823529,0.4017094017094017,0.4416666666666666
1,1,1,0.5251851,0.49281558,0.56124496,0.0625,0.4878048780487805,0.4166666666666666
1,1,1,0.07627755,0.5328486,0.6463373,0.1666666666666666,0.4552845528455285,0.4821428571428571
1,1,1,0.59146214,0.5791501,0.64176124,0.4869565217391304,0.5081967213114754,0.5725806451612903
1,1,1,0.55035996,0.59317976,0.56331,0.5217391304347826,0.3083333333333333,0.5470085470085471
1,1,1,0.6222323,0.5714208,0.5325072,0.5299145299145299,0.5084745762711864,0.4913793103448276
1,1,1,0.6739522,0.50888884,0.5469015,0.584070796460177,0.4545454545454546,0.5042016806722689
1,1,1,0.5877142,0.51664823,0.4657303,0.4782608695652174,0.4666666666666667,0.564516129032258
1,1,2,0.48663208,0.63747036,0.6157925,0.4285714285714286,0.6101694915254237,0.5086206896551724
1,1,2,0.62422675,0.82840395,0.63595223,0.4956521739130435,0.5121951219512195,0.4583333333333333
1,1,2,0.5677122,0.5112997,0.4979029,0.5043478260869565,0.4285714285714286,0.4434782608695652
1,1,2,0.54368436,0.5114648,0.62059224,0.4453781512605042,0.5,0.4499999999999999
1,1,2,0.6830277,0.51188344,0.71895134,0.6428571428571428,0.5213675213675213,0.5983606557377049
1,1,2,0.6445643,0.46261558,0.5761151,0.4793388429752065,0.5,0.5206611570247934
1,1,2,0.44382972,0.521456,0.532618,0.4649122807017544,0.5254237288135593,0.5221238938053097
1,1,2,0.50456876,0.7130438,0.518095,0.4333333333333333,0.6050420168067228,0.5041322314049587
1,1,2,0.66916996,0.6090202,0.6234735,0.5258620689655172,0.4214876033057851,0.4649122807017544
1,2,1,0.61737347,0.69916,0.58557,0.6083333333333334,0.6610169491525424,0.4322033898305084
1,2,1,0.5417562,0.64082515,0.6871939,0.4193548387096774,0.4705882352941176,0.525
1,2,1,0.09737492,0.5154925,0.70971346,0.1538461538461538,0.416,0.6153846153846154
1,2,1,0.6039568,0.58700144,0.64390486,0.5537190082644627,0.4590163934426229,0.5042735042735043
1,2,1,0.5340515,0.57592726,0.51237035,0.4615384615384615,0.475,0.4705882352941176
1,2,1,0.6395316,0.5466101,0.5241548,0.4838709677419355,0.5042016806722689,0.6178861788617886
1,2,1,0.08807504,0.68325293,0.62994736,0.1333333333333333,0.4180327868852459,0.6695652173913044
1,2,1,0.48104078,0.5865503,0.49996558,0.5041322314049587,0.3277310924369747,0.5934959349593496
1,2,1,0.6429467,0.6759647,0.48694468,0.5760000000000001,0.4380165289256198,0.319672131147541
1,2,2,0.5785874,0.63464713,0.6290752,0.5652173913043479,0.5,0.4833333333333333
1,2,2,0.60786223,0.5872891,0.5776205,0.4453125,0.5203252032520325,0.4634146341463414
1,2,2,0.5399966,0.62429476,0.5453322,0.4033613445378151,0.4214876033057851,0.4117647058823529
1,2,2,0.5429384,0.5573865,0.6113258,0.5158730158730158,0.5948275862068966,0.6048387096774194
1,2,2,0.5373982,0.61556476,0.5781561,0.4710743801652892,0.467741935483871,0.4830508474576271
1,2,2,0.6170528,0.5314262,0.46925712,0.6638655462184874,0.4479999999999999,0.4347826086956522
1,2,2,0.6932025,0.7407476,0.7013308,0.6,0.4921875,0.5934959349593496
1,2,2,0.5167134,0.5538775,0.670555,0.5126050420168067,0.4869565217391304,0.7008547008547008
1,2,2,0.68257153,0.5172038,0.49401623,0.5245901639344263,0.5185185185185186,0.5043478260869565
0,0,0,0.88453627,0.8622935,0.43268007,0.3103448275862068,0.2857142857142857,0.4871794871794872
0,0,1,0.87239444,0.89302444,0.68192196,0.3025210084033614,0.4910714285714286,0.53125
0,0,2,0.81389266,0.88738555,0.50282764,0.2689075630252101,0.3818181818181818,0.5504587155963303
1,1,1,0.88105714,0.927335,0.4925127,0.409090909090909,0.5423728813559322,0.55
1,1,1,0.84568286,0.8860262,0.8239784,0.3418803418803419,0.3619047619047619,0.3185840707964602
1,1,1,0.89116716,0.90079683,0.7458495,0.5789473684210527,0.4509803921568627,0.0425531914893616
1,1,1,0.89385474,0.8473067,0.74988085,0.35,0.4137931034482759,0.3833333333333333
1,1,1,0.85786515,0.8766901,0.72419435,0.5126050420168067,0.5086206896551724,0.0454545454545454
1,1,1,0.87482893,0.8086003,0.4440088,0.4636363636363636,0.3050847457627118,0.4521739130434783
1,1,1,0.89930844,0.8318036,0.39793438,0.2920353982300885,0.3628318584070796,0.4912280701754385
1,1,1,0.8808297,0.8612319,0.447773,0.3818181818181818,0.2844827586206896,0.4434782608695652
1,1,1,0.8503231,0.8787664,0.49526045,0.3916666666666667,0.4684684684684684,0.4727272727272728
1,1,2,0.8847515,0.80095315,0.59932697,0.3362831858407079,0.376068376068376,0.4424778761061947
1,1,2,0.81373453,0.82074964,0.70333135,0.3478260869565217,0.3362831858407079,0.2682926829268293
1,1,2,0.7900619,0.8034305,0.47669864,0.5210084033613445,0.6050420168067228,0.5213675213675213
1,1,2,0.8763267,0.8276735,0.7343142,0.4636363636363636,0.3898305084745762,0.4824561403508771
1,1,2,0.8756053,0.81385624,0.64277476,0.3983050847457627,0.5043478260869565,0.4957264957264957
1,1,2,0.77586186,0.79425335,0.48108348,0.4070796460176991,0.4019607843137255,0.5769230769230769
1,1,2,0.8106435,0.84816825,0.7353827,0.3894736842105263,0.5727272727272728,0.4035087719298246
1,1,2,0.8947179,0.85779375,0.4606981,0.5565217391304348,0.4778761061946902,0.4
1,1,2,0.8432962,0.8827463,0.50251526,0.4035087719298246,0.4774774774774775,0.4661016949152542
1,2,1,0.856896,0.887851,0.4633954,0.0168067226890756,0.4107142857142857,0.4786324786324786
1,2,1,0.90256,0.8262805,0.43584234,0.4827586206896551,0.3818181818181818,0.639344262295082
1,2,1,0.8205788,0.8643109,0.68288356,0.4499999999999999,0.5,0.425
1,2,1,0.87290484,0.7953876,0.58612305,0.4608695652173913,0.409090909090909,0.4107142857142857
1,2,1,0.8153696,0.87468886,0.4682058,0.4661016949152542,0.4473684210526315,0.4793388429752065
1,2,1,0.88862866,0.8492929,0.8364609,0.5614035087719298,0.4262295081967213,0.4466019417475728
1,2,1,0.8657354,0.82572055,0.4608631,0.546218487394958,0.3805309734513274,0.4307692307692308
1,2,1,0.5870195,0.8851383,0.7902848,0.5913043478260869,0.4957983193277311,0.4690265486725663
1,2,1,0.818488,0.85873425,0.4591066,0.4513274336283186,0.3478260869565217,0.487603305785124
1,2,2,0.9139281,0.64372313,0.5061357,0.4201680672268907,0.7017543859649122,0.3706896551724138
1,2,2,0.8881583,0.81374055,0.42299595,0.4628099173553719,0.3243243243243243,0.4015748031496062
1,2,2,0.83880246,0.8790498,0.4414326,0.5086206896551724,0.4774774774774775,0.5934959349593496
1,2,2,0.9057312,0.8762566,0.7938918,0.368421052631579,0.4396551724137931,0.3203883495145631
1,2,2,0.88678753,0.8883911,0.58985865,0.3893805309734514,0.4695652173913043,0.4774774774774775
1,2,2,0.86001605,0.84222955,0.42430723,0.4453781512605042,0.3559322033898305,0.4033613445378151
1,2,2,0.8460313,0.8358916,0.7116692,0.4529914529914529,0.4,0.3333333333333333
1,2,2,0.85303277,0.8885393,0.4280807,0.4049586776859504,0.375,0.5950413223140496
1,2,2,0.7949454,0.8935633,0.5779657,0.3738317757009346,0.4508196721311475,0.453781512605042
0,0,0,0.5945287,0.6190728,0.5775645,0.4568965517241379,0.4529914529914529,0.4369747899159664
0,0,1,0.66493714,0.5761822,0.699095,0.4695652173913043,0.5357142857142857,0.4214876033057851
0,0,2,0.66797876,0.66429704,0.6394204,0.6810344827586207,0.4615384615384615,0.4
1,1,1,0.52796924,0.6758245,0.72768915,0.5,0.4298245614035088,0.4910714285714286
1,1,1,0.60944515,0.63939565,0.6684654,0.4499999999999999,0.4642857142857143,0.5420560747663552
1,1,1,0.6381585,0.5681318,0.7266581,0.3865546218487394,0.5,0.4369747899159664
1,1,1,0.6614399,0.60672283,0.59801966,0.4916666666666667,0.4260869565217391,0.4144144144144144
1,1,1,0.6936008,0.7125759,0.41968167,0.4416666666666666,0.4435483870967742,0.4827586206896551
1,1,1,0.7035929,0.5669924,0.5884023,0.5121951219512195,0.5089285714285714,0.4
1,1,1,0.6436898,0.5721937,0.63001513,0.4957983193277311,0.4912280701754385,0.5123966942148761
1,1,1,0.5551781,0.6923558,0.7076225,0.4957264957264957,0.4464285714285714,0.4867256637168141
1,1,1,0.63464195,0.54679644,0.70575637,0.4821428571428571,0.5384615384615384,0.5169491525423728
1,1,2,0.65844643,0.7892361,0.5351842,0.4824561403508771,0.546218487394958,0.3504273504273504
1,1,2,0.7319974,0.71418434,0.6541412,0.4583333333333333,0.4814814814814815,0.5327102803738317
1,1,2,0.6648905,0.569137,0.37044138,0.4649122807017544,0.4434782608695652,0.4954954954954955
1,1,2,0.60291386,0.5867039,0.62679774,0.5042016806722689,0.5163934426229508,0.5517241379310345
1,1,2,0.690869,0.686845,0.73555714,0.5391304347826087,0.5130434782608695,0.4297520661157025
1,1,2,0.62648296,0.544139,0.64575934,0.4836065573770491,0.4766355140186916,0.5596330275229358
1,1,2,0.5634037,0.74242806,0.6449121,0.3826086956521739,0.540983606557377,0.5929203539823009
1,1,2,0.6763801,0.60936713,0.6128409,0.4913793103448276,0.5495495495495495,0.5043478260869565
1,1,2,0.6772307,0.5639387,0.50646234,0.5327868852459017,0.5714285714285714,0.4774774774774775
1,2,1,0.6372568,0.68594134,0.72179437,0.52,0.4444444444444444,0.5210084033613445
1,2,1,0.6253557,0.70924544,0.6230097,0.5486725663716814,0.4424778761061947,0.4230769230769231
1,2,1,0.60185,0.5783517,0.7278702,0.4473684210526315,0.5357142857142857,0.5446428571428572
1,2,1,0.71816385,0.71850723,0.50100595,0.4793388429752065,0.4705882352941176,0.5
1,2,1,0.6775801,0.67893606,0.6582633,0.3333333333333333,0.4308943089430894,0.3813559322033898
1,2,1,0.36557603,0.631457,0.4638821,0.5221238938053097,0.4649122807017544,0.4311926605504587
1,2,1,0.46397802,0.41492906,0.5704006,0.5042735042735043,0.52,0.5652173913043479
1,2,1,0.5341392,0.6059337,0.31325412,0.5384615384615384,0.4310344827586206,0.5504587155963303
1,2,1,0.50878143,0.6390572,0.5835953,0.5206611570247934,0.4700854700854701,0.4869565217391304
1,2,2,0.5822313,0.71251774,0.6528878,0.5,0.4954128440366973,0.4298245614035088
1,2,2,0.6839539,0.6478231,0.55284774,0.4529914529914529,0.4796747967479674,0.5431034482758621
1,2,2,0.64418316,0.6871245,0.64220643,0.3596491228070175,0.4608695652173913,0.3193277310924369
1,2,2,0.63285077,0.6720214,0.7282953,0.5446428571428572,0.4424778761061947,0.4910714285714286
1,2,2,0.6098088,0.75141895,0.60075057,0.4521739130434783,0.4435483870967742,0.3716814159292035
1,2,2,0.565465,0.6676658,0.6232803,0.5043478260869565,0.4516129032258065,0.5344827586206897
1,2,2,0.61335903,0.6178336,0.55592316,0.6,0.5847457627118644,0.4414414414414415
1,2,2,0.73111653,0.7229513,0.6413367,0.3934426229508196,0.4545454545454546,0.5166666666666666
1,2,2,0.74286,0.6767355,0.6530907,0.3826086956521739,0.4838709677419355,0.4285714285714286
0,0,0,0.6931566,0.6719681,0.6941403,0.4795918367346938,0.5480769230769231,0.4489795918367347
0,0,1,0.6658351,0.7357042,0.7737001,0.3473684210526315,0.4499999999999999,0.5102040816326531
0,0,2,0.73346984,0.695868,0.6691988,0.54,0.3608247422680413,0.594059405940594
1,1,1,0.5997256,0.7352728,0.66232073,0.4385964912280702,0.62,0.467391304347826
1,1,1,0.51914966,0.6707101,0.6289345,0.5871559633027523,0.4175824175824175,0.5384615384615384
1,1,1,0.6819722,0.73495245,0.77640593,0.5051546391752577,0.4326923076923077,0.4951456310679611
1,1,1,0.70153993,0.6690868,0.68481857,0.4095238095238095,0.4495412844036697,0.4361702127659574
1,1,1,0.6344364,0.7194253,0.6398526,0.5157894736842106,0.5333333333333333,0.4587155963302752
1,1,1,0.62747264,0.67137355,0.6837975,0.5428571428571429,0.5700000000000001,0.5607476635514019
1,1,1,0.6077274,0.6144376,0.6726294,0.595959595959596,0.5277777777777778,0.4599999999999999
1,1,1,0.6687274,0.64057785,0.6778326,0.5412844036697247,0.5353535353535354,0.396039603960396
1,1,1,0.6588107,0.6254407,0.7032671,0.3548387096774194,0.5904761904761905,0.5283018867924528
1,1,2,0.64158416,0.6844457,0.6352742,0.3669724770642202,0.625,0.4646464646464646
1,1,2,0.55512613,0.6736988,0.6359115,0.3177570093457944,0.5625,0.5
1,1,2,0.70595014,0.75571275,0.63751024,0.5363636363636364,0.5742574257425743,0.4807692307692307
1,1,2,0.716188,0.6299615,0.65895075,0.4672897196261683,0.4716981132075472,0.4545454545454546
1,1,2,0.6939781,0.7201161,0.59932864,0.4299065420560748,0.4326923076923077,0.5961538461538461
1,1,2,0.48436326,0.6641242,0.67636234,0.5769230769230769,0.6052631578947368,0.4545454545454546
1,1,2,0.66058815,0.6295413,0.68018746,0.5,0.4545454545454546,0.480392156862745
1,1,2,0.6854937,0.64882004,0.65162474,0.3861386138613861,0.5673076923076923,0.4629629629629629
1,1,2,0.6648697,0.7120205,0.67765296,0.4403669724770642,0.4485981308411215,0.4818181818181818
1,2,1,0.6754602,0.71566224,0.58827686,0.3296703296703297,0.5660377358490566,0.5849056603773585
1,2,1,0.7224635,0.66859144,0.66112375,0.5185185185185186,0.336734693877551,0.5363636363636364
1,2,1,0.67347693,0.7207874,0.6614586,0.5631067961165048,0.3838383838383838,0.4174757281553398
1,2,1,0.6529728,0.7242159,0.7212323,0.4545454545454546,0.3761467889908256,0.4954128440366973
1,2,1,0.6923226,0.5397246,0.7829307,0.3428571428571428,0.48,0.4811320754716981
1,2,1,0.69682693,0.6337265,0.6341371,0.3513513513513513,0.5462962962962963,0.4454545454545454
1,2,1,0.5824292,0.73008573,0.562676,0.5,0.5428571428571429,0.5172413793103448
1,2,1,0.6653633,0.7128546,0.7389755,0.5,0.4951456310679611,0.4
1,2,1,0.64268845,0.6261071,0.6589582,0.480392156862745,0.4711538461538461,0.4716981132075472
1,2,2,0.2598739,0.7021723,0.56785786,0.5945945945945945,0.4455445544554455,0.4234234234234234
1,2,2,0.68660486,0.674136,0.7579007,0.4953271028037384,0.3238095238095237,0.5
1,2,2,0.68273616,0.6795716,0.74097306,0.5148514851485149,0.4375,0.4504504504504504
1,2,2,0.6764369,0.6879449,0.68441033,0.5555555555555556,0.4727272727272728,0.4766355140186916
1,2,2,0.65148103,0.67231095,0.7072319,0.5871559633027523,0.5576923076923077,0.4
1,2,2,0.6819794,0.7552937,0.5190111,0.4553571428571429,0.4716981132075472,0.5048543689320388
1,2,2,0.6577568,0.7735768,0.7137052,0.5353535353535354,0.4622641509433962,0.6296296296296297
1,2,2,0.7133068,0.59519225,0.7098005,0.5887850467289719,0.6603773584905661,0.5588235294117647
1,2,2,0.5774089,0.5127207,0.7119982,0.55,0.5,0.6019417475728155
0,0,0,0.7562065,0.68090004,0.7905868,0.4095238095238095,0.4705882352941176,0.3305084745762712
0,0,1,0.7370808,0.6872376,0.8141584,0.3394495412844036,0.5229357798165137,0.5575221238938053
0,0,2,0.6919572,0.66447544,0.6983938,0.4095238095238095,0.4563106796116505,0.3539823008849557
1,1,1,0.67835987,0.6392718,0.6688818,0.3592233009708737,0.3809523809523809,0.5363636363636364
1,1,1,0.6375693,0.7220702,0.69295967,0.3814432989690721,0.4727272727272728,0.4629629629629629
1,1,1,0.67820054,0.70884013,0.63017654,0.5,0.4095238095238095,0.4504504504504504
1,1,1,0.596465,0.60900736,0.7399315,0.4272727272727272,0.5309734513274336,0.55
1,1,1,0.6733222,0.64741707,0.65563923,0.4150943396226415,0.5,0.4909090909090909
1,1,1,0.6330451,0.7189135,0.7290392,0.4271844660194175,0.2542372881355932,0.4077669902912622
1,1,1,0.69262016,0.7048731,0.6623963,0.3980582524271845,0.5046728971962617,0.3773584905660377
1,1,1,0.6607745,0.64698833,0.6801568,0.5544554455445545,0.5339805825242718,0.5181818181818182
1,1,1,0.6690413,0.7687755,0.6504778,0.5094339622641509,0.4752475247524752,0.415929203539823
1,1,2,0.65605927,0.61143255,0.6148577,0.4678899082568807,0.5327102803738317,0.4954128440366973
1,1,2,0.73611236,0.69807625,0.7653223,0.4368932038834952,0.4434782608695652,0.4636363636363636
1,1,2,0.68137646,0.52023625,0.6050339,0.3398058252427184,0.5887850467289719,0.3673469387755101
1,1,2,0.7056186,0.70879126,0.6524378,0.5,0.4778761061946902,0.5166666666666666
1,1,2,0.69516873,0.6733296,0.7021894,0.3504273504273504,0.4757281553398058,0.4901960784313726
1,1,2,0.63558555,0.6316019,0.67493355,0.5428571428571429,0.5272727272727273,0.3805309734513274
1,1,2,0.5799533,0.75259256,0.6340506,0.5272727272727273,0.6153846153846154,0.4622641509433962
1,1,2,0.6134237,0.6825617,0.6934978,0.5185185185185186,0.4912280701754385,0.4907407407407407
1,1,2,0.65772617,0.6929241,0.6727396,0.5398230088495575,0.4766355140186916,0.4056603773584906
1,2,1,0.7084425,0.7151353,0.5604719,0.5188679245283019,0.5046728971962617,0.6320754716981132
1,2,1,0.6364903,0.6600226,0.66961956,0.4144144144144144,0.3333333333333333,0.5565217391304348
1,2,1,0.69104564,0.6508613,0.66915506,0.4504504504504504,0.4336283185840708,0.3451327433628318
1,2,1,0.6707988,0.7356341,0.6993497,0.4545454545454546,0.5392156862745099,0.3846153846153846
1,2,1,0.6321078,0.6675916,0.6310915,0.4339622641509434,0.3505154639175257,0.5263157894736843
1,2,1,0.6555328,0.679122,0.603145,0.6,0.5357142857142857,0.5130434782608695
1,2,1,0.6988019,0.74932545,0.797426,0.537037037037037,0.4056603773584906,0.6542056074766356
1,2,1,0.68693906,0.6017444,0.5289773,0.4205607476635514,0.3508771929824561,0.5963302752293578
1,2,1,0.74373513,0.6321057,0.68413883,0.330188679245283,0.5267857142857143,0.3980582524271845
1,2,2,0.69433653,0.7114874,0.7324411,0.3727272727272727,0.5428571428571429,0.5089285714285714
1,2,2,0.6380224,0.7402039,0.620487,0.4329896907216495,0.5631067961165048,0.4504504504504504
1,2,2,0.5874442,0.67697847,0.46041524,0.3823529411764705,0.5,0.5752212389380531
1,2,2,0.6076784,0.7519253,0.5788576,0.4423076923076923,0.5833333333333333,0.5089285714285714
1,2,2,0.68158287,0.5564413,0.7406202,0.4857142857142857,0.6203703703703703,0.5420560747663552
1,2,2,0.72941566,0.6780844,0.6030274,0.5855855855855856,0.4907407407407407,0.3636363636363636
1,2,2,0.6722944,0.59915215,0.70543873,0.4173913043478261,0.6952380952380952,0.5929203539823009
1,2,2,0.6997124,0.6578126,0.6872177,0.5686274509803921,0.5126050420168067,0.5909090909090908
1,2,2,0.7650542,0.72195816,0.63269365,0.5045871559633027,0.4017857142857143,0.5688073394495412
0,0,0,0.81250906,0.89239264,0.73504514,0.423728813559322,0.4424778761061947,0.4615384615384615
0,0,1,0.9573301,0.83345175,0.89001393,0.4883720930232558,0.544,0.4545454545454546
0,0,2,0.71529967,0.7711012,0.75641984,0.4297520661157025,0.4528301886792453,0.4621848739495798
1,1,1,0.8705724,0.9290625,0.88750637,0.4954954954954955,0.5043478260869565,0.4741379310344827
1,1,1,0.63334894,0.9067176,0.90307295,0.6101694915254237,0.1470588235294118,0.4285714285714286
1,1,1,0.9105302,0.87059903,0.80279076,0.4916666666666667,0.4387755102040817,0.5666666666666667
1,1,1,0.9273428,0.6720938,0.88393676,0.4661016949152542,0.2807017543859649,0.5585585585585586
1,1,1,0.039124954,0.8607876,0.8152586,0.0,0.5089285714285714,0.3727272727272727
1,1,1,0.7944453,0.7391946,0.7964504,0.4375,0.5,0.4272727272727272
1,1,1,0.90251076,0.9072239,0.75544226,0.4166666666666666,0.5081967213114754,0.2807017543859649
1,1,1,0.85342425,0.8502834,0.79650784,0.4793388429752065,0.5491803278688525,0.5573770491803278
1,1,1,0.6056091,0.9254048,0.66091955,0.5,0.5,0.5619834710743802
1,1,2,0.5308657,0.9216598,0.9403029,0.4453781512605042,0.375,0.5
1,1,2,0.7277748,0.72001815,-0.04357995,0.5652173913043479,0.5169491525423728,0.0
1,1,2,0.77434516,0.9138869,0.9360093,0.3304347826086956,0.4098360655737705,0.4778761061946902
1,1,2,0.8566896,0.8958367,0.7328526,0.423728813559322,0.5403225806451613,0.5396825396825398
1,1,2,0.7181461,0.62529796,0.5143069,0.5873015873015873,0.5688073394495412,0.6581196581196581
1,1,2,0.91927135,0.5013234,0.82434344,0.4959349593495935,0.5677966101694916,0.4424778761061947
1,1,2,0.86862564,0.952008,0.8907511,0.5871559633027523,0.5166666666666666,0.4864864864864865
1,1,2,0.7536975,0.7888332,0.7228166,0.4453781512605042,0.6271186440677966,0.5909090909090908
1,1,2,0.6370467,0.8452531,0.900074,0.4516129032258065,0.4220183486238532,0.6535433070866141
1,2,1,0.91901493,0.8178624,0.9318464,0.4796747967479674,0.6,0.5241935483870968
1,2,1,0.88065654,0.77664095,0.89713395,0.4416666666666666,0.3947368421052631,0.5555555555555556
1,2,1,0.8997055,0.8190344,0.86616206,0.3203125,0.5123966942148761,0.5877192982456141
1,2,1,0.883936,0.78854585,0.8045953,0.4453781512605042,0.3833333333333333,0.4385964912280702
1,2,1,0.9244802,0.6371236,0.6511431,0.5039370078740157,0.6,0.3928571428571429
1,2,1,0.6981469,0.85854065,0.7553676,0.5289256198347108,0.3064516129032257,0.3577235772357723
1,2,1,0.8308698,0.89571565,0.80392826,0.375,0.4786324786324786,0.5210084033613445
1,2,1,-0.018524513,0.90447754,0.8921543,0.0,0.5630252100840336,0.5871559633027523
1,2,1,0.7937392,0.93490624,0.92524296,0.4824561403508771,0.4117647058823529,0.532258064516129
1,2,2,0.7224324,0.8058165,0.9006634,0.4628099173553719,0.4333333333333333,0.5169491525423728
1,2,2,0.8046962,0.7115073,0.8542087,0.371900826446281,0.6386554621848739,0.3821138211382113
1,2,2,0.8882033,0.7596897,0.8612392,0.5691056910569106,0.4499999999999999,0.3801652892561983
1,2,2,0.805274,0.6063857,0.8400723,0.4260869565217391,0.5641025641025641,0.5284552845528455
1,2,2,0.9246516,0.8021031,0.7705687,0.4166666666666666,0.525,0.504424778761062
1,2,2,0.87672347,0.9264193,0.66067046,0.5172413793103448,0.5833333333333333,0.4793388429752065
1,2,2,0.81276,0.92305267,0.8755624,0.5169491525423728,0.4961240310077519,0.3805309734513274
1,2,2,0.787471,0.82191885,0.89524984,0.3870967741935484,0.425,0.4416666666666666
1,2,2,0.8713995,0.9009378,0.72890383,0.6293103448275862,0.5691056910569106,0.3761467889908256
0,0,0,0.31429052,0.40022412,0.37725568,0.5,0.5,0.5164835164835164
0,0,1,0.29392418,0.19611545,0.28314006,0.5625,0.6,0.8210526315789474
0,0,2,0.36835307,0.3624554,0.29994017,0.4951456310679611,0.5663716814159292,0.5277777777777778
1,1,1,0.18622875,0.16558236,0.041329,0.4831460674157303,0.640625,0.6666666666666667
1,1,1,0.20315966,0.34390664,0.2812444,0.3896103896103896,0.3275862068965517,0.5425531914893618
1,1,1,0.2573103,0.2253281,0.20841637,0.46875,0.5081967213114754,0.5869565217391304
1,1,1,0.20880932,0.23275232,0.26017743,0.4880952380952381,0.3703703703703703,0.5818181818181818
1,1,1,0.26223925,0.31647968,0.29564285,0.4380952380952381,0.4951456310679611,0.5098039215686274
1,1,1,0.057444863,0.32273555,0.23435223,0.6103896103896104,0.3857142857142857,0.5932203389830508
1,1,1,0.24400766,0.27285042,0.23491088,0.5,0.4018691588785047,0.2325581395348837
1,1,1,0.031364538,-0.014086247,0.32338902,0.421875,0.3571428571428571,0.5166666666666666
1,1,1,0.30423567,0.18152836,0.16037393,0.3623188405797102,0.5130434782608695,0.5263157894736843
1,1,2,0.22755888,0.195533,0.31028083,0.4929577464788732,0.5769230769230769,0.5739130434782609
1,1,2,0.21090426,0.28836605,0.13928035,0.4642857142857143,0.5185185185185186,0.5373134328358209
1,1,2,0.24442586,0.19560306,0.2939365,0.3958333333333333,0.4246575342465754,0.686046511627907
1,1,2,0.22156143,0.36530784,0.2004829,0.4042553191489362,0.4552845528455285,0.3111111111111111
1,1,2,0.14750664,0.2015212,0.12454254,0.5809523809523809,0.4714285714285714,0.5454545454545454
1,1,2,0.3517673,0.41148424,0.24102494,0.4545454545454546,0.4343434343434343,0.5673076923076923
1,1,2,0.23771003,0.3125078,0.10522014,0.5376344086021505,0.5054945054945055,0.6896551724137931
1,1,2,0.25129768,0.23600432,0.2852373,0.4791666666666666,0.5740740740740741,0.4761904761904761
1,1,2,0.19472788,0.28326228,0.2177769,0.4947368421052631,0.54,0.5263157894736843
1,2,1,0.18035704,0.28286237,0.29430315,0.5555555555555556,0.5263157894736843,0.6
1,2,1,0.16415977,0.22321779,0.30054563,0.4054054054054054,0.4810126582278481,0.4310344827586206
1,2,1,0.21369243,0.29109263,0.19845122,0.4473684210526315,0.4791666666666666,0.5483870967741935
1,2,1,0.21750373,0.29433757,0.2979425,0.4675324675324676,0.5666666666666667,0.6116504854368932
1,2,1,0.19353737,0.23637071,0.22211337,0.6129032258064516,0.4404761904761904,0.576271186440678
1,2,1,0.29751503,0.22347279,0.3208905,0.5070422535211268,0.3392857142857143,0.4871794871794872
1,2,1,0.2446184,0.2324968,0.21276182,0.3454545454545454,0.3088235294117647,0.4842105263157894
1,2,1,0.26717687,0.27058586,0.32692534,0.4705882352941176,0.360655737704918,0.3035714285714286
1,2,1,0.22657469,0.21238662,0.17246655,0.4042553191489362,0.5384615384615384,0.5
1,2,2,0.24775267,0.27783543,0.2077285,0.2093023255813954,0.515625,0.3676470588235294
1,2,2,0.25406447,0.21324378,0.22776309,0.5384615384615384,0.4428571428571428,0.5074626865671642
1,2,2,0.23915634,0.19785757,0.22466625,0.4626865671641791,0.5,0.3703703703703703
1,2,2,0.2980776,0.29667807,0.28526706,0.2045454545454545,0.5961538461538461,0.4155844155844156
1,2,2,0.1846424,0.107601225,0.21495506,0.5476190476190477,0.5757575757575757,0.5777777777777777
1,2,2,0.25068507,0.21742593,0.25228912,0.4838709677419355,0.3913043478260869,0.4084507042253521
1,2,2,0.3100057,0.21516235,0.3842296,0.5053763440860215,0.578125,0.5700000000000001
1,2,2,0.21134482,0.28575206,0.26690978,0.5964912280701755,0.5555555555555556,0.4909090909090909
1,2,2,0.25901735,0.21152765,0.21195021,0.5188679245283019,0.4761904761904761,0.552
0,0,0,0.57040197,0.5310884,0.5708285,0.5800000000000001,0.52,0.3846153846153846
0,0,1,0.63335776,0.6221268,0.643306,0.4017094017094017,0.3243243243243243,0.5181818181818182
0,0,2,0.6875577,0.6469966,0.5492835,0.4553571428571429,0.4954128440366973,0.6481481481481481
1,1,1,0.5535877,0.6523542,0.67078114,0.4953271028037384,0.5486725663716814,0.52
1,1,1,0.6046595,0.68388075,0.59657097,0.4363636363636364,0.4247787610619469,0.4343434343434343
1,1,1,0.5578567,0.5886851,0.66924095,0.4579439252336449,0.4324324324324324,0.3981481481481481
1,1,1,0.530462,0.5645043,0.5449587,0.3578947368421052,0.5225225225225225,0.4660194174757281
1,1,1,0.6422992,0.59810805,0.61032915,0.4499999999999999,0.5714285714285714,0.5688073394495412
1,1,1,0.65515554,0.61106396,0.60971045,0.6526315789473685,0.514018691588785,0.5545454545454546
1,1,1,0.6215544,0.7160628,0.5644523,0.5789473684210527,0.5825242718446602,0.5238095238095238
1,1,1,0.6492271,0.6459871,0.6396881,0.5523809523809524,0.5196078431372548,0.4747474747474747
1,1,1,0.63748145,0.6420061,0.5647978,0.5151515151515151,0.4953271028037384,0.5445544554455446
1,1,2,0.6131235,0.5573611,0.58597064,0.4554455445544554,0.5882352941176471,0.4869565217391304
1,1,2,0.639129,0.7027291,0.6078789,0.4563106796116505,0.4424778761061947,0.5185185185185186
1,1,2,0.6312548,0.65399253,0.6876207,0.6,0.5545454545454546,0.5360824742268041
1,1,2,0.58879846,0.59729123,0.6433263,0.485981308411215,0.5315315315315315,0.5803571428571428
1,1,2,0.6298734,0.5819738,0.65404147,0.5175438596491229,0.5728155339805825,0.3451327433628318
1,1,2,0.64604425,0.5523838,0.6211405,0.5818181818181818,0.6481481481481481,0.6063829787234043
1,1,2,0.7159387,0.5762346,0.6618651,0.4732142857142857,0.5204081632653061,0.4403669724770642
1,1,2,0.5901382,0.6413095,0.5994384,0.4107142857142857,0.6168224299065421,0.4615384615384615
1,1,2,0.6016851,0.5795069,0.6647961,0.4433962264150943,0.5172413793103448,0.4433962264150943
1,2,1,0.6285964,0.5948482,0.5894116,0.5,0.5392156862745099,0.4509803921568627
1,2,1,0.49792117,0.587259,0.6204156,0.5523809523809524,0.51,0.4196428571428571
1,2,1,0.6515839,0.6066377,0.643965,0.4285714285714286,0.4444444444444444,0.4411764705882353
1,2,1,0.714262,0.6226152,0.62684005,0.4747474747474747,0.4504504504504504,0.5267857142857143
1,2,1,0.5998293,0.6295704,0.6349144,0.4095238095238095,0.5094339622641509,0.5436893203883495
1,2,1,0.61933225,0.6636232,0.6292845,0.5533980582524272,0.4150943396226415,0.5686274509803921
1,2,1,0.6789262,0.5712799,0.6157234,0.4629629629629629,0.5982142857142857,0.5876288659793815
1,2,1,0.59883595,0.5713631,0.6079473,0.5392156862745099,0.6203703703703703,0.4642857142857143
1,2,1,0.59717643,0.65804815,0.6022875,0.4864864864864865,0.4272727272727272,0.5862068965517242
1,2,2,0.59115577,0.6747271,0.67569035,0.5247524752475248,0.485981308411215,0.6095238095238096
1,2,2,0.62737966,0.64278156,0.5398804,0.5462962962962963,0.4824561403508771,0.5523809523809524
1,2,2,0.6952214,0.5852574,0.64232385,0.5478260869565217,0.5980392156862745,0.5333333333333333
1,2,2,0.62552035,0.57297134,0.6158055,0.5,0.6153846153846154,0.5185185185185186
1,2,2,0.5414199,0.5737631,0.5256376,0.5636363636363637,0.5495495495495495,0.5
1,2,2,0.55142295,0.58551735,0.59006345,0.4554455445544554,0.4205607476635514,0.5137614678899083
1,2,2,0.5914594,0.7185155,0.6067406,0.5555555555555556,0.5700934579439252,0.5315315315315315
1,2,2,0.71261394,0.64515615,0.5797533,0.4594594594594594,0.4017857142857143,0.4257425742574258
1,2,2,0.61474705,0.6612861,0.6129613,0.5188679245283019,0.5471698113207547,0.5277777777777778
0,0,0,0.6542414,0.6468529,0.6667695,0.5045871559633027,0.3482142857142857,0.4814814814814815
0,0,1,0.66737646,0.6213286,0.6592528,0.408695652173913,0.4782608695652174,0.4396551724137931
0,0,2,0.6673354,0.66876876,0.67448133,0.4311926605504587,0.3983050847457627,0.6666666666666667
1,1,1,-0.008181939,0.6517337,0.651192,0.0,0.4433962264150943,0.5087719298245614
1,1,1,0.63390994,0.64556944,0.6580677,0.6724137931034483,0.4132231404958677,0.4864864864864865
1,1,1,0.64411104,0.636345,0.67888284,0.5263157894736843,0.5045871559633027,0.4864864864864865
1,1,1,0.66848946,0.5954462,0.6563182,0.4571428571428572,0.5625,0.408695652173913
1,1,1,0.7547692,0.6325256,0.67007935,0.509090909090909,0.4715447154471545,0.5315315315315315
1,1,1,0.57577324,0.6402863,0.6486489,0.652542372881356,0.6448598130841121,0.5299145299145299
1,1,1,0.6536022,0.54330844,0.6812838,0.514018691588785,0.5855855855855856,0.5423728813559322
1,1,1,0.6096653,0.61302567,0.6589829,0.6571428571428571,0.5775862068965517,0.4951456310679611
1,1,1,0.566123,0.6480984,0.5803529,0.6206896551724138,0.4867256637168141,0.4736842105263158
1,1,2,0.6330547,0.67602485,0.6498368,0.5769230769230769,0.5126050420168067,0.6
1,1,2,0.6355022,0.0030036084,0.686361,0.5048543689320388,0.0,0.5818181818181818
1,1,2,0.6789458,0.6435765,0.6745366,0.5826086956521739,0.6528925619834711,0.4579439252336449
1,1,2,0.6134403,0.54661196,0.6503871,0.5391304347826087,0.4642857142857143,0.4655172413793104
1,1,2,0.66518843,0.59593487,0.6641138,0.4608695652173913,0.5826086956521739,0.4473684210526315
1,1,2,0.6838456,-0.020590626,0.5917748,0.4622641509433962,0.0,0.5416666666666667
1,1,2,0.63053036,0.030703742,0.69924414,0.5041322314049587,0.0,0.2807017543859649
1,1,2,0.64984804,0.59194416,0.6666528,0.5478260869565217,0.5272727272727273,0.5363636363636364
1,1,2,0.6877574,0.5565779,0.618867,0.5929203539823009,0.5357142857142857,0.5765765765765766
1,2,1,0.6370817,0.6129676,0.63383913,0.5533980582524272,0.4770642201834862,0.5229357798165137
1,2,1,0.6535723,0.6509985,0.6331579,0.6140350877192983,0.6206896551724138,0.5614035087719298
1,2,1,0.6681458,0.5029899,-0.06199128,0.5535714285714286,0.5294117647058824,0.0
1,2,1,0.67543167,0.59202003,0.65565395,0.5254237288135593,0.5858585858585859,0.4444444444444444
1,2,1,0.659929,0.6263975,0.6810229,0.3913043478260869,0.4403669724770642,0.5043478260869565
1,2,1,0.6343416,0.6487034,0.6265637,0.4957983193277311,0.525,0.5185185185185186
1,2,1,0.666198,0.6214212,0.44180328,0.5585585585585586,0.4583333333333333,0.5423728813559322
1,2,1,0.6752181,0.56252897,0.635003,0.5,0.4774774774774775,0.4684684684684684
1,2,1,0.64349115,0.61517185,0.6575639,0.5132743362831859,0.5892857142857143,0.4690265486725663
1,2,2,0.6662408,0.66682786,0.63471097,0.5431034482758621,0.4205607476635514,0.3482142857142857
1,2,2,0.6525283,0.63510084,0.6803201,0.4583333333333333,0.4666666666666667,0.543859649122807
1,2,2,0.63460886,0.6423986,0.64041686,0.5966386554621849,0.4324324324324324,0.4594594594594594
1,2,2,0.63066345,0.55121136,0.6648181,0.5047619047619047,0.6238532110091743,0.5775862068965517
1,2,2,0.6407013,0.5984629,0.6190251,0.4814814814814815,0.5480769230769231,0.5675675675675675
1,2,2,0.6512074,0.63009125,0.63505894,0.4782608695652174,0.5089285714285714,0.5368421052631579
1,2,2,0.68055,0.6389724,0.46409184,0.5752212389380531,0.5086206896551724,0.6074766355140186
1,2,2,0.65566105,0.66648555,0.5483172,0.5913043478260869,0.453781512605042,0.5858585858585859
1,2,2,0.5302867,-0.028896341,0.637833,0.5169491525423728,0.0,0.4227642276422764
0,0,0,0.91965425,0.90877914,0.92731446,0.3934426229508196,0.3934426229508196,0.3166666666666666
0,0,1,0.91141945,0.9118272,0.866094,0.4473684210526315,0.3577235772357723,0.4298245614035088
0,0,2,0.90100735,0.89893866,0.80811304,0.4521739130434783,0.5371900826446281,0.5126050420168067
1,1,1,0.8952626,0.92658705,0.9249103,0.5614035087719298,0.3442622950819672,0.3846153846153846
1,1,1,0.88483816,0.93068993,0.91729754,0.4741379310344827,0.5929203539823009,0.5289256198347108
1,1,1,0.87594503,0.9196324,0.92845494,0.5181818181818182,0.4285714285714286,0.5163934426229508
1,1,1,0.8977078,0.8867553,0.87792087,0.5943396226415094,0.4590163934426229,0.4224137931034483
1,1,1,0.9042053,0.9268606,-0.023296501,0.4869565217391304,0.528,0.0
1,1,1,0.93695843,0.9038748,0.9189234,0.4833333333333333,0.423728813559322,0.4444444444444444
1,1,1,0.91720957,0.9305457,0.89286697,0.5258620689655172,0.59375,0.4322033898305084
1,1,1,0.91785014,0.8871269,0.8087344,0.3333333333333333,0.5583333333333333,0.5483870967741935
1,1,1,0.8900306,0.89256984,0.9186553,0.5206611570247934,0.5321100917431192,0.3362068965517241
1,1,2,0.8880854,0.87783223,0.9122981,0.4434782608695652,0.6330275229357798,0.4308943089430894
1,1,2,0.90096974,0.7867248,0.93327254,0.512,0.5039370078740157,0.3809523809523809
1,1,2,0.8286576,0.84879977,0.8618696,0.5241935483870968,0.4453781512605042,0.3898305084745762
1,1,2,0.90729797,0.89164317,0.8968925,0.5163934426229508,0.5739130434782609,0.4628099173553719
1,1,2,0.5945274,0.91421396,0.90024215,0.0526315789473684,0.3852459016393442,0.4297520661157025
1,1,2,0.8546988,0.87713856,0.7966174,0.5365853658536586,0.4369747899159664,0.5932203389830508
1,1,2,0.9187709,0.91485786,0.91323423,0.4957264957264957,0.4347826086956522,0.5258620689655172
1,1,2,0.9320215,0.90348566,0.88188237,0.3968253968253968,0.6147540983606558,0.5357142857142857
1,1,2,0.8320298,0.73584485,0.89799154,0.5491803278688525,0.656,0.4499999999999999
1,2,1,0.9344946,0.8964497,0.90293264,0.5213675213675213,0.5206611570247934,0.4453781512605042
1,2,1,0.9009969,0.8884232,0.91235733,0.4621848739495798,0.4479999999999999,0.4672897196261683
1,2,1,0.7938653,0.84213513,0.9202273,0.5538461538461539,0.5537190082644627,0.5
1,2,1,0.8840676,0.89290154,0.8975881,0.4871794871794872,0.4137931034482759,0.5714285714285714
1,2,1,0.9068111,0.91099834,0.8956505,0.4513274336283186,0.5137614678899083,0.5517241379310345
1,2,1,0.91101176,0.89774704,0.895424,0.487603305785124,0.3898305084745762,0.4841269841269841
1,2,1,0.91456103,0.84361756,0.92968255,0.4521739130434783,0.5039370078740157,0.4957983193277311
1,2,1,0.8895811,0.9147272,0.89386404,0.4871794871794872,0.4960629921259842,0.5175438596491229
1,2,1,0.9143077,0.9076044,0.93584096,0.4666666666666667,0.4495412844036697,0.5258620689655172
1,2,2,0.891804,-0.05945418,0.916541,0.5,0.0,0.633587786259542
1,2,2,0.9202657,0.9277702,0.92980915,0.4621848739495798,0.3983739837398373,0.4344262295081967
1,2,2,0.89683974,0.9312154,0.93737245,0.6194690265486726,0.4727272727272728,0.3833333333333333
1,2,2,0.92125565,0.8887856,0.88267744,0.4754098360655737,0.5491803278688525,0.5241935483870968
1,2,2,0.9228552,0.91329145,0.9258124,0.5384615384615384,0.4285714285714286,0.4479999999999999
1,2,2,0.903737,0.76842964,0.83007944,0.5371900826446281,0.6396396396396397,0.4745762711864406
1,2,2,0.8247963,0.86894226,0.84667873,0.5213675213675213,0.5042016806722689,0.543859649122807
1,2,2,0.9142763,0.8091332,0.88288045,0.5258620689655172,0.4333333333333333,0.5565217391304348
1,2,2,0.91391855,0.755648,0.919458,0.453781512605042,0.48,0.4741379310344827
0,0,0,0.9024712,0.8710216,0.8630787,0.3611111111111111,0.4672897196261683,0.5045871559633027
0,0,1,0.86309373,0.87962514,0.8656565,0.528,0.3781512605042016,0.3852459016393442
0,0,2,0.89206666,0.8288269,0.87250835,0.4017094017094017,0.4098360655737705,0.4634146341463414
1,1,1,0.89303625,0.8424864,0.86883664,0.546218487394958,0.5897435897435898,0.5739130434782609
1,1,1,0.80670345,0.8483279,0.41818506,0.5514018691588785,0.55,0.6964285714285714
1,1,1,0.8675617,0.79419816,0.8115375,0.5363636363636364,0.5087719298245614,0.5833333333333333
1,1,1,0.8761071,0.6163871,0.84756136,0.4495412844036697,0.5950413223140496,0.4380165289256198
1,1,1,0.68567836,0.82758605,0.8471272,0.5609756097560976,0.544,0.3303571428571429
1,1,1,0.87152016,0.89026797,0.8760002,0.5398230088495575,0.6147540983606558,0.4754098360655737
1,1,1,0.7958001,0.7626883,0.84644926,0.632,0.5514018691588785,0.4322033898305084
1,1,1,0.76499325,-0.030799918,0.83835506,0.5384615384615384,0.0,0.4
1,1,1,0.739838,0.87150323,0.598973,0.4117647058823529,0.5677966101694916,0.5887096774193548
1,1,2,0.83785367,0.8587531,0.708747,0.4196428571428571,0.5254237288135593,0.5967741935483871
1,1,2,0.7195609,-0.029500946,0.9022449,0.4488188976377952,0.0,0.4655172413793104
1,1,2,0.8188689,0.90064824,0.79270256,0.4778761061946902,0.4545454545454546,0.4915254237288136
1,1,2,0.78659135,0.877702,0.5161017,0.453781512605042,0.4590163934426229,0.528
1,1,2,0.7546002,0.8251968,0.83589923,0.4778761061946902,0.536,0.4444444444444444
1,1,2,0.78101337,0.900916,0.8458028,0.4247787610619469,0.5,0.6016260162601625
1,1,2,0.8913722,0.85760087,0.82985735,0.4596774193548387,0.564516129032258,0.4193548387096774
1,1,2,0.62892973,0.83955777,0.78680265,0.6666666666666667,0.4409448818897638,0.2685185185185185
1,1,2,0.80567163,0.85503954,0.7085985,0.5299145299145299,0.415929203539823,0.4112903225806451
1,2,1,0.87501574,0.9042952,0.41955256,0.496,0.3706896551724138,0.6610169491525424
1,2,1,0.8586826,0.8395537,0.8218472,0.5078125,0.4878048780487805,0.327433628318584
1,2,1,0.8595902,0.8790584,0.8845414,0.5048543689320388,0.4649122807017544,0.5245901639344263
1,2,1,0.85192615,0.85205996,0.7945759,0.4521739130434783,0.5454545454545454,0.6916666666666667
1,2,1,0.8284348,0.87460387,0.74026126,0.5080645161290323,0.3781512605042016,0.5405405405405406
1,2,1,0.8532991,0.8443271,0.8381212,0.4385964912280702,0.4464285714285714,0.5901639344262295
1,2,1,0.85864013,0.8462303,0.8757678,0.3801652892561983,0.371900826446281,0.536
1,2,1,0.8020364,0.85162807,0.7272599,0.4918032786885246,0.5391304347826087,0.6521739130434783
1,2,1,0.7527394,-0.09990215,0.8710258,0.5294117647058824,0.0,0.5163934426229508
1,2,2,0.54628253,0.8019632,0.8898344,0.675,0.5803571428571428,0.3982300884955752
1,2,2,0.86282694,0.82102203,0.8947643,0.528,0.5491803278688525,0.3675213675213675
1,2,2,0.5649202,0.90814406,0.89659464,0.608,0.5371900826446281,0.3333333333333333
1,2,2,0.60218084,0.8416228,0.8630663,0.5365853658536586,0.4838709677419355,0.425
1,2,2,0.8296601,-0.11906995,0.77160364,0.5086206896551724,0.0,0.4745762711864406
1,2,2,0.77440834,0.8852142,0.8232974,0.5275590551181102,0.6548672566371682,0.4559999999999999
1,2,2,0.8629046,0.8006913,0.8539889,0.375,0.5905511811023623,0.1388888888888888
1,2,2,0.8517738,0.8659146,0.4462932,0.4661016949152542,0.56,0.546218487394958
1,2,2,0.018672327,0.7803226,0.8869515,0.0,0.5983606557377049,0.4516129032258065
0,0,0,0.7932218,0.6693004,0.5753112,0.4690265486725663,0.5289256198347108,0.4838709677419355
0,0,1,0.72146547,0.6002364,0.6685555,0.5,0.4251968503937008,0.5855855855855856
0,0,2,0.6817464,0.69665307,0.7075309,0.4098360655737705,0.5166666666666666,0.5348837209302326
1,1,1,0.678161,0.68457747,0.6416185,0.5378151260504201,0.6271186440677966,0.4224137931034483
1,1,1,0.6777129,0.62849516,0.69168484,0.5254237288135593,0.5853658536585367,0.4047619047619047
1,1,1,0.62477064,0.7181084,0.7532954,0.6194690265486726,0.4285714285714286,0.525
1,1,1,0.6684666,0.66388214,0.639028,0.5593220338983051,0.5041322314049587,0.5447154471544715
1,1,1,0.7107973,0.7674258,0.70135605,0.4285714285714286,0.4824561403508771,0.46875
1,1,1,0.746704,0.66507936,0.6594198,0.5294117647058824,0.6470588235294117,0.5081967213114754
1,1,1,0.7336402,0.6865766,0.7532333,0.3504273504273504,0.4873949579831933,0.4529914529914529
1,1,1,0.65337086,0.661803,0.6636093,0.5137614678899083,0.423728813559322,0.4621848739495798
1,1,1,0.6819516,0.6834885,0.6983751,0.543859649122807,0.5573770491803278,0.4596774193548387
1,1,2,0.6555713,0.7248374,0.6569289,0.5416666666666667,0.5702479338842975,0.5882352941176471
1,1,2,0.69155806,0.66723543,0.6801871,0.4789915966386554,0.5391304347826087,0.5655737704918034
1,1,2,0.6667864,0.08288564,0.7367632,0.5882352941176471,0.1176470588235294,0.4727272727272728
1,1,2,0.6859137,0.6336379,0.64973354,0.543859649122807,0.5625,0.5299145299145299
1,1,2,0.712789,0.6966683,0.67648494,0.4464285714285714,0.6696428571428572,0.4615384615384615
1,1,2,0.65728056,0.6990795,0.6468072,0.4628099173553719,0.5126050420168067,0.525
1,1,2,0.7594681,0.68660486,0.6750993,0.4869565217391304,0.5431034482758621,0.6194690265486726
1,1,2,0.72852015,0.7254462,0.6970629,0.3931623931623932,0.5203252032520325,0.5
1,1,2,0.69021463,0.73480684,0.5597598,0.5041322314049587,0.4782608695652174,0.6638655462184874
1,2,1,0.7213956,0.587393,0.6199939,0.6504065040650406,0.5877192982456141,0.575
1,2,1,0.69267476,0.70056075,0.72142833,0.5206611570247934,0.552,0.4645669291338582
1,2,1,0.72851026,0.6590265,0.6982232,0.5166666666666666,0.6017699115044248,0.4444444444444444
1,2,1,0.71922714,0.71454716,0.74226904,0.504424778761062,0.5350877192982456,0.4
1,2,1,0.69773936,0.6398878,0.6246624,0.4873949579831933,0.5983606557377049,0.5225225225225225
1,2,1,0.66005504,0.7064904,0.6855383,0.4545454545454546,0.4322033898305084,0.5210084033613445
1,2,1,0.7736067,0.72462577,0.6557433,0.4590163934426229,0.4201680672268907,0.5619834710743802
1,2,1,0.6126445,0.68982553,0.6839942,0.6869565217391305,0.578512396694215,0.4793388429752065
1,2,1,0.670976,0.7147801,0.6405752,0.487603305785124,0.3934426229508196,0.5590551181102362
1,2,2,0.60544205,0.74154544,0.6432662,0.5702479338842975,0.5966386554621849,0.6239316239316239
1,2,2,0.6371616,0.65390444,0.6780959,0.6,0.5739130434782609,0.4260869565217391
1,2,2,0.6719365,0.7256375,0.5860893,0.5619834710743802,0.5737704918032787,0.5213675213675213
1,2,2,0.6300896,0.6878949,0.6927147,0.5384615384615384,0.4778761061946902,0.488
1,2,2,0.69083023,0.6522299,0.7073258,0.546218487394958,0.5123966942148761,0.6198347107438016
1,2,2,0.678834,0.72430265,0.6645417,0.5702479338842975,0.4504504504504504,0.4
1,2,2,0.7295884,0.7337025,0.6976447,0.4499999999999999,0.6293103448275862,0.5304347826086957
1,2,2,0.65125084,0.613585,0.67744005,0.4745762711864406,0.6166666666666667,0.408
1,2,2,0.75357294,0.7183647,0.6470278,0.4310344827586206,0.6260869565217391,0.5867768595041323
0,0,0,0.60399413,0.1646403,0.35719925,0.5855855855855856,0.6031746031746033,0.5172413793103448
0,0,1,0.6009821,0.26770896,0.42456776,0.4132231404958677,0.4915254237288136,0.6382978723404256
0,0,2,0.47199744,0.50983095,0.5288445,0.5272727272727273,0.5983606557377049,0.5254237288135593
1,1,1,0.5845276,0.1927185,0.36115628,0.5172413793103448,0.409090909090909,0.4626865671641791
1,1,1,0.3897695,0.3058313,0.52510506,0.4727272727272728,0.618421052631579,0.5357142857142857
1,1,1,0.5057819,0.19831553,0.56708217,0.5405405405405406,0.5074626865671642,0.4869565217391304
1,1,1,0.6089322,0.3482303,0.65486467,0.6,0.3424657534246575,0.5677966101694916
1,1,1,0.5491429,0.29780984,0.52289176,0.4473684210526315,0.5849056603773585,0.5909090909090908
1,1,1,0.587584,-0.041061237,0.5509697,0.5714285714285714,0.5769230769230769,0.6106194690265487
1,1,1,0.55924153,0.28454137,0.6054349,0.4915254237288136,0.5423728813559322,0.5181818181818182
1,1,1,0.5984243,0.2688975,0.67016655,0.5169491525423728,0.4788732394366197,0.4615384615384615
1,1,1,0.60360444,0.257137,0.5749788,0.5210084033613445,0.6491228070175439,0.5916666666666667
1,1,2,0.4141451,0.2972687,0.7672949,0.4666666666666667,0.4307692307692308,0.5948275862068966
1,1,2,0.5751935,0.22043617,0.44308943,0.4909090909090909,0.4666666666666667,0.6271186440677966
1,1,2,0.42112708,0.28217435,0.56993026,0.4867256637168141,0.6296296296296297,0.5535714285714286
1,1,2,0.55796945,0.31363404,0.45389688,0.5267857142857143,0.3333333333333333,0.42
1,1,2,0.74417037,0.24664606,0.6444665,0.4830508474576271,0.5223880597014925,0.4910714285714286
1,1,2,0.584196,0.30855632,0.46296972,0.415929203539823,0.6333333333333333,0.5238095238095238
1,1,2,0.5565238,0.24819642,0.55253017,0.4621848739495798,0.5,0.5945945945945945
1,1,2,0.60667527,0.3094657,0.6029587,0.4576271186440678,0.5892857142857143,0.5727272727272728
1,1,2,0.64538753,0.20422491,0.584193,0.584070796460177,0.2702702702702703,0.5041322314049587
1,2,1,0.6023579,0.2229447,0.5808352,0.5811965811965811,0.4848484848484848,0.4782608695652174
1,2,1,0.5870007,0.22532143,0.59769416,0.5689655172413793,0.5223880597014925,0.5700934579439252
1,2,1,0.5769013,0.16780272,0.58077836,0.5210084033613445,0.6338028169014085,0.4473684210526315
1,2,1,0.5301771,0.32634395,0.6217261,0.5555555555555556,0.4912280701754385,0.5412844036697247
1,2,1,0.6231076,0.27002603,0.47946933,0.4827586206896551,0.543859649122807,0.6822429906542056
1,2,1,0.60376793,0.20767221,0.56443954,0.475,0.6,0.5925925925925926
1,2,1,0.57522273,0.253982,0.5083506,0.584070796460177,0.5833333333333333,0.5405405405405406
1,2,1,0.6079984,0.22710994,0.5395253,0.4642857142857143,0.4680851063829787,0.3589743589743589
1,2,1,0.5997454,0.35028607,0.63255805,0.6101694915254237,0.5538461538461539,0.4528301886792453
1,2,2,0.6289451,0.3226598,0.6528562,0.525,0.5,0.5871559633027523
1,2,2,0.53114855,0.17809327,0.58769286,0.4601769911504425,0.4468085106382978,0.513157894736842
1,2,2,0.5518784,0.22532143,0.5124335,0.5603448275862069,0.5,0.5869565217391304
1,2,2,0.5800211,0.3225823,0.586789,0.5258620689655172,0.423728813559322,0.4786324786324786
1,2,2,0.5524442,0.2226679,0.72286546,0.5470085470085471,0.4893617021276596,0.4017857142857143
1,2,2,0.60804486,0.2778172,0.57771814,0.5391304347826087,0.5873015873015873,0.4298245614035088
1,2,2,0.48084733,0.2615109,0.6140903,0.6339285714285714,0.5079365079365079,0.5897435897435898
1,2,2,0.44554558,0.2649238,0.40962264,0.5491803278688525,0.4680851063829787,0.6347826086956522
1,2,2,0.61430144,0.32709318,0.48642522,0.5217391304347826,0.6065573770491803,0.5909090909090908
0,0,0,0.64800507,0.62996674,0.6092671,0.3846153846153846,0.4793388429752065,0.4552845528455285
0,0,1,0.6734907,0.55261743,0.5723142,0.3833333333333333,0.6693548387096775,0.34375
0,0,2,0.6165445,0.6578591,0.6678904,0.5416666666666667,0.3790322580645161,0.4157303370786517
1,1,1,0.57051724,0.5603059,0.5225315,0.5916666666666667,0.5317460317460317,0.5630252100840336
1,1,1,0.5571884,0.5777777,0.654266,0.5081967213114754,0.3809523809523809,0.5039370078740157
1,1,1,0.6459502,0.49229792,0.5010481,0.5163934426229508,0.5833333333333333,0.5371900826446281
1,1,1,0.6908015,0.55881584,0.65438664,0.4251968503937008,0.4841269841269841,0.4098360655737705
1,1,1,0.55669844,0.5961323,0.43623707,0.4918032786885246,0.4848484848484848,0.5
1,1,1,0.6811458,0.49930608,0.5167257,0.64,0.540983606557377,0.0454545454545454
1,1,1,0.5112785,0.52166516,0.5620561,0.5371900826446281,0.4297520661157025,0.4672131147540983
1,1,1,0.37039196,0.67294586,0.56635046,0.5680000000000001,0.652542372881356,0.4108527131782945
1,1,1,0.6291964,0.55941284,0.49072865,0.4047619047619047,0.5038759689922481,0.4409448818897638
1,1,2,0.6946653,0.60576975,0.5337779,0.3923076923076923,0.4251968503937008,0.4523809523809523
1,1,2,0.6267347,0.60653895,0.52690697,0.487603305785124,0.6097560975609756,0.5528455284552846
1,1,2,0.6558653,0.6573883,0.50430954,0.608,0.408,0.453125
1,1,2,0.5353817,0.4967472,0.5317496,0.5245901639344263,0.536,0.5798319327731092
1,1,2,0.58235407,0.5902301,0.5915488,0.4596774193548387,0.4586466165413534,0.390625
1,1,2,0.58968693,0.6262829,0.6026627,0.4918032786885246,0.5789473684210527,0.4
1,1,2,-0.0020265002,0.06566127,0.55573857,0.1333333333333333,0.1333333333333333,0.4031007751937985
1,1,2,0.59825873,0.35686085,0.59001,0.3875968992248062,0.5081967213114754,0.5078125
1,1,2,0.45857352,0.6365653,0.6880822,0.6,0.368,0.4308943089430894
1,2,1,0.56821537,0.6523472,0.56032616,0.5842696629213483,0.6,0.5241935483870968
1,2,1,0.40733182,0.46617982,0.64042634,0.6666666666666667,0.4920634920634921,0.3671875
1,2,1,0.5442625,0.40398824,0.57439905,0.4308943089430894,0.578125,0.5433070866141732
1,2,1,0.6277772,0.51950973,0.6209829,0.48,0.5609756097560976,0.6115702479338843
1,2,1,0.556902,0.58498114,0.48863295,0.5934959349593496,0.4651162790697675,0.4566929133858267
1,2,1,0.59157616,0.5212585,0.5490486,0.3984375,0.5,0.544
1,2,1,0.607003,0.6297168,0.4790418,0.4032258064516129,0.48,0.5564516129032258
1,2,1,0.63115555,0.48506308,0.6886382,0.5920000000000001,0.5169491525423728,0.3984962406015038
1,2,1,0.43029082,0.5536648,0.4552383,0.4836065573770491,0.5163934426229508,0.5887096774193548
1,2,2,0.3016585,0.57767683,0.6112757,0.626984126984127,0.4523809523809523,0.4958677685950413
1,2,2,0.49249887,0.500575,0.5090718,0.5813953488372092,0.4761904761904761,0.396694214876033
1,2,2,0.52181655,0.31861544,0.6022693,0.5714285714285714,0.536,0.4354838709677419
1,2,2,0.5402763,0.69056165,0.35946655,0.4330708661417323,0.5196850393700787,0.5748031496062992
1,2,2,0.50040805,0.60977554,0.6157965,0.5076923076923077,0.4841269841269841,0.6666666666666667
1,2,2,0.5687005,0.5326742,0.6003982,0.5555555555555556,0.5619834710743802,0.246031746031746
1,2,2,0.63428944,0.60089767,0.61968076,0.5703125,0.4128440366972477,0.4126984126984127
1,2,2,0.46762905,0.41836613,0.6674328,0.5371900826446281,0.5736434108527132,0.59375
1,2,2,0.6038075,0.5859176,0.5260259,0.3548387096774194,0.5039370078740157,0.5317460317460317
0,0,0,0.7319851,0.7884852,0.5929599,0.5132743362831859,0.5210084033613445,0.5983606557377049
0,0,1,0.7230295,0.56557906,0.6758851,0.5166666666666666,0.6363636363636364,0.48
0,0,2,0.59800506,0.6687381,0.7269547,0.4921875,0.4871794871794872,0.0
1,1,1,0.7649689,0.76137316,0.65274465,0.5391304347826087,0.5299145299145299,0.5739130434782609
1,1,1,0.7865385,0.7368854,0.81099623,0.4778761061946902,0.423728813559322,0.4833333333333333
1,1,1,0.7285087,0.75383276,0.715698,0.5289256198347108,0.5423728813559322,0.5315315315315315
1,1,1,0.6946733,0.745365,0.704492,0.55,0.4545454545454546,0.4919354838709677
1,1,1,0.6119832,0.6923996,0.7156727,0.487603305785124,0.4462809917355371,0.5416666666666667
1,1,1,0.81606793,0.668391,0.6231883,0.4915254237288136,0.4915254237288136,0.5714285714285714
1,1,1,0.6419331,0.7035186,0.5761558,0.4285714285714286,0.5217391304347826,0.5454545454545454
1,1,1,0.65588987,0.58798736,0.828054,0.4710743801652892,0.5,0.4322033898305084
1,1,1,0.74771386,0.73844683,0.68982506,0.3931623931623932,0.4049586776859504,0.4358974358974359
1,1,2,0.6606564,0.67559075,0.7400422,0.5495495495495495,0.5045045045045045,0.4227642276422764
1,1,2,0.69502115,0.8243836,0.7332571,0.5909090909090908,0.6016949152542372,0.5526315789473684
1,1,2,0.77833295,0.585501,0.80729526,0.4214876033057851,0.5135135135135135,0.4424778761061947
1,1,2,0.7490636,0.7252209,0.7033175,0.5,0.4098360655737705,0.4705882352941176
1,1,2,0.6585748,0.60963714,0.53727317,0.4661016949152542,0.4310344827586206,0.5391304347826087
1,1,2,0.8396551,0.6760252,0.73977816,0.4102564102564102,0.5476190476190477,0.0454545454545454
1,1,2,0.56992567,0.66712666,0.74711096,0.1176470588235294,0.5169491525423728,0.4214876033057851
1,1,2,0.58889145,0.6170488,0.7558814,0.5663716814159292,0.5166666666666666,0.5299145299145299
1,1,2,0.6095332,0.6691762,0.5725565,0.4715447154471545,0.5384615384615384,0.5
1,2,1,0.7739252,0.71136665,0.7509962,0.5565217391304348,0.4778761061946902,0.4833333333333333
1,2,1,0.7245282,0.7822251,0.7278299,0.4873949579831933,0.5593220338983051,0.4789915966386554
1,2,1,0.79573816,0.7297275,0.8055463,0.4117647058823529,0.5192307692307692,0.5583333333333333
1,2,1,0.6874204,0.7961109,0.7528721,0.5470085470085471,0.4782608695652174,0.3916666666666667
1,2,1,0.74476683,0.69311947,0.7167639,0.5258620689655172,0.5641025641025641,0.4786324786324786
1,2,1,0.3146732,0.8163981,0.5456656,0.5196850393700787,0.423728813559322,0.6271186440677966
1,2,1,0.7759789,0.76499236,0.62633115,0.4523809523809523,0.4661016949152542,0.453781512605042
1,2,1,0.70845723,0.64524376,0.810085,0.6,0.5508474576271186,0.5299145299145299
1,2,1,0.7230602,0.74631214,0.67496765,0.4913793103448276,0.3983050847457627,0.4473684210526315
1,2,2,0.78906256,0.6851584,0.7333721,0.4956521739130435,0.576271186440678,0.4214876033057851
1,2,2,0.7226521,0.69168365,0.6819253,0.6206896551724138,0.5299145299145299,0.5517241379310345
1,2,2,0.704154,0.6282485,0.7140631,0.5897435897435898,0.4833333333333333,0.5508474576271186
1,2,2,0.73984325,0.7539805,0.7810207,0.5166666666666666,0.5537190082644627,0.5932203389830508
1,2,2,0.67136705,0.7202458,0.70135504,0.525,0.5,0.4416666666666666
1,2,2,0.8343958,0.6206597,0.6276181,0.4576271186440678,0.4499999999999999,0.5126050420168067
1,2,2,0.74006104,0.6563019,0.7660649,0.4333333333333333,0.4814814814814815,0.6017699115044248
1,2,2,0.7515528,0.7428589,0.7997066,0.423728813559322,0.5641025641025641,0.5344827586206897
1,2,2,0.6641041,0.6137982,0.63162583,0.5378151260504201,0.5596330275229358,0.4310344827586206
0,0,0,0.8691584,0.80492914,0.8301548,0.4251968503937008,0.6,0.5564516129032258
0,0,1,0.9354164,0.8356865,0.86051536,0.4338235294117647,0.5084745762711864,0.4881889763779528
0,0,2,0.8508927,0.84820306,0.8279307,0.4758064516129032,0.4330708661417323,0.5206611570247934
1,1,1,0.81077033,0.7961518,0.8605221,0.4772727272727273,0.578512396694215,0.5920000000000001
1,1,1,0.88923717,0.74480915,0.895514,0.504,0.5365853658536586,0.496
1,1,1,0.81377745,0.7819853,0.8237418,0.5546218487394958,0.4830508474576271,0.4715447154471545
1,1,1,0.9299048,0.82977444,0.8041446,0.4666666666666667,0.4426229508196722,0.5241935483870968
1,1,1,0.85085964,0.8267846,0.8248428,0.3508771929824561,0.4846153846153846,0.5433070866141732
1,1,1,0.8394754,0.8059509,0.81216395,0.4479999999999999,0.6046511627906976,0.5307692307692308
1,1,1,0.8551042,0.8071009,0.8059131,0.2945736434108527,0.5433070866141732,0.5882352941176471
1,1,1,0.8472168,0.8433013,0.8639765,0.5573770491803278,0.5447154471544715,0.5
1,1,1,0.86558425,0.698841,0.83978677,0.5149253731343284,0.4565217391304348,0.4032258064516129
1,1,2,0.83211964,0.81060475,0.86727494,0.5,0.4741379310344827,0.3846153846153846
1,1,2,0.84223306,0.84189695,0.8327619,0.48,0.5,0.4180327868852459
1,1,2,0.8403456,0.7109741,0.82962614,0.3307086614173228,0.6,0.4523809523809523
1,1,2,0.85697746,0.80635196,0.84916455,0.5528455284552846,0.36,0.5641025641025641
1,1,2,0.83870673,0.7976785,0.812669,0.6033057851239669,0.4916666666666667,0.5166666666666666
1,1,2,0.8063179,0.7391468,0.83581746,0.4881889763779528,0.5583333333333333,0.4634146341463414
1,1,2,0.877493,0.8582164,0.8704827,0.5039370078740157,0.3790322580645161,0.40625
1,1,2,0.9146812,0.7983509,0.9346154,0.6428571428571428,0.4838709677419355,0.4310344827586206
1,1,2,0.8310562,0.810846,0.8696195,0.3539823008849557,0.6097560975609756,0.6111111111111112
1,2,1,0.829357,0.79811007,0.8289762,0.4615384615384615,0.546218487394958,0.453125
1,2,1,0.8482353,0.71042764,0.9174837,0.4573643410852713,0.3898305084745762,0.5703125
1,2,1,0.84462446,0.8204664,0.7632445,0.4769230769230769,0.4661016949152542,0.5116279069767442
1,2,1,0.83811826,0.85027033,0.8094716,0.5225225225225225,0.3057851239669421,0.467741935483871
1,2,1,0.84811443,0.7223649,0.9367991,0.5572519083969465,0.4778761061946902,0.381679389312977
1,2,1,0.8467393,0.76328737,0.85784703,0.5,0.5284552845528455,0.5609756097560976
1,2,1,0.8692781,0.8306477,0.86418974,0.3897058823529411,0.4508196721311475,0.4754098360655737
1,2,1,0.8603857,0.84654224,0.85893124,0.4380165289256198,0.465648854961832,0.3650793650793651
1,2,1,0.8199694,0.8634119,0.86377674,0.384,0.4375,0.5419847328244275
1,2,2,0.84197605,0.78593814,0.83398974,0.4836065573770491,0.5403225806451613,0.53125
1,2,2,0.8478695,0.81778145,0.8643724,0.5746268656716418,0.52,0.4365079365079365
1,2,2,0.8255297,0.8391097,0.8235222,0.4210526315789473,0.4375,0.4496124031007752
1,2,2,0.82488275,0.8035581,0.87576574,0.4960629921259842,0.5895522388059702,0.4715447154471545
1,2,2,0.834761,0.83593917,0.7933851,0.5808823529411764,0.5826771653543308,0.4070796460176991
1,2,2,0.8327875,0.8392717,0.8622781,0.5968992248062015,0.4583333333333333,0.5354330708661417
1,2,2,0.8088281,0.8531881,0.79160595,0.5563909774436091,0.4495412844036697,0.6134453781512605
1,2,2,0.85827273,0.80743074,0.861303,0.6015625,0.5178571428571428,0.4715447154471545
1,2,2,0.023563804,0.6948985,0.8602818,0.0,0.4915254237288136,0.5241935483870968
0,0,0,0.8351437,0.8659396,0.8280885,0.4035087719298246,0.6601941747572815,0.3689320388349514
0,0,1,0.8634441,0.8445674,0.83669955,0.5229357798165137,0.49,0.5368421052631579
0,0,2,0.866436,0.8944233,0.87531364,0.4,0.3140495867768594,0.4766355140186916
1,1,1,0.8300071,0.84411156,0.85504365,0.4102564102564102,0.5346534653465347,0.3571428571428571
1,1,1,0.84530264,0.8606008,0.8465963,0.6,0.4537037037037037,0.4579439252336449
1,1,1,0.8418802,0.8691842,0.8608048,0.4869565217391304,0.5855855855855856,0.5701754385964912
1,1,1,0.904396,0.8532092,0.8516892,0.5555555555555556,0.4824561403508771,0.5619047619047619
1,1,1,0.8599169,-0.05182881,0.61661136,0.4220183486238532,0.0,0.5865384615384616
1,1,1,0.87731194,0.8587907,0.6489763,0.5929203539823009,0.5327102803738317,0.5714285714285714
1,1,1,0.82601833,0.8294841,0.8526277,0.4660194174757281,0.6037735849056604,0.4313725490196078
1,1,1,0.8090502,0.8243009,0.87873113,0.543859649122807,0.5740740740740741,0.4144144144144144
1,1,1,0.84564424,0.01896492,0.87378794,0.5648148148148149,0.0,0.5545454545454546
1,1,2,0.83346105,0.88597035,-0.07456855,0.5752212389380531,0.6288659793814433,0.0
1,1,2,0.8853259,0.83054304,0.83962333,0.5648148148148149,0.5196078431372548,0.5217391304347826
1,1,2,0.8703999,0.85992646,0.82551306,0.7047619047619047,0.4298245614035088,0.3916666666666667
1,1,2,0.8346069,0.8163704,0.82360214,0.4224137931034483,0.4380952380952381,0.3486238532110092
1,1,2,0.8107182,0.8217859,0.8763252,0.5,0.4326923076923077,0.5882352941176471
1,1,2,0.8731704,0.8693383,0.86775833,0.594059405940594,0.3873873873873874,0.4766355140186916
1,1,2,0.037832133,0.037832133,0.037832133,0.0,0.0,0.0
1,1,2,0.06528661,0.84421325,0.83917177,0.0,0.4722222222222222,0.5436893203883495
1,1,2,0.85242844,0.5285363,-0.0081917085,0.4766355140186916,0.4766355140186916,0.0
1,2,1,0.8710989,0.80633,0.87204236,0.5045871559633027,0.5526315789473684,0.64
1,2,1,0.8469976,0.85697234,0.8737676,0.419047619047619,0.4757281553398058,0.5897435897435898
1,2,1,0.8474038,0.85942054,0.83079994,0.5169491525423728,0.6857142857142857,0.5188679245283019
1,2,1,0.84135866,0.8525528,0.012489598,0.4260869565217391,0.5045045045045045,0.0
1,2,1,0.86376566,0.8579712,0.86036706,0.3738317757009346,0.5185185185185186,0.4454545454545454
1,2,1,-0.017913574,0.8589224,0.83552766,0.0,0.62,0.4857142857142857
1,2,1,0.85213697,0.8146577,0.8801625,0.5096153846153846,0.5740740740740741,0.4833333333333333
1,2,1,0.853498,0.8619998,0.8669841,0.4311926605504587,0.4363636363636364,0.5728155339805825
1,2,1,0.8593223,0.7370912,0.82622,0.5333333333333333,0.4299065420560748,0.4242424242424242
1,2,2,0.8348372,0.6279973,0.85620284,0.4770642201834862,0.5412844036697247,0.5428571428571429
1,2,2,0.81248045,0.86017454,0.852877,0.5739130434782609,0.4824561403508771,0.4368932038834952
1,2,2,0.8624465,0.840099,0.8762373,0.5742574257425743,0.6181818181818182,0.6226415094339622
1,2,2,0.9032449,0.8695737,0.778735,0.5203252032520325,0.53,0.4545454545454546
1,2,2,0.8549152,0.8441379,0.87315494,0.5086206896551724,0.4444444444444444,0.5849056603773585
1,2,2,0.8951166,0.858544,0.8481389,0.5384615384615384,0.4423076923076923,0.4587155963302752
1,2,2,0.87927043,0.8656873,0.4687382,0.4059405940594059,0.4174757281553398,0.6138613861386139
1,2,2,0.8535754,0.8492024,0.7959622,0.4476190476190476,0.4757281553398058,0.6481481481481481
1,2,2,0.8028856,0.89790994,0.8454215,0.5504587155963303,0.5346534653465347,0.5360824742268041
0,0,0,0.7371789,0.7127447,0.69767785,0.5338983050847458,0.4102564102564102,0.4864864864864865
0,0,1,0.6592841,0.6234101,0.76998395,0.4036697247706422,0.5084745762711864,0.5405405405405406
0,0,2,0.7201364,-0.09496328,0.42139387,0.4166666666666666,0.0,0.504424778761062
1,1,1,0.77011776,0.72524595,0.6529993,0.5206611570247934,0.5478260869565217,0.4521739130434783
1,1,1,0.6585542,0.46494713,0.25934562,0.4830508474576271,0.5350877192982456,0.4778761061946902
1,1,1,-0.012701419,0.5950518,0.41066784,0.0,0.5423728813559322,0.5726495726495726
1,1,1,0.72994053,0.70539904,0.7143419,0.4903846153846154,0.5365853658536586,0.4782608695652174
1,1,1,0.46248668,0.7120292,0.44820735,0.5294117647058824,0.5,0.5775862068965517
1,1,1,0.72255355,0.31949323,0.7218333,0.6283185840707964,0.5575221238938053,0.5327868852459017
1,1,1,0.60145974,0.65845567,0.73592865,0.5384615384615384,0.4912280701754385,0.5641025641025641
1,1,1,0.7216344,0.2226605,0.37752363,0.4285714285714286,0.4416666666666666,0.4636363636363636
1,1,1,0.7148292,0.65618694,0.76269454,0.5350877192982456,0.4684684684684684,0.3043478260869565
1,1,2,0.4560223,0.6975484,0.72393274,0.6416666666666666,0.4833333333333333,0.4741379310344827
1,1,2,0.64427716,0.71923417,0.2874574,0.5206611570247934,0.5384615384615384,0.5357142857142857
1,1,2,0.5169088,0.25888368,0.39732778,0.4285714285714286,0.5714285714285714,0.5826086956521739
1,1,2,-0.08010807,0.54658777,0.6222763,0.0,0.4915254237288136,0.6578947368421053
1,1,2,0.48255005,0.46560943,0.40816194,0.423728813559322,0.5080645161290323,0.5593220338983051
1,1,2,0.7048999,0.6042124,0.51948637,0.5045871559633027,0.5431034482758621,0.5344827586206897
1,1,2,0.69300866,0.7645173,0.589523,0.52,0.5853658536585367,0.5166666666666666
1,1,2,0.37998906,0.72409934,0.747502,0.5045045045045045,0.4601769911504425,0.4869565217391304
1,1,2,0.7024743,0.6353334,0.7578971,0.4636363636363636,0.4918032786885246,0.6428571428571428
1,2,1,0.6865916,0.7010544,0.7587123,0.6194690265486726,0.5740740740740741,0.4778761061946902
1,2,1,0.67742014,0.55505,0.70251966,0.5175438596491229,0.5267857142857143,0.495575221238938
1,2,1,0.6916461,0.6829855,0.62291646,0.4915254237288136,0.4878048780487805,0.5603448275862069
1,2,1,0.72168124,0.71732795,0.73718107,0.4590163934426229,0.6386554621848739,0.4634146341463414
1,2,1,0.62838984,0.7159619,0.7143657,0.536,0.5333333333333333,0.4957983193277311
1,2,1,0.62665033,0.71719253,0.5833147,0.59375,0.4830508474576271,0.5045045045045045
1,2,1,0.7344043,0.3626614,0.7392223,0.5299145299145299,0.5128205128205128,0.4857142857142857
1,2,1,0.69881403,0.6027223,0.68730354,0.4568965517241379,0.5803571428571428,0.4915254237288136
1,2,1,0.76600516,0.71501595,0.72526085,0.6638655462184874,0.6166666666666667,0.4424778761061947
1,2,2,0.6725731,0.7408138,0.65214086,0.4336283185840708,0.5454545454545454,0.6306306306306306
1,2,2,0.6595242,0.74719095,0.41134953,0.648,0.4324324324324324,0.5819672131147541
1,2,2,0.72005874,0.58045924,0.5212712,0.4326923076923077,0.5047619047619047,0.4912280701754385
1,2,2,0.47476098,0.7197635,0.7419618,0.4954954954954955,0.487603305785124,0.3553719008264463
1,2,2,0.56998265,0.6371906,0.7575297,0.5478260869565217,0.55,0.56
1,2,2,0.66890603,0.6797136,0.7430049,0.4628099173553719,0.3865546218487394,0.4568965517241379
1,2,2,0.7075299,0.6670383,0.4479336,0.4661016949152542,0.4814814814814815,0.5535714285714286
1,2,2,0.66361564,0.7340816,0.2864924,0.5526315789473684,0.0833333333333333,0.5084745762711864
1,2,2,0.6728445,0.5881523,0.7530836,0.536,0.5740740740740741,0.5042016806722689
0,0,0,0.829926,0.7659695,0.6938621,0.4485981308411215,0.5961538461538461,0.4
0,0,1,0.8326856,0.63338596,0.82772696,0.4774774774774775,0.5087719298245614,0.4807692307692307
0,0,2,0.78925294,0.8064805,0.8531373,0.4201680672268907,0.2743362831858407,0.5042016806722689
1,1,1,0.55710864,0.83413655,0.85040474,0.595959595959596,0.4791666666666666,0.4824561403508771
1,1,1,0.7764193,0.69766766,0.77572894,0.4529914529914529,0.6060606060606061,0.56
1,1,1,0.6968628,0.87441415,0.774773,0.5315315315315315,0.7,0.5909090909090908
1,1,1,0.66852534,0.6319779,0.7843563,0.537037037037037,0.4871794871794872,0.5042735042735043
1,1,1,0.6201811,0.9177662,0.6630745,0.5,0.537037037037037,0.5833333333333333
1,1,1,0.7881673,0.8759129,0.8155885,0.4954954954954955,0.6146788990825688,0.4818181818181818
1,1,1,0.8080864,0.8462947,0.86030555,0.5871559633027523,0.408695652173913,0.5447154471544715
1,1,1,0.6764368,0.6877947,0.81960446,0.4262295081967213,0.5535714285714286,0.5619834710743802
1,1,1,0.7139651,0.6016705,0.8316201,0.4761904761904761,0.5752212389380531,0.4958677685950413
1,1,2,0.79722965,0.8271433,0.79892385,0.5925925925925926,0.3761467889908256,0.5130434782608695
1,1,2,0.8648932,0.7457875,0.87253094,0.5128205128205128,0.4824561403508771,0.5086206896551724
1,1,2,0.6066904,0.7331932,0.7331338,0.5504587155963303,0.4857142857142857,0.4
1,1,2,0.6025399,0.7938178,0.7753959,0.5779816513761468,0.475,0.495575221238938
1,1,2,0.59466296,0.6695058,0.6514216,0.5309734513274336,0.5779816513761468,0.537037037037037
1,1,2,0.85428786,0.863973,0.7126338,0.4339622641509434,0.282051282051282,0.6206896551724138
1,1,2,0.8891726,0.74407417,0.52010643,0.6283185840707964,0.5,0.5641025641025641
1,1,2,0.886134,0.75329757,0.6031127,0.5535714285714286,0.3783783783783784,0.5446428571428572
1,1,2,0.83958614,0.75882924,0.75165385,0.4594594594594594,0.6607142857142857,0.4786324786324786
1,2,1,0.6361654,0.8947633,0.6451761,0.625,0.3839285714285714,0.5175438596491229
1,2,1,0.7401182,0.6212023,0.7333746,0.4629629629629629,0.575,0.4444444444444444
1,2,1,0.6559371,0.81803095,0.6535034,0.5344827586206897,0.4786324786324786,0.594059405940594
1,2,1,0.9101995,0.83139324,0.6879379,0.5811965811965811,0.4285714285714286,0.6272727272727272
1,2,1,0.8390827,0.64691734,0.77385247,0.3982300884955752,0.5084745762711864,0.5471698113207547
1,2,1,0.8161082,0.81191444,0.854918,0.5045871559633027,0.5225225225225225,0.5420560747663552
1,2,1,0.5514253,0.7609956,0.81752735,0.6538461538461539,0.5289256198347108,0.409090909090909
1,2,1,0.8381729,0.8133061,0.7566232,0.3879310344827587,0.546218487394958,0.3983050847457627
1,2,1,0.79712534,0.6317732,0.8761822,0.6181818181818182,0.5,0.4774774774774775
1,2,2,0.60210305,0.7925532,0.83523357,0.6239316239316239,0.5491803278688525,0.4403669724770642
1,2,2,0.8276634,0.3735597,0.612926,0.4649122807017544,0.7563025210084033,0.6339285714285714
1,2,2,0.66259253,0.6805592,0.738329,0.3888888888888888,0.5517241379310345,0.4070796460176991
1,2,2,0.68802327,0.6512677,0.79962087,0.5892857142857143,0.5798319327731092,0.4322033898305084
1,2,2,0.86330634,0.63660717,0.80798763,0.5517241379310345,0.6470588235294117,0.5081967213114754
1,2,2,0.61918855,0.5533581,0.86934525,0.6017699115044248,0.5327102803738317,0.4854368932038835
1,2,2,0.7829521,0.7547456,0.8502804,0.5283018867924528,0.5619047619047619,0.6146788990825688
1,2,2,0.80836725,0.8401969,0.7775765,0.5045871559633027,0.4956521739130435,0.5042735042735043
1,2,2,0.6005939,0.5712602,0.8297503,0.5142857142857142,0.5428571428571429,0.3333333333333333
0,0,0,0.7007241,0.6276429,0.6031536,0.5794392523364487,0.5242718446601942,0.3644859813084112
0,0,1,0.6064384,0.6563745,0.45237783,0.6050420168067228,0.7037037037037037,0.4214876033057851
0,0,2,0.60106426,0.6185983,0.65263855,0.5045045045045045,0.4954128440366973,0.4909090909090909
1,1,1,0.67637706,0.5786458,0.6508794,0.4910714285714286,0.5357142857142857,0.4912280701754385
1,1,1,0.6340553,0.48533937,0.5159919,0.5555555555555556,0.4196428571428571,0.5887096774193548
1,1,1,0.5329224,0.6345177,0.73324454,0.6134453781512605,0.5145631067961165,0.4454545454545454
1,1,1,0.5426964,0.6501342,0.52903605,0.3636363636363636,0.6037735849056604,0.5982142857142857
1,1,1,-0.0533949,0.45993823,0.54522234,0.0,0.6548672566371682,0.5081967213114754
1,1,1,0.5667217,0.4951254,0.6776604,0.3275862068965517,0.4690265486725663,0.6238532110091743
1,1,1,0.6928341,0.5845213,0.6174691,0.5849056603773585,0.485981308411215,0.5784313725490196
1,1,1,0.5500767,0.53906155,0.63126194,0.4954954954954955,0.396551724137931,0.5700934579439252
1,1,1,0.6192315,0.51621926,0.64823556,0.5420560747663552,0.5294117647058824,0.5596330275229358
1,1,2,0.57212543,0.5276231,0.68285257,0.5636363636363637,0.584070796460177,0.4485981308411215
1,1,2,0.53035426,0.5858537,0.6833765,0.6017699115044248,0.5625,0.5508474576271186
1,1,2,0.58499837,0.72797716,0.52041304,0.4629629629629629,0.4862385321100917,0.6403508771929824
1,1,2,-0.065791614,0.6010072,0.6752589,0.0,0.4285714285714286,0.3243243243243243
1,1,2,0.67721295,0.637085,0.55434453,0.5225225225225225,0.4615384615384615,0.5809523809523809
1,1,2,0.75949526,0.52806646,0.59008837,0.5233644859813085,0.6272727272727272,0.419047619047619
1,1,2,0.5888339,0.693898,0.43416762,0.4629629629629629,0.5565217391304348,0.485981308411215
1,1,2,0.6244975,0.6798177,0.69642997,0.5377358490566038,0.525,0.4347826086956522
1,1,2,0.65464526,0.58065706,0.6389288,0.3666666666666667,0.4615384615384615,0.4396551724137931
1,2,1,0.65989375,0.5686715,0.56743014,0.485981308411215,0.6396396396396397,0.5428571428571429
1,2,1,0.44118035,0.58422613,0.66038054,0.546218487394958,0.4907407407407407,0.5504587155963303
1,2,1,0.55787265,0.5223308,0.51822066,0.5585585585585586,0.6403508771929824,0.4423076923076923
1,2,1,0.7571486,0.5387316,0.5194706,0.5428571428571429,0.4298245614035088,0.5818181818181818
1,2,1,0.6064117,-0.0372757,0.5964323,0.4601769911504425,0.0,0.5132743362831859
1,2,1,0.6134988,0.7289937,0.56815946,0.4770642201834862,0.5277777777777778,0.5327102803738317
1,2,1,0.6474992,0.6414214,0.61757255,0.4336283185840708,0.5480769230769231,0.5809523809523809
1,2,1,0.5831286,0.646659,0.59623986,0.5446428571428572,0.5086206896551724,0.4660194174757281
1,2,1,0.5885866,0.658196,0.6398821,0.5701754385964912,0.4862385321100917,0.5
1,2,2,0.64288056,0.5539719,0.51563716,0.6956521739130435,0.3392857142857143,0.6454545454545455
1,2,2,0.65737224,0.66733384,0.6478537,0.6090909090909091,0.5849056603773585,0.4636363636363636
1,2,2,-0.046132803,0.5268073,0.5880749,0.0,0.6576576576576576,0.4857142857142857
1,2,2,0.54534954,0.68866754,0.5378049,0.5495495495495495,0.5478260869565217,0.5294117647058824
1,2,2,0.67827433,0.6806563,0.536512,0.4298245614035088,0.4594594594594594,0.3703703703703703
1,2,2,-0.024572121,0.7177671,0.6230337,0.0,0.5981308411214954,0.4867256637168141
1,2,2,0.76229185,0.566559,0.6397657,0.6666666666666667,0.5233644859813085,0.5
1,2,2,0.59592366,0.693669,0.56844974,0.4636363636363636,0.5277777777777778,0.5504587155963303
1,2,2,0.4938298,0.5020642,0.5650809,0.4636363636363636,0.6218487394957983,0.5526315789473684
0,0,0,0.87431,0.8503383,0.927184,0.4108527131782945,0.4307692307692308,0.3206106870229007
0,0,1,0.9015567,0.077633984,0.2803695,0.6111111111111112,0.0,0.0
0,0,2,0.86802137,0.8558623,0.9222675,0.4806201550387596,0.0,0.424
1,1,1,0.6641607,0.85085994,0.8957863,0.625,0.5984848484848485,0.5275590551181102
1,1,1,0.8633065,0.7549922,0.8773141,0.5950413223140496,0.5652173913043479,0.6507936507936508
1,1,1,0.8160488,0.8695766,0.81418097,0.5423728813559322,0.6190476190476191,0.5
1,1,1,0.84764457,0.7100874,0.856745,0.4573643410852713,0.4538461538461539,0.424
1,1,1,0.847769,0.8126117,0.8213625,0.4883720930232558,0.512,0.6016260162601625
1,1,1,0.8455311,0.8375495,0.78624713,0.6153846153846154,0.4594594594594594,0.5471698113207547
1,1,1,0.87836146,0.90732443,0.9451544,0.5765765765765766,0.6181818181818182,0.484375
1,1,1,0.8853141,0.7668755,0.7555068,0.5846153846153845,0.5210084033613445,0.5873015873015873
1,1,1,0.9041204,0.84413517,0.7921264,0.625,0.4416666666666666,0.5
1,1,2,0.8646017,0.9119528,0.88466537,0.5367647058823529,0.390625,0.5
1,1,2,0.87813413,0.88323665,0.83164513,0.4921875,0.5681818181818181,0.4496124031007752
1,1,2,0.89166117,0.7575141,0.92971164,0.4956521739130435,0.4836065573770491,0.5691056910569106
1,1,2,0.7650933,-0.041446686,0.83877003,0.640625,0.0,0.7603305785123967
1,1,2,0.9124985,0.87090224,0.5982648,0.536,0.4482758620689655,0.6083333333333334
1,1,2,0.89017284,-0.058417346,0.91668886,0.4230769230769231,0.0,0.3565891472868217
1,1,2,0.78585094,0.85708666,0.8355775,0.4153846153846153,0.5299145299145299,0.488
1,1,2,0.7697083,0.8140154,0.8001979,0.5258620689655172,0.4958677685950413,0.4424778761061947
1,1,2,0.8592268,0.8090035,0.8825122,0.4841269841269841,0.4285714285714286,0.5669291338582677
1,2,1,-0.03897355,0.79298687,0.8824438,0.0,0.4107142857142857,0.5275590551181102
1,2,1,0.8511336,0.89691275,0.87286377,0.6776859504132231,0.532258064516129,0.5193798449612403
1,2,1,-0.051100925,0.8443156,0.79137135,0.0,0.4538461538461539,0.5714285714285714
1,2,1,0.80329823,0.7702533,0.80060846,0.4496124031007752,0.5901639344262295,0.4117647058823529
1,2,1,0.7274758,0.92564124,0.9325808,0.5564516129032258,0.4262295081967213,0.4881889763779528
1,2,1,0.72638553,0.8174132,0.74684346,0.453781512605042,0.5234375,0.4409448818897638
1,2,1,0.81519556,0.88964856,-0.049921356,0.4108527131782945,0.3779527559055118,0.0
1,2,1,0.86962736,0.8816886,0.93150896,0.421875,0.4461538461538461,0.5
1,2,1,0.8658319,0.7989841,0.7164508,0.4745762711864406,0.5538461538461539,0.46875
1,2,2,0.8789363,0.8522922,0.84837204,0.5390625,0.4098360655737705,0.5609756097560976
1,2,2,0.8102234,0.9108766,0.86003375,0.6328125,0.4838709677419355,0.5867768595041323
1,2,2,0.86747724,0.82156795,0.9079366,0.56,0.5692307692307692,0.4736842105263158
1,2,2,0.9303308,0.8246824,0.90804994,0.5846153846153845,0.453125,0.5714285714285714
1,2,2,0.8315898,0.8800583,0.8064842,0.4344262295081967,0.5840000000000001,0.5163934426229508
1,2,2,0.88767564,0.76911044,0.9287318,0.3809523809523809,0.3671875,0.5396825396825398
1,2,2,0.85648876,0.8735615,0.8293991,0.5365853658536586,0.5436893203883495,0.528
1,2,2,0.896426,0.8620231,0.7641388,0.4380165289256198,0.4365079365079365,0.3846153846153846
1,2,2,0.813496,0.93504405,0.80617356,0.5371900826446281,0.5080645161290323,0.4705882352941176
0,0,0,0.7414,0.747867,0.4140508,0.4308943089430894,0.4262295081967213,0.3720930232558139
0,0,1,0.3798089,0.3150807,0.5075849,0.0,0.1162790697674418,0.0
0,0,2,0.386935,0.29109442,0.45315403,0.1851851851851852,0.2083333333333333,0.5
1,1,1,0.58150005,-0.006045714,0.6740138,0.0,0.1052631578947368,0.5344827586206897
1,1,1,0.45422703,-0.10057062,0.34966028,0.15,0.0,0.35
1,1,1,0.476917,0.8602514,0.13826074,0.0,0.2666666666666667,0.3888888888888888
1,1,1,0.8192147,0.15189812,0.7000302,0.0,0.0869565217391304,0.0
1,1,1,0.2754689,0.8381434,0.71401244,0.217391304347826,0.159090909090909,0.0
1,1,1,0.37521744,0.46112218,0.5561505,0.368421052631579,0.0,0.4571428571428572
1,1,1,-0.0037116017,0.013208248,0.53350866,0.0,0.1333333333333333,0.0
1,1,1,0.3665202,0.50960696,0.50391734,0.4666666666666667,0.0,0.0
1,1,1,0.5325898,-0.0360369,-0.005389113,0.4695652173913043,0.0,0.0
1,1,2,-0.03959024,0.87742794,0.41271535,0.0,0.5041322314049587,0.0
1,1,2,0.8665455,0.43953627,0.060241655,0.532258064516129,0.1612903225806451,0.0
1,1,2,0.8487375,0.8576165,0.854247,0.4574468085106383,0.4406779661016949,0.5809523809523809
1,1,2,0.87035346,0.10273945,0.013073318,0.5740740740740741,0.0,0.1666666666666666
1,1,2,0.85860324,0.8689358,-0.017009681,0.4259259259259259,0.5081967213114754,0.0
1,1,2,0.7588073,0.6918055,0.68053865,0.5555555555555556,0.5169491525423728,0.5041322314049587
1,1,2,0.32272896,0.028620966,0.013361655,0.1923076923076923,0.0,0.0
1,1,2,0.58027035,0.47559792,0.7382142,0.5714285714285714,0.0,0.2692307692307693
1,1,2,0.8009473,-0.06245213,0.514086,0.4473684210526315,0.0,0.0
1,2,1,0.02099409,0.86237144,-0.11543772,0.0,0.4333333333333333,0.3888888888888888
1,2,1,0.83501554,0.35861623,-0.03381223,0.4774774774774775,0.0,0.0
1,2,1,0.14580819,0.7960788,0.031734567,0.0,0.4786324786324786,0.0
1,2,1,0.37811106,0.4644531,0.2638183,0.217391304347826,0.0,0.0
1,2,1,0.013208248,0.88335544,0.56096995,0.1333333333333333,0.4915254237288136,0.5043478260869565
1,2,1,0.7498921,0.86083066,0.5414221,0.3962264150943396,0.4146341463414634,0.0
1,2,1,0.49584872,-0.08318168,0.85797,0.0,0.0,0.5798319327731092
1,2,1,0.8444489,0.06661117,0.02623198,0.4949494949494949,0.1999999999999999,0.4166666666666666
1,2,1,0.69508016,0.02329253,0.6583353,0.475,0.1538461538461538,0.3968253968253968
1,2,2,0.02000986,0.8401754,0.62935716,0.0,0.3805309734513274,0.625
1,2,2,0.4894698,0.88710064,0.78021735,0.032258064516129,0.6333333333333333,0.5726495726495726
1,2,2,0.8704829,-0.07154907,0.013208248,0.4354838709677419,0.0,0.1333333333333333
1,2,2,0.8712281,0.8808608,0.3989454,0.5934065934065934,0.6725663716814159,0.3888888888888888
1,2,2,0.74675274,0.6959364,0.8666781,0.5086206896551724,0.5428571428571429,0.5420560747663552
1,2,2,0.84326625,0.12787342,0.02329253,0.4722222222222222,0.0,0.1538461538461538
1,2,2,0.8507532,0.6457604,0.6483543,0.4615384615384615,0.38,0.5480769230769231
1,2,2,0.8754879,0.23866427,0.5787219,0.4956521739130435,0.0799999999999999,0.5138888888888888
1,2,2,0.71401244,0.8554901,0.55866003,0.2916666666666666,0.5583333333333333,0.4067796610169492
0,0,0,0.6461774,0.69786966,0.69350904,0.4473684210526315,0.4682539682539682,0.3888888888888888
0,0,1,0.7113826,0.6808356,0.6540007,0.4869565217391304,0.6788990825688073,0.3414634146341463
0,0,2,0.72140914,0.700104,0.6560245,0.4516129032258065,0.3277310924369747,0.6347826086956522
1,1,1,-0.00084935874,0.5123983,0.6759603,0.0,0.525,0.4758064516129032
1,1,1,0.662071,0.67924744,0.58449644,0.3478260869565217,0.4628099173553719,0.504424778761062
1,1,1,0.71505,0.5699642,0.6605035,0.5882352941176471,0.480392156862745,0.4347826086956522
1,1,1,0.6495916,0.48264834,0.4540342,0.5555555555555556,0.5614035087719298,0.4396551724137931
1,1,1,0.7398666,0.60360634,0.46525884,0.3658536585365853,0.4736842105263158,0.4789915966386554
1,1,1,0.6671806,0.6505047,0.6783078,0.4583333333333333,0.4224137931034483,0.3697478991596639
1,1,1,0.6665896,0.62140524,0.46562517,0.5614035087719298,0.5648148148148149,0.4545454545454546
1,1,1,0.68699276,0.7382435,0.680814,0.4736842105263158,0.5130434782608695,0.4285714285714286
1,1,1,0.61501527,0.659544,0.6801797,0.5583333333333333,0.4272727272727272,0.3839285714285714
1,1,2,0.5798638,0.57726204,0.5630317,0.3636363636363636,0.4758064516129032,0.4793388429752065
1,1,2,0.7026359,0.5065539,0.69448316,0.4824561403508771,0.5132743362831859,0.5775862068965517
1,1,2,0.57060194,0.66447055,0.6609573,0.4958677685950413,0.6229508196721312,0.5299145299145299
1,1,2,0.72606754,0.6940832,0.62413234,0.4473684210526315,0.4871794871794872,0.5126050420168067
1,1,2,0.70572203,0.5628278,0.7021532,0.6379310344827587,0.4453781512605042,0.5217391304347826
1,1,2,0.7014416,0.722883,0.64339703,0.5137614678899083,0.3148148148148147,0.3162393162393162
1,1,2,0.6992967,0.56363887,0.5914679,0.4310344827586206,0.5225225225225225,0.5454545454545454
1,1,2,0.71109945,0.6636661,0.5763484,0.5818181818181818,0.5,0.6019417475728155
1,1,2,0.65960723,0.7037822,0.6818795,0.4462809917355371,0.6528925619834711,0.5470085470085471
1,2,1,0.7311597,0.65344334,-0.008988619,0.5130434782608695,0.5357142857142857,0.0
1,2,1,0.5693141,0.68292654,0.62237775,0.4471544715447154,0.5175438596491229,0.5634920634920635
1,2,1,0.680845,0.5827155,0.5904356,0.3636363636363636,0.5916666666666667,0.6101694915254237
1,2,1,0.6543437,-0.06432294,0.7512919,0.4786324786324786,0.0,0.5213675213675213
1,2,1,0.69282335,0.70537984,0.49159533,0.4830508474576271,0.603448275862069,0.5365853658536586
1,2,1,0.7130734,0.70459104,0.66338545,0.5714285714285714,0.408695652173913,0.416
1,2,1,0.7325033,0.65998507,0.52042484,0.5304347826086957,0.5833333333333333,0.4479999999999999
1,2,1,0.63476443,0.61802375,0.50079274,0.5363636363636364,0.4587155963302752,0.4508196721311475
1,2,1,0.70663697,0.73337495,0.5573274,0.327433628318584,0.6272727272727272,0.4513274336283186
1,2,2,-0.049703777,0.67528915,0.7173237,0.0,0.5338983050847458,0.4833333333333333
1,2,2,0.59962684,0.5210003,0.624411,0.5798319327731092,0.5476190476190477,0.6902654867256637
1,2,2,0.66469294,0.65902305,0.6148228,0.3025210084033614,0.6017699115044248,0.6548672566371682
1,2,2,0.648286,0.7013278,0.4878387,0.4434782608695652,0.5275590551181102,0.3008130081300812
1,2,2,0.7136924,0.61571634,0.6510241,0.4552845528455285,0.4529914529914529,0.5289256198347108
1,2,2,0.70849645,0.65123224,0.62544334,0.5555555555555556,0.525,0.641025641025641
1,2,2,0.71925163,0.64159894,0.644162,0.3893805309734514,0.4424778761061947,0.3888888888888888
1,2,2,0.79167205,0.6704193,0.52065,0.3928571428571429,0.6837606837606838,0.4957264957264957
1,2,2,0.6729985,0.60918427,0.53310406,0.5083333333333333,0.6238532110091743,0.5348837209302326
0,0,0,0.7507185,0.6942915,0.57051396,0.4299065420560748,0.4141414141414141,0.0
0,0,1,0.70232886,0.74117523,0.43466407,0.4285714285714286,0.6229508196721312,0.4659090909090909
0,0,2,0.72957003,0.7398778,0.5760676,0.5084745762711864,0.509090909090909,0.6262626262626263
1,1,1,0.7233379,0.77694255,0.55709195,0.4757281553398058,0.3109243697478991,0.5714285714285714
1,1,1,0.71954745,0.75016725,0.58276427,0.4954954954954955,0.5217391304347826,0.5652173913043479
1,1,1,0.73240703,0.7188304,0.597736,0.4375,0.55,0.6021505376344086
1,1,1,0.7827352,0.7961085,0.48587903,0.432,0.4601769911504425,0.3052631578947368
1,1,1,0.72156745,0.7781131,0.5897118,0.5517241379310345,0.3478260869565217,0.3564356435643564
1,1,1,0.7464955,0.76626885,0.52415466,0.5428571428571429,0.4678899082568807,0.3191489361702128
1,1,1,0.6422493,0.6995983,0.53209496,0.4873949579831933,0.3571428571428571,0.4111111111111111
1,1,1,0.78353965,0.69727975,0.55251795,0.4473684210526315,0.5471698113207547,0.5833333333333333
1,1,1,0.803802,0.76106995,0.6058126,0.4957983193277311,0.5254237288135593,0.51
1,1,2,0.8039192,0.718616,0.5296004,0.5188679245283019,0.4444444444444444,0.6451612903225806
1,1,2,0.7609894,0.6969712,0.47908318,0.504424778761062,0.0869565217391304,0.5588235294117647
1,1,2,0.7509315,0.75607324,0.53761756,0.3653846153846154,0.5315315315315315,0.5652173913043479
1,1,2,0.77690554,0.768714,0.4125942,0.4869565217391304,0.6428571428571428,0.3888888888888888
1,1,2,0.7971759,0.59118044,0.57821274,0.3157894736842105,0.4824561403508771,0.5454545454545454
1,1,2,0.750641,0.7619709,0.62285674,0.4954954954954955,0.6517857142857143,0.5263157894736843
1,1,2,0.7406081,0.7332198,0.5399592,0.5299145299145299,0.6306306306306306,0.6041666666666667
1,1,2,0.6316404,0.77008,0.5390024,0.4761904761904761,0.4909090909090909,0.49
1,1,2,0.779655,0.7694361,0.6058061,0.5092592592592593,0.5,0.3366336633663366
1,2,1,0.74399245,0.72788644,0.4740722,0.4915254237288136,0.5416666666666667,0.3225806451612903
1,2,1,0.8068225,0.7922781,0.49235684,0.4504504504504504,0.5526315789473684,0.6404494382022472
1,2,1,0.74221396,0.74968207,0.5513758,0.5130434782608695,0.4587155963302752,0.5353535353535354
1,2,1,0.78651863,0.6165091,0.43825507,0.5217391304347826,0.55,0.735632183908046
1,2,1,0.7537695,0.775958,0.5648546,0.5652173913043479,0.6116504854368932,0.5102040816326531
1,2,1,0.7391341,0.7629058,0.48464444,0.4910714285714286,0.4716981132075472,0.6630434782608696
1,2,1,0.79836047,0.78505504,0.5811203,0.5596330275229358,0.4285714285714286,0.6736842105263158
1,2,1,0.76084864,0.77998894,0.5417977,0.4181818181818182,0.4122807017543859,0.5425531914893618
1,2,1,0.75243,0.78582525,0.48141196,0.5350877192982456,0.5,0.6555555555555556
1,2,2,0.77017814,0.52632916,0.54955006,0.4181818181818182,0.4778761061946902,0.5263157894736843
1,2,2,0.7580586,0.7147393,0.51614714,0.4587155963302752,0.6036036036036037,0.5425531914893618
1,2,2,0.61812174,0.8009486,0.54045653,0.780952380952381,0.4070796460176991,0.6086956521739131
1,2,2,0.6808562,0.71952796,0.45948207,0.4513274336283186,0.5660377358490566,0.731958762886598
1,2,2,0.7146685,0.7742285,0.45234746,0.4951456310679611,0.495575221238938,0.39
1,2,2,0.73185503,0.76309836,0.49926627,0.5841584158415842,0.5454545454545454,0.6770833333333333
1,2,2,0.71010286,0.73945785,0.48311576,0.5172413793103448,0.5229357798165137,0.56
1,2,2,0.6849757,0.7241083,0.624751,0.5663716814159292,0.5619834710743802,0.5578947368421052
1,2,2,0.73103523,0.73765564,0.4655455,0.6153846153846154,0.5087719298245614,0.6063829787234043
0,0,0,0.63912547,0.6076466,0.61159545,0.4070796460176991,0.4205607476635514,0.5
0,0,1,0.70337564,0.7001531,0.6825793,0.4067796610169492,0.5283018867924528,0.4414414414414415
0,0,2,0.8418223,0.7078576,0.639418,0.4782608695652174,0.4285714285714286,0.4912280701754385
1,1,1,0.815459,0.5572678,0.79220027,0.3928571428571429,0.691588785046729,0.368421052631579
1,1,1,0.6279174,0.70210797,0.6720422,0.5625,0.5,0.5675675675675675
1,1,1,0.7886207,0.5590184,0.695434,0.5175438596491229,0.5855855855855856,0.4910714285714286
1,1,1,0.58180475,0.54966474,0.6245471,0.5535714285714286,0.5517241379310345,0.5132743362831859
1,1,1,0.65095377,0.5649061,0.7027813,0.7053571428571428,0.4464285714285714,0.5981308411214954
1,1,1,0.76749325,0.5988199,0.6056746,0.5213675213675213,0.5700934579439252,0.4485981308411215
1,1,1,0.8037039,0.75424,0.683212,0.4324324324324324,0.3738317757009346,0.4504504504504504
1,1,1,0.7803793,0.63218457,0.66394544,0.5188679245283019,0.4864864864864865,0.5277777777777778
1,1,1,0.7957955,0.62555474,0.5852055,0.4862385321100917,0.4913793103448276,0.4622641509433962
1,1,2,0.6152303,0.60561484,0.6005432,0.5423728813559322,0.3944954128440366,0.3980582524271845
1,1,2,0.7780571,0.6571276,0.57212114,0.4579439252336449,0.4545454545454546,0.5046728971962617
1,1,2,0.7523854,0.6387512,0.6123159,0.4247787610619469,0.5585585585585586,0.4017857142857143
1,1,2,0.6502696,0.74868035,0.7315122,0.5258620689655172,0.5,0.5405405405405406
1,1,2,0.72092605,0.68157727,0.5478867,0.495049504950495,0.5583333333333333,0.5454545454545454
1,1,2,0.7323967,0.6833484,0.56074536,0.4205607476635514,0.6551724137931034,0.5192307692307692
1,1,2,0.6866091,0.60196185,0.819094,0.5043478260869565,0.4951456310679611,0.5172413793103448
1,1,2,0.77127874,0.6839881,0.72015667,0.5454545454545454,0.4910714285714286,0.4774774774774775
1,1,2,0.71275973,0.5992378,0.6950373,0.6460176991150443,0.5740740740740741,0.495575221238938
1,2,1,0.7408796,0.58910173,0.73681855,0.5086206896551724,0.4601769911504425,0.4454545454545454
1,2,1,0.7521776,0.60373497,0.58360934,0.5233644859813085,0.4646464646464646,0.6052631578947368
1,2,1,0.731006,0.7264733,0.6948054,0.5504587155963303,0.4464285714285714,0.5545454545454546
1,2,1,0.6304006,0.74442685,0.51048243,0.6324786324786325,0.5277777777777778,0.5233644859813085
1,2,1,0.67575234,0.6188623,0.6321883,0.5412844036697247,0.5428571428571429,0.5462962962962963
1,2,1,0.65496045,0.5378366,0.63583136,0.4741379310344827,0.4230769230769231,0.5847457627118644
1,2,1,0.7578807,0.6787769,0.59483963,0.4067796610169492,0.4736842105263158,0.4666666666666667
1,2,1,0.70065856,0.7637901,0.58833885,0.5083333333333333,0.4128440366972477,0.5803571428571428
1,2,1,0.75246584,0.5558655,0.67571914,0.4642857142857143,0.4272727272727272,0.5603448275862069
1,2,2,0.79684633,0.65629447,0.76543534,0.3893805309734514,0.4485981308411215,0.4615384615384615
1,2,2,0.6786984,0.63746303,0.52511114,0.4173913043478261,0.3839285714285714,0.4811320754716981
1,2,2,0.6268308,0.6946955,0.6748209,0.5775862068965517,0.5673076923076923,0.5
1,2,2,0.7114216,0.7798901,0.59474784,0.5128205128205128,0.4128440366972477,0.5196078431372548
1,2,2,0.746003,0.6967523,0.67039603,0.5798319327731092,0.4956521739130435,0.5688073394495412
1,2,2,0.73778266,0.61859703,0.56591016,0.4583333333333333,0.5277777777777778,0.5047619047619047
1,2,2,0.7267352,0.75702983,0.64288086,0.5045045045045045,0.2761904761904762,0.5673076923076923
1,2,2,0.7977108,0.6662059,0.6527475,0.4173913043478261,0.6371681415929203,0.4392523364485982
1,2,2,0.65098614,0.61925113,0.41091603,0.5087719298245614,0.56,0.3928571428571429
0,0,0,0.72926235,0.72420555,0.62607515,0.4392523364485982,0.6216216216216216,0.5217391304347826
0,0,1,0.63239473,0.6920762,0.6004801,0.5172413793103448,0.3783783783783784,0.5714285714285714
0,0,2,0.67153054,0.67651117,0.65894455,0.4862385321100917,0.4722222222222222,0.3786407766990292
1,1,1,0.71211606,0.70004904,0.72517,0.4867256637168141,0.2894736842105263,0.4196428571428571
1,1,1,0.6333662,0.69096124,0.60428303,0.4821428571428571,0.5377358490566038,0.5789473684210527
1,1,1,0.6844357,0.6585441,0.6069069,0.4444444444444444,0.5913043478260869,0.5272727272727273
1,1,1,0.7216465,0.6935886,0.54946125,0.514018691588785,0.6140350877192983,0.6285714285714286
1,1,1,0.704197,0.66965693,0.7079142,0.4454545454545454,0.4636363636363636,0.543859649122807
1,1,1,0.6506649,0.72589517,0.65143126,0.5233644859813085,0.543859649122807,0.5087719298245614
1,1,1,0.6342946,0.6947734,0.7012117,0.3873873873873874,0.4257425742574258,0.6542056074766356
1,1,1,0.6726924,0.6960738,0.59974134,0.4077669902912622,0.5272727272727273,0.5663716814159292
1,1,1,0.72068167,0.73091877,0.6543502,0.4563106796116505,0.4166666666666666,0.5048543689320388
1,1,2,0.7209668,0.5682959,0.6738686,0.6016949152542372,0.5925925925925926,0.5446428571428572
1,1,2,0.71795774,0.6500964,0.63944244,0.5660377358490566,0.5272727272727273,0.509090909090909
1,1,2,0.6740117,0.6733936,0.6982939,0.5752212389380531,0.4672897196261683,0.6371681415929203
1,1,2,0.6511203,0.5433104,0.64630145,0.3486238532110092,0.4761904761904761,0.4563106796116505
1,1,2,0.689199,0.6095631,0.6898513,0.5225225225225225,0.509090909090909,0.4070796460176991
1,1,2,0.7069671,0.71049476,0.6639968,0.6111111111111112,0.6396396396396397,0.5752212389380531
1,1,2,0.6368178,0.6491939,0.58123004,0.4272727272727272,0.4824561403508771,0.5882352941176471
1,1,2,0.71735823,0.6093754,0.7229074,0.4814814814814815,0.4907407407407407,0.5897435897435898
1,1,2,0.6929964,0.6742838,0.6516494,0.4579439252336449,0.5092592592592593,0.4655172413793104
1,2,1,0.7031872,0.71723443,0.57210046,0.4579439252336449,0.5596330275229358,0.4786324786324786
1,2,1,0.59055483,0.61007804,0.7031183,0.4629629629629629,0.4782608695652174,0.5916666666666667
1,2,1,0.6646825,0.7089622,0.65700835,0.5,0.3873873873873874,0.4285714285714286
1,2,1,0.6685771,0.65572923,0.67079496,0.4561403508771929,0.5363636363636364,0.5660377358490566
1,2,1,0.65071636,0.6579154,0.6233222,0.4864864864864865,0.4903846153846154,0.6050420168067228
1,2,1,0.6629958,0.7059113,0.69359696,0.49,0.4661016949152542,0.5
1,2,1,0.6110911,0.7383901,0.5751462,0.4285714285714286,0.4491525423728814,0.4608695652173913
1,2,1,0.6696029,0.57854867,0.66990244,0.6052631578947368,0.3981481481481481,0.5412844036697247
1,2,1,0.52586806,0.47800165,0.6617688,0.4824561403508771,0.5794392523364487,0.5614035087719298
1,2,2,0.687153,0.671138,0.44531432,0.5675675675675675,0.3333333333333333,0.6396396396396397
1,2,2,0.5845943,0.60941756,0.72902536,0.6355140186915889,0.4545454545454546,0.3275862068965517
1,2,2,0.69731176,0.6672404,0.65539503,0.6036036036036037,0.6111111111111112,0.5277777777777778
1,2,2,0.6983144,0.6249,0.71868193,0.4424778761061947,0.3603603603603603,0.5660377358490566
1,2,2,0.7176603,0.5907401,0.6858745,0.4732142857142857,0.5135135135135135,0.4757281553398058
1,2,2,0.65026367,0.6537882,0.67794263,0.4910714285714286,0.4234234234234234,0.5929203539823009
1,2,2,0.6905592,0.72367823,0.7170728,0.5377358490566038,0.5398230088495575,0.4358974358974359
1,2,2,0.7446314,0.68495846,0.692451,0.5,0.5213675213675213,0.3551401869158879
1,2,2,0.7024769,0.7013122,0.63895756,0.4173913043478261,0.6513761467889908,0.4406779661016949
0,0,0,0.7361444,0.7484124,0.71595496,0.2844827586206896,0.3047619047619048,0.3675213675213675
0,0,1,0.74843025,0.62203014,0.78141487,0.4112149532710281,0.4818181818181818,0.368421052631579
0,0,2,0.79541063,0.75432694,0.75423604,0.3421052631578947,0.3363636363636363,0.2983870967741935
1,1,1,0.71961784,0.59505355,0.6663126,0.3333333333333333,0.5258620689655172,0.4344262295081967
1,1,1,0.6886918,0.78593117,0.67213136,0.5405405405405406,0.4807692307692307,0.4017857142857143
1,1,1,0.73996943,0.6780732,0.7486227,0.4173913043478261,0.4827586206896551,0.2924528301886793
1,1,1,0.6667068,0.5726948,0.6963884,0.3888888888888888,0.6203703703703703,0.3706896551724138
1,1,1,0.6635627,0.54897046,0.7769255,0.5545454545454546,0.6636363636363636,0.419047619047619
1,1,1,0.6831936,0.74009836,0.65470374,0.5932203389830508,0.3392857142857143,0.5666666666666667
1,1,1,0.6636287,0.5451745,0.74375254,0.3247863247863247,0.5666666666666667,0.408695652173913
1,1,1,0.70972216,0.5498738,0.8043915,0.3277310924369747,0.6538461538461539,0.3434343434343434
1,1,1,0.69487876,0.70042133,0.6613981,0.3739837398373984,0.256198347107438,0.3490566037735849
1,1,2,0.6567503,0.68333757,0.8172643,0.324074074074074,0.5982905982905983,0.409090909090909
1,1,2,0.6211623,0.6981914,0.7984823,0.646551724137931,0.4453781512605042,0.4260869565217391
1,1,2,0.6060382,0.6351888,0.75924045,0.453781512605042,0.5047619047619047,0.4454545454545454
1,1,2,0.76615375,0.7150562,0.78552926,0.4642857142857143,0.6261682242990654,0.4339622641509434
1,1,2,0.6318818,0.76061463,0.7487012,0.2982456140350877,0.4956521739130435,0.5625
1,1,2,0.5481832,0.57963675,0.6775782,0.5865384615384616,0.5,0.4727272727272728
1,1,2,0.5595537,0.6730545,0.6614058,0.5887850467289719,0.5092592592592593,0.396551724137931
1,1,2,0.7539149,0.6822354,0.80754155,0.3917525773195877,0.2956521739130434,0.3725490196078431
1,1,2,0.7562338,0.6953833,0.6970701,0.3486238532110092,0.4454545454545454,0.4347826086956522
1,2,1,0.55615914,0.6883342,0.66477376,0.6160714285714286,0.625,0.5652173913043479
1,2,1,0.72149485,0.6661172,0.7058052,0.6239316239316239,0.6052631578947368,0.4056603773584906
1,2,1,0.5711531,0.68415034,0.6378312,0.5862068965517242,0.3629032258064516,0.7431192660550459
1,2,1,0.7062498,0.74533296,0.6618403,0.3103448275862068,0.3421052631578947,0.3247863247863247
1,2,1,0.6833414,0.56482595,0.7092239,0.5478260869565217,0.5714285714285714,0.4672897196261683
1,2,1,0.66066486,0.69581604,0.740601,0.2946428571428571,0.4479166666666666,0.3457943925233645
1,2,1,0.6776453,0.7254819,0.6403227,0.4754098360655737,0.4821428571428571,0.3548387096774194
1,2,1,0.65470576,0.6109689,0.78762555,0.6226415094339622,0.4310344827586206,0.5185185185185186
1,2,1,0.7469529,0.759892,0.5402076,0.5089285714285714,0.4054054054054054,0.5867768595041323
1,2,2,0.7649157,0.7598758,0.7081998,0.3714285714285714,0.4144144144144144,0.4344262295081967
1,2,2,0.48639607,0.72445095,0.82127595,0.5229357798165137,0.3620689655172413,0.415929203539823
1,2,2,0.598604,0.79377234,0.7076089,0.5339805825242718,0.4553571428571429,0.4672897196261683
1,2,2,0.6212072,0.64886284,0.7614771,0.5643564356435644,0.5862068965517242,0.3027522935779816
1,2,2,0.6794299,0.62271005,0.70289356,0.6454545454545455,0.5480769230769231,0.3365384615384615
1,2,2,0.7134138,0.6100676,0.7428987,0.3157894736842105,0.3589743589743589,0.3728813559322034
1,2,2,0.5764681,0.7387709,0.6632463,0.6372549019607843,0.5333333333333333,0.3333333333333333
1,2,2,0.6655153,0.76610076,0.6788883,0.4778761061946902,0.5229357798165137,0.3859649122807017
1,2,2,0.5995368,0.7303849,0.6564473,0.5126050420168067,0.3658536585365853,0.5245901639344263
0,0,0,0.54650426,0.58421236,0.59391,0.453781512605042,0.4608695652173913,0.5398230088495575
0,0,1,0.5467342,0.585292,0.5598948,0.3524590163934425,0.4871794871794872,0.6576576576576576
0,0,2,0.5754922,0.5887058,0.5626576,0.3913043478260869,0.4406779661016949,0.4285714285714286
1,1,1,0.6360408,0.53744686,0.5723112,0.5175438596491229,0.5092592592592593,0.5221238938053097
1,1,1,0.42093697,0.5917082,0.59787333,0.5431034482758621,0.4234234234234234,0.5892857142857143
1,1,1,0.6323143,0.5546408,0.62858784,0.5754716981132075,0.5943396226415094,0.4766355140186916
1,1,1,0.60162103,0.56259125,0.57203966,0.4722222222222222,0.3982300884955752,0.5277777777777778
1,1,1,0.58232373,0.5307799,0.61518216,0.5233644859813085,0.5887850467289719,0.5675675675675675
1,1,1,0.57703793,0.49658406,0.5670888,0.5181818181818182,0.4824561403508771,0.4869565217391304
1,1,1,0.5636451,0.6058118,0.57955825,0.6140350877192983,0.4444444444444444,0.6111111111111112
1,1,1,0.5602889,0.5641423,0.6030601,0.5648148148148149,0.5145631067961165,0.5636363636363637
1,1,1,0.54335666,0.5549566,0.55383074,0.5897435897435898,0.5357142857142857,0.4727272727272728
1,1,2,0.46246576,0.59536,0.6162057,0.537037037037037,0.5803571428571428,0.3508771929824561
1,1,2,0.6410307,0.5608729,0.5695089,0.5327102803738317,0.4811320754716981,0.5675675675675675
1,1,2,0.5332945,0.5950351,0.5599135,0.4513274336283186,0.5446428571428572,0.5398230088495575
1,1,2,0.5976246,0.5634867,0.5316706,0.4700854700854701,0.409090909090909,0.495575221238938
1,1,2,0.5568688,0.5789746,0.5682063,0.4824561403508771,0.5701754385964912,0.6216216216216216
1,1,2,0.6146396,0.5642867,0.55809456,0.4956521739130435,0.4778761061946902,0.5135135135135135
1,1,2,0.5667439,0.59089595,0.6077342,0.4504504504504504,0.4913793103448276,0.4495412844036697
1,1,2,0.5619301,0.5646858,0.42996365,0.5739130434782609,0.4770642201834862,0.5089285714285714
1,1,2,0.6025165,0.5689681,0.5815022,0.5225225225225225,0.6140350877192983,0.4909090909090909
1,2,1,0.37016606,0.5849859,0.596114,0.5221238938053097,0.4380952380952381,0.5321100917431192
1,2,1,0.6081735,0.5214425,0.25872192,0.5,0.5365853658536586,0.6339285714285714
1,2,1,0.37835097,0.5670943,0.63683414,0.4545454545454546,0.3928571428571429,0.3714285714285714
1,2,1,0.60289437,0.57616925,0.52736366,0.5,0.5263157894736843,0.5752212389380531
1,2,1,0.5924191,0.55785763,0.5850467,0.5263157894736843,0.4324324324324324,0.6603773584905661
1,2,1,0.5830638,0.51909924,0.6236923,0.5585585585585586,0.5446428571428572,0.5565217391304348
1,2,1,0.5216057,0.55184376,0.58069867,0.5929203539823009,0.4561403508771929,0.5175438596491229
1,2,1,0.50155395,0.55259717,0.55382115,0.5585585585585586,0.5535714285714286,0.5225225225225225
1,2,1,0.6261238,0.53175676,0.6079284,0.5391304347826087,0.4818181818181818,0.4495412844036697
1,2,2,0.61713576,0.51954764,0.5869739,0.5045045045045045,0.4869565217391304,0.4601769911504425
1,2,2,0.56280047,0.61692226,0.4882814,0.5087719298245614,0.537037037037037,0.5350877192982456
1,2,2,0.5725918,0.6566191,0.6579677,0.4259259259259259,0.5089285714285714,0.6238532110091743
1,2,2,0.5585849,0.59875095,0.559888,0.5225225225225225,0.5648148148148149,0.4537037037037037
1,2,2,0.6086459,0.5461611,0.5939183,0.4545454545454546,0.4818181818181818,0.4528301886792453
1,2,2,0.6238121,0.55980545,0.5955511,0.4017857142857143,0.5046728971962617,0.3660714285714286
1,2,2,0.52196836,0.6153514,0.57828176,0.5462962962962963,0.3859649122807017,0.4326923076923077
1,2,2,0.6128156,0.6013711,0.37898678,0.4074074074074074,0.4454545454545454,0.6324786324786325
1,2,2,0.4815216,0.52305734,0.55181926,0.4715447154471545,0.3571428571428571,0.4954128440366973
0,0,0,0.4566338,0.47499168,0.30127764,0.4594594594594594,0.4601769911504425,0.5526315789473684
0,0,1,0.45575106,0.45376962,0.42536283,0.5,0.4642857142857143,0.543859649122807
0,0,2,0.3565727,0.38668752,0.3943749,0.4953271028037384,0.5258620689655172,0.4639175257731959
1,1,1,0.3440092,0.36435723,0.306378,0.6320754716981132,0.5980392156862745,0.6260869565217391
1,1,1,0.38792285,0.38802218,0.31761047,0.408695652173913,0.6324786324786325,0.4649122807017544
1,1,1,0.43499434,0.36335784,0.39607942,0.4444444444444444,0.5,0.4504504504504504
1,1,1,0.4866286,0.38385344,0.35179633,0.4741379310344827,0.4054054054054054,0.5087719298245614
1,1,1,0.36969882,0.47583807,0.40650132,0.504424778761062,0.5042735042735043,0.3728813559322034
1,1,1,0.52055985,0.4526659,0.38769263,0.4369747899159664,0.4953271028037384,0.4260869565217391
1,1,1,0.30488247,0.3028003,0.31907266,0.4642857142857143,0.6216216216216216,0.5871559633027523
1,1,1,0.46775585,0.42466426,0.4421446,0.5267857142857143,0.3739130434782608,0.4067796610169492
1,1,1,0.45825782,0.45582166,0.41896823,0.5084745762711864,0.6017699115044248,0.6057692307692308
1,1,2,0.40104258,0.42366835,0.48611945,0.6371681415929203,0.5363636363636364,0.3983050847457627
1,1,2,0.37297186,0.3896938,0.49303457,0.5225225225225225,0.5486725663716814,0.5752212389380531
1,1,2,0.4028305,0.33302847,0.38834986,0.5688073394495412,0.5,0.6330275229357798
1,1,2,0.38826004,0.38204044,0.44473824,0.4054054054054054,0.475,0.4545454545454546
1,1,2,0.5408592,0.40979332,0.40466812,0.5178571428571428,0.6036036036036037,0.652542372881356
1,1,2,0.52862144,0.3904018,0.51792824,0.4310344827586206,0.5576923076923077,0.4471544715447154
1,1,2,0.52728075,0.41196054,0.38157582,0.5585585585585586,0.3928571428571429,0.5775862068965517
1,1,2,0.4143664,0.38639295,0.33336934,0.6111111111111112,0.5462962962962963,0.5470085470085471
1,1,2,0.34304255,0.47871155,0.37710467,0.4112149532710281,0.4059405940594059,0.5876288659793815
1,2,1,0.32401022,0.46962148,0.35727128,0.4485981308411215,0.4017094017094017,0.5384615384615384
1,2,1,0.43891162,0.39230543,0.35430872,0.4901960784313726,0.6,0.5565217391304348
1,2,1,0.35875332,0.35149938,0.50245404,0.6086956521739131,0.4324324324324324,0.5263157894736843
1,2,1,0.18281826,0.37607938,0.28072104,0.5258620689655172,0.5123966942148761,0.5982905982905983
1,2,1,0.44217673,0.3682112,0.39551944,0.5585585585585586,0.5213675213675213,0.5739130434782609
1,2,1,0.35801786,0.4199316,0.41000164,0.5089285714285714,0.5163934426229508,0.5132743362831859
1,2,1,0.41574708,0.36092985,0.4305742,0.5304347826086957,0.6160714285714286,0.5528455284552846
1,2,1,0.29723632,0.28958577,0.3803044,0.4504504504504504,0.4521739130434783,0.5350877192982456
1,2,1,0.37102085,0.4053709,0.23018438,0.5,0.4833333333333333,0.6846846846846847
1,2,2,0.32451007,0.3090971,0.5032954,0.5431034482758621,0.6428571428571428,0.4830508474576271
1,2,2,0.5177114,0.42183506,0.4220808,0.5892857142857143,0.4333333333333333,0.3913043478260869
1,2,2,0.58148766,0.51934433,0.4920637,0.4789915966386554,0.5,0.4833333333333333
1,2,2,0.37930834,0.37532625,0.40762436,0.5480769230769231,0.6052631578947368,0.5714285714285714
1,2,2,0.51916766,0.44333786,0.37003833,0.5213675213675213,0.4912280701754385,0.4913793103448276
1,2,2,0.38795725,0.44031015,0.5232921,0.6036036036036037,0.5943396226415094,0.6814159292035398
1,2,2,0.36264864,0.4346094,0.38017642,0.4918032786885246,0.6052631578947368,0.578512396694215
1,2,2,0.35193634,0.4649652,0.44896328,0.5545454545454546,0.5333333333333333,0.5614035087719298
1,2,2,0.40983242,0.4155965,0.33322066,0.4033613445378151,0.5169491525423728,0.5565217391304348
0,0,0,0.6180928,0.65385324,0.78576875,0.5175438596491229,0.5585585585585586,0.5043478260869565
0,0,1,0.7729809,0.7518762,0.7490502,0.3425925925925925,0.5175438596491229,0.546218487394958
0,0,2,0.71706223,0.7163793,0.7489051,0.4818181818181818,0.6666666666666667,0.3571428571428571
1,1,1,0.6365689,0.6265404,0.77936965,0.5181818181818182,0.4122807017543859,0.4363636363636364
1,1,1,0.76525176,0.7606694,0.765796,0.4347826086956522,0.3982300884955752,0.5648148148148149
1,1,1,0.7744858,0.72177595,0.7580189,0.5094339622641509,0.5283018867924528,0.4545454545454546
1,1,1,0.7832692,0.75460476,0.71788293,0.4910714285714286,0.4778761061946902,0.5765765765765766
1,1,1,0.63490975,0.7170028,0.7092693,0.4298245614035088,0.4827586206896551,0.5089285714285714
1,1,1,0.6935531,0.7476802,0.6484084,0.4051724137931034,0.4601769911504425,0.5508474576271186
1,1,1,0.72902286,0.61900187,0.6923457,0.4587155963302752,0.4272727272727272,0.5504587155963303
1,1,1,0.60867906,0.7929249,0.7334815,0.4774774774774775,0.4821428571428571,0.4173913043478261
1,1,1,0.65888596,0.7704824,0.5562043,0.5344827586206897,0.5603448275862069,0.5315315315315315
1,1,2,0.7325585,0.6929874,0.6605027,0.6388888888888888,0.5948275862068966,0.5132743362831859
1,1,2,0.7494905,0.77445054,0.723609,0.5675675675675675,0.5357142857142857,0.4649122807017544
1,1,2,0.6803923,0.75277585,0.7243322,0.3931623931623932,0.4862385321100917,0.5652173913043479
1,1,2,0.72105557,0.68760353,0.76287055,0.4736842105263158,0.4272727272727272,0.6086956521739131
1,1,2,0.5481957,0.74836636,0.7571582,0.5042735042735043,0.4912280701754385,0.4867256637168141
1,1,2,0.7330986,0.7531577,0.7313671,0.5495495495495495,0.4173913043478261,0.543859649122807
1,1,2,0.73483044,0.7755846,0.6395834,0.5701754385964912,0.504424778761062,0.5045871559633027
1,1,2,0.60151625,0.7874485,0.618677,0.5614035087719298,0.4358974358974359,0.4310344827586206
1,1,2,0.6822524,0.7487505,0.7397464,0.5221238938053097,0.5254237288135593,0.4473684210526315
1,2,1,0.6769898,0.62186575,0.71428305,0.5391304347826087,0.4684684684684684,0.5391304347826087
1,2,1,0.71072495,0.7688489,0.79097855,0.5454545454545454,0.4818181818181818,0.4298245614035088
1,2,1,0.6384476,0.7136371,0.6427828,0.4375,0.5575221238938053,0.5217391304347826
1,2,1,0.7813395,0.75259995,0.67679036,0.3873873873873874,0.4351851851851852,0.4642857142857143
1,2,1,0.7060507,0.7546736,0.5823713,0.5811965811965811,0.5135135135135135,0.5304347826086957
1,2,1,0.66866463,0.7363091,0.57983065,0.4036697247706422,0.5087719298245614,0.3425925925925925
1,2,1,0.783005,0.7652242,0.64304805,0.4867256637168141,0.5826086956521739,0.5471698113207547
1,2,1,0.67044973,0.40512627,0.6085589,0.6086956521739131,0.509090909090909,0.5945945945945945
1,2,1,0.71430355,0.70656633,0.6070382,0.5263157894736843,0.5585585585585586,0.409090909090909
1,2,2,0.69321936,0.73125976,0.6635435,0.4173913043478261,0.5,0.4818181818181818
1,2,2,0.68534565,0.77229714,0.5574747,0.4818181818181818,0.4690265486725663,0.5431034482758621
1,2,2,0.6228198,0.75614285,0.5947134,0.5172413793103448,0.4821428571428571,0.3931623931623932
1,2,2,0.5695222,0.7443794,0.63178563,0.5412844036697247,0.5517241379310345,0.5045871559633027
1,2,2,0.7626295,0.6516279,0.614362,0.4504504504504504,0.576271186440678,0.5221238938053097
1,2,2,0.7466955,0.73664117,0.4474479,0.5045045045045045,0.5663716814159292,0.5130434782608695
1,2,2,0.778888,0.7194024,0.7291038,0.4504504504504504,0.5909090909090908,0.3909090909090909
1,2,2,0.62782943,0.723233,0.7753929,0.4956521739130435,0.5826086956521739,0.5
1,2,2,0.7115827,0.7615271,0.7297603,0.5446428571428572,0.4642857142857143,0.4336283185840708
