T,Z_race,Z_gender,original_outcome,rt_es_outcome,rt_da_outcome,original_m_safechat_compression,rt_es_m_safechat_compression,rt_da_m_safechat_compression
0,0,0,0.8448107,0.78731734,0.7810188,0.6237623762376238,0.7647058823529411,0.6422018348623852
0,0,1,0.8378752,0.83506453,0.8191396,0.3333333333333333,0.6603773584905661,0.6454545454545455
0,0,2,0.78093684,0.8328254,0.77797097,0.7606837606837606,0.6521739130434783,0.2105263157894736
1,1,1,0.5043181,0.7033355,0.69849503,0.6578947368421053,0.6818181818181819,0.7217391304347827
1,1,1,0.7997776,0.59976774,0.7074388,0.6929824561403508,0.7636363636363637,0.7652173913043478
1,1,1,0.7456496,0.6667118,0.7089039,0.6470588235294117,0.6956521739130435,0.6776859504132231
1,1,1,0.6537434,0.7627593,0.77298474,0.641025641025641,0.6727272727272727,0.6574074074074074
1,1,1,0.7511625,0.6778587,0.60631907,0.7049180327868853,0.7435897435897436,0.6837606837606838
1,1,1,0.76059455,0.7310126,0.7765799,0.6608695652173913,0.6875,0.73109243697479
1,1,1,0.82166517,0.7411753,0.8236878,0.6517857142857143,0.6818181818181819,0.6517857142857143
1,1,1,0.71182585,0.75604403,0.8244139,0.6902654867256637,0.7326732673267327,0.6116504854368932
1,1,1,0.7422174,0.73448884,0.7140019,0.3278688524590164,0.6885245901639344,0.6608695652173913
1,1,2,0.83119524,0.84259695,0.7503835,0.7264957264957265,0.7,0.7289719626168225
1,1,2,0.7791551,0.8302524,0.83234894,0.6568627450980392,0.6964285714285714,0.6597938144329897
1,1,2,0.7973826,0.8321055,0.72729313,0.6538461538461539,0.7254901960784313,0.6666666666666667
1,1,2,0.5813832,0.7969178,0.84643877,0.6864406779661016,0.6504854368932038,0.6875
1,1,2,0.70042026,0.76458186,0.7929605,0.663716814159292,0.6814159292035398,0.6454545454545455
1,1,2,0.7454458,0.8159821,0.7406925,0.7027027027027026,0.6923076923076923,0.712962962962963
1,1,2,0.8286546,0.6946995,0.67289513,0.6730769230769231,0.7090909090909091,0.7226890756302521
1,1,2,0.7398765,0.7812114,0.46716595,0.6810344827586207,0.6864406779661016,-0.5
1,1,2,0.8331811,0.84092855,0.69923425,0.6826923076923077,0.6833333333333333,0.6557377049180328
1,2,1,0.7581414,0.74923563,0.8022386,0.6902654867256637,0.6460176991150443,0.6752136752136753
1,2,1,0.834612,0.76759285,0.8355839,0.6571428571428571,0.6982758620689655,0.696078431372549
1,2,1,0.8183685,0.7821795,0.8461855,0.6929824561403508,0.663716814159292,0.7387387387387387
1,2,1,0.7968422,0.732594,0.7179259,0.6724137931034483,0.6428571428571428,0.7058823529411764
1,2,1,0.81647134,0.82031256,0.6979975,0.7314814814814814,0.6722689075630253,0.711864406779661
1,2,1,0.7944279,0.7381346,0.8432343,0.680672268907563,0.646551724137931,0.7631578947368421
1,2,1,0.83923936,0.6875413,0.74908745,0.6929824561403508,0.6306306306306306,0.35
1,2,1,0.704393,0.788267,0.74752253,0.6637931034482758,0.7155172413793103,0.788135593220339
1,2,1,0.7221908,0.8041692,0.8034012,0.6942148760330579,0.6481481481481481,0.6415094339622642
1,2,2,0.78290343,0.80892336,0.7886224,0.6330275229357798,0.717948717948718,0.6923076923076923
1,2,2,0.7485149,0.7451074,0.67277646,0.7272727272727273,0.6341463414634146,0.6428571428571428
1,2,2,0.79883933,0.8357402,0.8168762,0.6810344827586207,0.7083333333333333,0.6548672566371682
1,2,2,0.73017246,0.8095137,0.8258505,0.7264957264957265,0.6752136752136753,0.6545454545454545
1,2,2,0.744949,0.8424497,0.799973,0.7203389830508475,0.6875,0.6460176991150443
1,2,2,0.80402595,0.76545775,0.7878552,0.6440677966101696,0.7017543859649122,0.6990291262135923
1,2,2,0.7265516,0.8226373,0.77127695,0.6956521739130435,0.6964285714285714,0.6929824561403508
1,2,2,0.61778915,0.67461765,0.84219843,0.6833333333333333,0.6396396396396397,0.75
1,2,2,0.67690057,0.58218694,0.6847677,0.7217391304347827,0.6722689075630253,0.7241379310344828
0,0,0,0.87225115,0.8797456,0.75253844,0.6956521739130435,0.7350427350427351,0.6788990825688073
0,0,1,0.867833,0.8752374,0.6659138,0.7413793103448276,0.0789473684210526,0.6019417475728155
0,0,2,0.7833418,0.7919641,0.6798371,0.6666666666666667,0.6637931034482758,0.6326530612244898
1,1,1,0.813866,0.6727263,-0.01981596,0.6875,0.6949152542372881,0.0
1,1,1,0.84063125,0.7743647,0.6190555,0.6837606837606838,0.6695652173913044,0.6837606837606838
1,1,1,0.6886399,0.8054049,0.53896815,0.6666666666666667,0.6542056074766356,0.6846846846846847
1,1,1,0.74797374,0.8761966,0.8296596,0.6869565217391305,0.7192982456140351,0.6936936936936937
1,1,1,0.7221875,0.0011358559,0.896157,0.6862745098039216,0.0,0.6929824561403508
1,1,1,0.7462379,0.7347097,0.7045344,0.6391752577319587,0.7142857142857143,0.6528925619834711
1,1,1,0.739432,0.5741495,0.7869761,0.6756756756756757,0.6974789915966386,0.6635514018691588
1,1,1,0.9135101,0.6767787,0.5694489,0.6542056074766356,0.6822429906542056,0.7107438016528926
1,1,1,0.6872206,0.6718948,0.88390857,0.691588785046729,0.6363636363636364,0.7168141592920354
1,1,2,0.88393474,0.7826135,0.78064954,0.0303030303030302,0.6810344827586207,0.7058823529411764
1,1,2,0.7485742,0.5749686,0.5243418,0.711864406779661,0.6875,0.6756756756756757
1,1,2,0.8778381,0.8528925,0.8937524,0.7017543859649122,0.6981132075471699,0.4150943396226415
1,1,2,0.9129857,0.8184246,0.89164853,0.7094017094017093,0.6779661016949152,0.6822429906542056
1,1,2,0.8673601,0.71267337,0.7572522,0.6699999999999999,0.6190476190476191,0.6837606837606838
1,1,2,0.778637,0.8706176,0.7542783,0.6964285714285714,0.728813559322034,0.7241379310344828
1,1,2,0.89539546,0.7262758,0.8729836,0.6697247706422018,0.7033898305084746,0.7372881355932204
1,1,2,0.77808356,0.80642796,0.6598413,0.6722689075630253,0.6551724137931034,0.6517857142857143
1,1,2,0.64236844,0.650157,0.77334505,0.6181818181818182,0.6722689075630253,0.6782608695652175
1,2,1,0.8126074,0.8337357,0.8844143,0.7333333333333334,0.7217391304347827,0.6896551724137931
1,2,1,0.8481825,0.8184178,0.6620392,0.6869565217391305,0.7043478260869565,0.7333333333333334
1,2,1,0.83675617,0.8776907,0.7632636,0.7142857142857143,0.5342465753424658,0.6161616161616161
1,2,1,0.7026831,0.66779786,0.77299905,0.6608695652173913,0.6403508771929824,0.6637931034482758
1,2,1,0.795907,0.90474796,0.7975981,0.1578947368421053,0.693069306930693,0.7058823529411764
1,2,1,0.8442007,0.8652059,0.85415363,0.6842105263157895,0.717948717948718,0.6991150442477876
1,2,1,0.8797456,0.79613894,0.75547415,0.7280701754385965,0.7090909090909091,0.6379310344827587
1,2,1,0.80774117,0.81097,0.83151853,0.7333333333333334,0.159090909090909,0.6880733944954128
1,2,1,0.74839616,0.7017851,0.86453396,0.7894736842105263,0.6782608695652175,0.75
1,2,2,0.8666775,0.73878956,0.8009781,0.711864406779661,0.7435897435897436,0.7008547008547008
1,2,2,0.7613764,0.8577415,0.86423606,0.6864406779661016,0.7168141592920354,0.7217391304347827
1,2,2,0.9116319,0.8359931,0.8743137,0.711864406779661,0.7304347826086957,0.6754385964912281
1,2,2,-0.099280104,0.9133012,0.91355073,0.0,0.7350427350427351,0.6991150442477876
1,2,2,0.84712535,0.9111875,0.809691,0.7,0.6982758620689655,0.7142857142857143
1,2,2,0.694027,0.849161,0.8859321,0.6396396396396397,0.7154471544715447,0.4354838709677419
1,2,2,0.7744379,0.58632255,0.7808703,0.6814159292035398,0.6283185840707964,0.6956521739130435
1,2,2,0.7850104,0.80133903,0.6765747,0.6756756756756757,0.7207207207207207,0.7017543859649122
1,2,2,0.7556277,0.87016857,0.8900928,0.6725663716814159,0.7,0.6982758620689655
0,0,0,0.62851423,0.6209573,0.6611289,0.6990291262135923,0.5957446808510638,0.5858585858585859
0,0,1,0.6297594,0.62413573,0.6434984,0.6989247311827957,0.6413043478260869,0.6304347826086957
0,0,2,0.6078119,0.62564516,0.6295692,0.6458333333333333,0.7325581395348837,0.65625
1,1,1,0.6282122,0.62556136,0.6465165,0.62,0.7669902912621359,0.6603773584905661
1,1,1,0.6444855,0.6283753,0.63764846,0.7040816326530612,0.7127659574468085,0.6
1,1,1,0.60846794,0.6558857,0.6360592,0.7289719626168225,0.6538461538461539,0.735632183908046
1,1,1,0.63590324,0.6761575,0.65924776,0.6304347826086957,0.648936170212766,0.6043956043956045
1,1,1,0.6452511,0.6530712,0.6464287,0.7339449541284404,0.7128712871287128,0.6170212765957447
1,1,1,0.56130826,0.6473229,0.38612497,0.7171717171717171,0.6601941747572815,0.6732673267326732
1,1,1,0.62982756,0.65476274,0.63699293,0.5684210526315789,0.6304347826086957,0.6464646464646464
1,1,1,0.65983456,0.61197156,0.64353263,0.6444444444444444,0.7065217391304348,0.8152173913043479
1,1,1,0.67247427,0.63455415,0.59215915,0.75,0.711340206185567,0.5894736842105264
1,1,2,0.63770884,0.6419738,0.53024817,0.803921568627451,0.7446808510638299,0.6581196581196581
1,1,2,0.6160269,0.638067,0.6671992,0.7766990291262136,0.6138613861386139,0.64
1,1,2,0.6410432,0.6856114,0.62772167,0.6185567010309279,0.7264150943396226,0.6701030927835052
1,1,2,0.59131587,0.6250682,0.6164361,0.6454545454545455,0.6170212765957447,0.6063829787234043
1,1,2,0.6694821,0.6431298,0.63404083,0.6868686868686869,0.6770833333333333,0.6336633663366337
1,1,2,0.64214265,0.66376483,0.576437,0.6822429906542056,0.6320754716981132,0.7263157894736842
1,1,2,0.6026839,0.62149036,0.6608001,0.7184466019417476,0.6634615384615384,0.6491228070175439
1,1,2,0.6425623,0.60694915,0.64066994,0.6770833333333333,0.6702127659574468,0.6699029126213591
1,1,2,0.62171584,0.68201476,0.659287,0.6565656565656566,0.6262626262626263,0.7216494845360825
1,2,1,0.5990716,0.6290086,0.6214714,0.7087378640776699,0.65,0.6276595744680851
1,2,1,0.6589433,0.5769628,0.6468434,0.7425742574257426,0.5612244897959184,0.6767676767676767
1,2,1,0.6308735,0.67847925,0.5974792,0.8349514563106796,0.6699029126213591,0.7019230769230769
1,2,1,0.6392495,0.6308735,0.63550127,0.801980198019802,0.8454545454545455,0.7156862745098039
1,2,1,0.6142669,0.6311865,0.62785745,0.574468085106383,0.7708333333333334,0.63
1,2,1,0.62290573,0.66776216,0.5757202,0.6428571428571428,0.6699029126213591,0.81
1,2,1,0.61657584,0.6239864,0.54890573,0.7835051546391752,0.6565656565656566,0.7
1,2,1,0.6447306,0.64985096,0.62203646,0.6796116504854368,0.6382978723404256,0.6599999999999999
1,2,1,0.6717211,0.637899,0.676232,0.6476190476190475,0.7446808510638299,0.6285714285714286
1,2,2,0.6221545,-0.01959451,0.6427796,0.6862745098039216,-0.4375,0.6388888888888888
1,2,2,0.64306843,0.65331376,0.6397133,0.6407766990291262,0.625,0.6041666666666667
1,2,2,0.6289627,0.62316334,0.63129634,0.6785714285714286,0.6981132075471699,0.6868686868686869
1,2,2,0.6265956,0.6275665,0.5614167,0.5806451612903225,0.6526315789473685,0.7777777777777778
1,2,2,0.65415967,0.5371635,0.64996517,0.5555555555555556,0.6851851851851851,0.6483516483516483
1,2,2,0.61441433,0.72172886,0.6407238,0.7352941176470589,0.6538461538461539,0.7204301075268817
1,2,2,0.54556644,0.60097796,0.64425427,0.7227722772277227,0.7083333333333333,0.7029702970297029
1,2,2,0.6574274,0.59193885,0.5910928,0.6633663366336633,0.6956521739130435,0.6880733944954128
1,2,2,0.66968286,0.63802713,0.6080752,0.6509433962264151,0.6599999999999999,0.6831683168316831
0,0,0,0.5142821,0.77626514,0.8258115,0.4418604651162791,0.6810344827586207,0.6782608695652175
0,0,1,0.50258774,0.5845288,0.13271946,0.4354838709677419,0.0789473684210526,0.0
0,0,2,0.47939038,0.82284963,-0.053209633,-0.0384615384615385,0.625,0.0
1,1,1,0.72914815,0.78566027,0.67987084,0.6513761467889908,0.6785714285714286,0.6754385964912281
1,1,1,0.76135945,0.7278674,0.05833533,0.696969696969697,0.6923076923076923,0.0
1,1,1,0.71939886,0.61278915,0.7214751,0.6782608695652175,0.6929824561403508,0.7280701754385965
1,1,1,0.66418326,0.6868789,0.40416253,0.7068965517241379,0.7207207207207207,0.2807017543859649
1,1,1,0.81265604,0.68805456,0.21926796,0.6574074074074074,0.7168141592920354,0.3559322033898305
1,1,1,-0.025796853,0.7195735,0.6545188,-0.5,0.6513761467889908,0.53125
1,1,1,0.67859703,0.7355694,0.30401185,0.6396396396396397,0.6576576576576576,0.4142857142857142
1,1,1,0.54137784,0.74205893,0.28827578,0.6846846846846847,0.7232142857142857,0.4615384615384615
1,1,1,0.78948104,0.74126846,0.47933662,0.6578947368421053,0.7610619469026548,-0.1052631578947369
1,1,2,0.76771843,0.76276195,0.4368896,0.7264957264957265,0.7107438016528926,0.5
1,1,2,0.69367564,0.70724857,0.43585762,0.7117117117117118,0.6513761467889908,0.3478260869565217
1,1,2,0.741924,0.6830363,0.03820686,0.6403508771929824,0.6764705882352942,0.4714285714285714
1,1,2,0.76293004,0.69786084,0.24329172,0.7043478260869565,0.6974789915966386,0.4142857142857142
1,1,2,0.7497305,0.64624774,0.15670732,0.6347826086956522,0.6296296296296297,0.4415584415584416
1,1,2,0.65953547,0.7109394,0.06281756,0.6869565217391305,0.6538461538461539,0.4242424242424242
1,1,2,0.7566806,0.6670699,0.37200648,0.6698113207547169,0.6238532110091743,0.6081081081081081
1,1,2,0.77702606,0.72833234,0.097031206,0.6694915254237288,0.6694915254237288,-0.0666666666666666
1,1,2,0.76561487,0.7520643,0.20693724,0.7652173913043478,0.7019230769230769,0.2549019607843137
1,2,1,0.6881188,0.73687714,0.3673818,0.65,0.6725663716814159,0.4246575342465754
1,2,1,0.7589839,0.6846874,-0.06428286,0.7232142857142857,0.7213114754098361,0.0
1,2,1,0.69558895,0.76442254,0.2559675,0.7407407407407407,0.752212389380531,0.475
1,2,1,0.7412796,0.6524751,0.2938074,0.7289719626168225,0.6697247706422018,0.6722689075630253
1,2,1,0.71258295,0.68683505,0.29964882,0.6756756756756757,0.7272727272727273,0.5238095238095238
1,2,1,0.6794724,0.77440345,0.34192222,0.6666666666666667,0.6195652173913043,0.40625
1,2,1,-0.040492546,0.6057012,0.43090498,0.0,0.625,0.4794520547945206
1,2,1,0.7463023,0.7866042,0.3881215,0.6481481481481481,0.6923076923076923,0.4084507042253521
1,2,1,0.7030375,0.78415143,-0.017976021,0.6929824561403508,0.6754385964912281,-0.5
1,2,2,0.6910043,0.6680271,0.64930373,0.6454545454545455,0.6260869565217391,0.6859504132231404
1,2,2,0.7714908,0.7645152,0.479106,0.6632653061224489,0.6440677966101696,0.5844155844155844
1,2,2,0.7174268,0.5599532,0.48649696,0.625,0.6612903225806452,0.2545454545454545
1,2,2,0.70940197,0.6892469,0.061476752,0.7053571428571428,0.6782608695652175,0.3166666666666666
1,2,2,0.7034259,0.68487453,0.56827426,0.788135593220339,0.6470588235294117,0.6764705882352942
1,2,2,0.74127805,0.7356745,0.41185826,0.6694214876033058,0.6722689075630253,0.2456140350877192
1,2,2,0.6951681,0.7246001,0.3830761,0.6929824561403508,0.7207207207207207,0.3
1,2,2,0.70038724,0.76681614,0.37633076,0.7217391304347827,0.6695652173913044,0.4499999999999999
1,2,2,0.5895994,0.74505675,0.04548829,0.6818181818181819,0.6818181818181819,0.0
0,0,0,0.7788608,0.7945173,0.847107,0.6428571428571428,0.6460176991150443,0.6862745098039216
0,0,1,0.7770629,0.75342405,0.7941674,0.6068376068376069,0.675,0.752212389380531
0,0,2,0.8073141,0.8055903,0.74193156,0.7297297297297297,0.6403508771929824,0.6283185840707964
1,1,1,0.8187433,0.7129762,0.6243831,0.6548672566371682,0.6864406779661016,0.652542372881356
1,1,1,0.7734988,0.8024623,0.7125628,0.6194690265486726,0.6363636363636364,0.6696428571428572
1,1,1,0.7131046,0.81191754,0.82196176,0.6521739130434783,0.6666666666666667,0.6260869565217391
1,1,1,0.66648316,0.6908084,0.8148731,0.7241379310344828,0.6782608695652175,0.6181818181818182
1,1,1,0.8184452,0.78669155,0.7488374,0.6774193548387097,0.6574074074074074,0.6517857142857143
1,1,1,0.81888443,0.8482347,0.8619956,0.6578947368421053,0.6725663716814159,0.6727272727272727
1,1,1,0.8206046,0.6842284,0.6407453,0.6936936936936937,0.7542372881355932,0.6818181818181819
1,1,1,0.5886103,0.033738762,0.636863,0.6638655462184874,0.0,0.6942148760330579
1,1,1,0.78089774,0.75116056,0.74526775,0.736842105263158,0.7017543859649122,0.6607142857142857
1,1,2,0.6804762,0.6633264,0.74286443,0.7798165137614679,0.6880733944954128,0.6639344262295082
1,1,2,0.7308629,0.04247942,0.7086615,0.7314814814814814,0.0,0.6454545454545455
1,1,2,-0.057666942,0.690377,0.736357,0.0,0.7358490566037736,0.6666666666666667
1,1,2,0.6686159,0.82680655,0.6598219,0.6638655462184874,0.6752136752136753,0.6814159292035398
1,1,2,0.79065466,0.7227435,0.8150772,0.6271186440677966,0.7096774193548387,0.6896551724137931
1,1,2,0.80190474,0.7961835,0.84230834,0.6355932203389831,0.6548672566371682,0.6696428571428572
1,1,2,0.85254526,0.7040428,0.83233535,0.652542372881356,0.6972477064220184,0.6548672566371682
1,1,2,0.7580237,0.57435334,0.665311,0.6638655462184874,0.7452830188679245,0.75
1,1,2,0.8367297,0.65997887,0.65791297,0.7264957264957265,0.7788461538461539,0.6534653465346535
1,2,1,0.7181946,0.7964215,0.81139827,0.7241379310344828,0.711864406779661,0.6608695652173913
1,2,1,0.7227788,0.84785736,0.793271,0.7,0.6434782608695653,0.7478260869565218
1,2,1,0.79237616,0.7266821,0.8004832,0.7652173913043478,0.7345132743362832,0.6788990825688073
1,2,1,0.86425585,0.8642146,0.8369474,0.6434782608695653,0.7207207207207207,0.6822429906542056
1,2,1,0.7987413,0.8643364,0.7246541,0.7181818181818183,0.7053571428571428,0.6756756756756757
1,2,1,0.836568,0.0065392684,0.7241118,0.6779661016949152,0.0,0.6842105263157895
1,2,1,0.7483954,0.872774,0.6567965,0.680327868852459,0.6639344262295082,0.663716814159292
1,2,1,0.6754319,0.7798612,0.83009416,0.6785714285714286,0.6428571428571428,0.7117117117117118
1,2,1,0.77938896,0.7474768,0.6682863,0.7181818181818183,0.6724137931034483,0.6194690265486726
1,2,2,0.6945745,0.88028955,0.7774468,0.6607142857142857,0.6952380952380952,0.6909090909090909
1,2,2,0.71210873,0.5888406,0.7647952,0.641025641025641,0.6576576576576576,0.6725663716814159
1,2,2,0.7933624,-0.007153532,0.64692926,0.7033898305084746,0.0,0.6386554621848739
1,2,2,0.7288198,0.79498535,0.7918274,0.7610619469026548,0.632,0.7435897435897436
1,2,2,0.8256737,0.69591844,0.8395513,0.6403508771929824,0.6379310344827587,0.7090909090909091
1,2,2,0.84170544,0.051103484,0.8186703,0.680327868852459,0.0,0.6964285714285714
1,2,2,0.6864561,0.68081415,0.64539236,0.6722689075630253,0.7094017094017093,0.6756756756756757
1,2,2,0.83606577,0.7777192,0.7571028,0.6428571428571428,0.6528925619834711,0.6481481481481481
1,2,2,0.80117357,0.7707688,0.7863687,0.6355932203389831,0.6666666666666667,0.6695652173913044
0,0,0,0.48650032,0.52043545,0.6963657,0.7142857142857143,0.6636363636363636,0.6902654867256637
0,0,1,0.56227976,0.61734825,0.7536727,0.6785714285714286,0.7627118644067796,0.6224489795918368
0,0,2,0.564281,0.53702366,0.5703049,0.6379310344827587,0.6578947368421053,0.6517857142857143
1,1,1,0.6566124,0.6406871,0.63448155,0.6923076923076923,0.6814159292035398,0.75
1,1,1,0.71760225,0.56441474,0.56744254,0.6944444444444444,-0.0689655172413792,0.6422018348623852
1,1,1,0.7577563,0.5578383,0.61632985,0.6513761467889908,0.625,0.6756756756756757
1,1,1,0.6250397,0.6481426,0.6072852,0.6548672566371682,0.6697247706422018,0.6330275229357798
1,1,1,0.5083884,0.5601926,0.91319966,0.6785714285714286,0.6952380952380952,0.6419753086419753
1,1,1,0.513319,0.7204772,0.59375274,0.6491228070175439,0.6666666666666667,0.64
1,1,1,0.77989566,0.5611814,0.6230006,0.125,0.6132075471698113,0.5802469135802469
1,1,1,0.8573344,0.69119793,0.79482424,0.6666666666666667,0.6568627450980392,0.7256637168141593
1,1,1,0.5683738,0.5818141,0.6419544,0.6785714285714286,0.7807017543859649,0.6991150442477876
1,1,2,0.6548679,0.60304964,0.61284715,0.6752136752136753,0.7606837606837606,0.7281553398058253
1,1,2,0.67361796,0.6879411,0.6827973,0.6470588235294117,0.6782608695652175,0.4923076923076923
1,1,2,0.64865273,0.61595905,0.64144987,0.6486486486486487,0.5900000000000001,0.6576576576576576
1,1,2,0.5962097,0.6375565,0.7620801,0.6754385964912281,0.6818181818181819,0.625
1,1,2,0.6778759,0.6983821,0.74526775,0.6454545454545455,0.6764705882352942,0.6632653061224489
1,1,2,0.52783537,0.6248315,0.815892,0.6571428571428571,0.7064220183486238,0.6697247706422018
1,1,2,0.5731479,0.58238554,0.8039448,0.6666666666666667,0.7232142857142857,0.7207207207207207
1,1,2,0.6207431,0.56064665,0.7124927,0.6724137931034483,0.663716814159292,0.6666666666666667
1,1,2,0.7051163,0.5172287,0.7043129,0.6460176991150443,0.7192982456140351,0.6804123711340206
1,2,1,0.6152599,0.6900692,0.8792136,0.6407766990291262,0.6363636363636364,0.6702127659574468
1,2,1,0.67178845,0.6286793,0.7787634,0.6724137931034483,0.6944444444444444,0.728813559322034
1,2,1,0.7486874,0.6667299,0.86882395,0.7,0.7083333333333333,0.1333333333333333
1,2,1,0.68959093,0.5036221,0.6770177,0.6019417475728155,0.7117117117117118,0.7326732673267327
1,2,1,0.7689734,0.46543145,0.7966131,0.59375,0.6756756756756757,0.6725663716814159
1,2,1,0.6127837,0.564331,0.73421407,0.6185567010309279,0.6486486486486487,0.6788990825688073
1,2,1,0.6890489,0.57514226,0.7431139,0.6509433962264151,0.6517857142857143,0.6574074074074074
1,2,1,0.5739113,0.63512397,0.67341816,0.6725663716814159,0.725,0.6952380952380952
1,2,1,0.83953047,0.5130466,0.6849117,0.6696428571428572,0.6509433962264151,0.6509433962264151
1,2,2,0.57852733,0.71693355,0.7846776,0.6578947368421053,0.6818181818181819,0.7391304347826086
1,2,2,0.73581696,0.55976903,0.73077977,0.3225806451612903,0.6476190476190475,0.0
1,2,2,0.62475216,0.6435586,0.6320904,0.6442307692307692,0.6869565217391305,0.6810344827586207
1,2,2,0.6106604,0.6255318,0.7063606,0.7478260869565218,0.6666666666666667,0.6415094339622642
1,2,2,0.62268895,0.64142734,0.8166319,0.6454545454545455,0.1363636363636363,0.632183908045977
1,2,2,0.6714886,0.6844519,0.8710383,0.7281553398058253,0.6857142857142857,0.6599999999999999
1,2,2,0.55258596,0.52251214,0.636992,0.6603773584905661,0.5980392156862745,0.6875
1,2,2,0.6753371,0.69807434,0.62636435,0.0270270270270269,0.3898305084745762,0.6851851851851851
1,2,2,0.8018213,0.551122,0.69843113,0.653061224489796,0.6869565217391305,0.6696428571428572
0,0,0,0.7099569,0.8137212,0.81035495,0.7454545454545455,0.6576576576576576,0.6574074074074074
0,0,1,0.7738048,0.691995,0.7561321,0.6862745098039216,0.6261682242990654,0.7156862745098039
0,0,2,0.74445623,0.7818013,0.6914344,0.6846846846846847,0.7352941176470589,0.6761904761904762
1,1,1,0.7196646,0.65609646,0.61326665,0.6788990825688073,0.7043478260869565,0.7075471698113207
1,1,1,0.76714814,0.7262871,0.7525562,0.6454545454545455,0.7307692307692308,0.6761904761904762
1,1,1,0.7986518,0.8211468,0.6270137,0.6330275229357798,0.7155963302752293,0.7184466019417476
1,1,1,0.7930443,0.7108178,0.85007375,0.63,0.6534653465346535,0.6379310344827587
1,1,1,0.80725,0.66618955,0.66496146,0.7087378640776699,0.7130434782608696,0.6846846846846847
1,1,1,0.68007576,0.6778612,0.7669258,0.7454545454545455,0.7053571428571428,0.6272727272727272
1,1,1,0.7401618,0.737767,0.7765025,0.6949152542372881,0.6759259259259259,0.6635514018691588
1,1,1,0.6817226,0.73593855,0.7947885,0.8070175438596492,0.6952380952380952,0.75
1,1,1,0.6550997,0.67085284,0.71811557,0.7452830188679245,0.8476190476190476,0.7222222222222222
1,1,2,0.6758695,0.77281606,0.74885535,0.7837837837837838,0.6517857142857143,0.6728971962616823
1,1,2,0.83730584,0.6937357,0.80038977,0.7184466019417476,0.6724137931034483,0.6363636363636364
1,1,2,0.7383989,0.73100954,0.6620319,0.7079646017699115,0.72,0.6454545454545455
1,1,2,0.80025345,0.70177364,0.7694322,0.6880733944954128,0.7171717171717171,0.6578947368421053
1,1,2,0.75546473,0.78612626,0.64126766,0.6605504587155964,0.6168224299065421,0.6481481481481481
1,1,2,0.72206753,0.64082706,0.7278548,0.6261682242990654,0.6320754716981132,0.6448598130841121
1,1,2,0.79959244,0.7331904,0.7305678,0.7339449541284404,0.7523809523809524,0.7456140350877193
1,1,2,0.7939706,0.72678745,0.8372855,0.6037735849056604,0.7358490566037736,0.6893203883495146
1,1,2,0.69110936,0.6598456,0.69784707,0.6581196581196581,0.7142857142857143,0.6902654867256637
1,2,1,0.7296102,0.76934195,0.69647235,0.7307692307692308,0.7009345794392523,0.6846846846846847
1,2,1,0.73913544,0.779306,0.7463341,0.6260869565217391,0.6634615384615384,0.7
1,2,1,0.75643826,0.67034173,0.68847746,0.7982456140350878,0.6909090909090909,0.7383177570093458
1,2,1,0.7471907,0.7962448,0.8323104,0.6814159292035398,0.6181818181818182,0.6542056074766356
1,2,1,0.77347076,0.71772695,0.59275436,0.6728971962616823,0.6428571428571428,0.7383177570093458
1,2,1,0.67043525,0.79664195,0.6853348,0.6491228070175439,0.6818181818181819,0.6666666666666667
1,2,1,0.76014775,0.7430001,0.7203686,0.6730769230769231,0.6696428571428572,0.6454545454545455
1,2,1,0.8569332,0.7412454,0.6712476,0.6481481481481481,0.6454545454545455,0.7238095238095238
1,2,1,0.8143393,0.6789197,0.7621815,0.6574074074074074,0.6448598130841121,0.6875
1,2,2,0.78833467,0.73542273,0.67604566,0.7431192660550459,0.7378640776699029,0.6203703703703703
1,2,2,0.7694552,0.81963557,0.6768526,0.6666666666666667,0.6634615384615384,0.7363636363636363
1,2,2,0.7958185,0.76236403,0.75856674,0.6635514018691588,0.7567567567567568,0.6944444444444444
1,2,2,0.7843343,-0.09130955,0.71184564,0.6330275229357798,0.0,0.6216216216216216
1,2,2,0.7078631,0.6596122,0.73385954,0.7476635514018692,0.7545454545454545,0.693069306930693
1,2,2,0.7625453,0.7125025,0.64170015,0.6339285714285714,0.6929824561403508,0.6851851851851851
1,2,2,0.69517744,0.6691862,0.81278193,0.6666666666666667,0.8571428571428572,0.691588785046729
1,2,2,0.6933887,0.7552126,0.74636614,0.6363636363636364,0.6545454545454545,0.78
1,2,2,0.838,0.7588899,0.8381102,0.6272727272727272,0.7452830188679245,0.6481481481481481
0,0,0,0.5090099,0.71208185,0.7401136,0.6475409836065573,0.7169811320754718,0.7142857142857143
0,0,1,0.73733866,0.7605145,0.7250461,0.6721311475409837,0.6355932203389831,0.7295081967213115
0,0,2,0.6434092,0.5873637,0.7055157,0.6583333333333333,0.7131147540983607,0.7096774193548387
1,1,1,0.682426,0.43328083,0.52641743,0.6339285714285714,0.6935483870967742,0.625
1,1,1,0.6945982,0.7079924,0.42614377,0.7657657657657657,0.72,0.7
1,1,1,0.696782,0.70112485,0.7314379,0.6440677966101696,0.675,0.680672268907563
1,1,1,0.7238541,0.7177321,0.6584221,0.6636363636363636,0.752212389380531,0.7301587301587302
1,1,1,0.69858754,0.7534522,-0.054970663,0.6694915254237288,0.7142857142857143,0.0
1,1,1,0.71065676,0.7413932,0.73712325,0.680327868852459,0.6106194690265487,0.6666666666666667
1,1,1,0.70192343,0.69376165,0.69169736,0.768595041322314,0.7272727272727273,0.7109375
1,1,1,0.0033944938,0.66298544,0.70239896,0.0,0.7372881355932204,0.7075471698113207
1,1,1,0.73052406,0.45860592,0.67699903,0.7117117117117118,0.6576576576576576,0.7289719626168225
1,1,2,0.6700171,0.7137093,0.6527761,0.6909090909090909,0.6238532110091743,0.6363636363636364
1,1,2,0.6148964,0.5431682,-0.027170215,0.6416666666666666,0.6504065040650406,0.0
1,1,2,0.7288128,0.7104671,0.7471955,0.6869565217391305,0.680327868852459,0.6611570247933884
1,1,2,0.7355345,0.57281995,0.60909724,0.6864406779661016,0.6826923076923077,0.712962962962963
1,1,2,0.6969676,0.69641817,0.73940706,0.7063492063492063,0.7265625,0.6521739130434783
1,1,2,0.74177456,0.7371485,0.7407384,0.7610619469026548,0.6528925619834711,0.7339449541284404
1,1,2,0.7500342,0.55520153,0.6836095,0.6694915254237288,0.6692307692307693,0.7107438016528926
1,1,2,0.711674,0.020043887,0.0121799335,0.6101694915254237,0.0,0.0
1,1,2,0.6445045,-0.008611618,0.6628873,0.7372881355932204,0.0,0.8598130841121495
1,2,1,0.68087685,-0.045534603,0.71000826,0.7666666666666666,0.0,0.6942148760330579
1,2,1,0.74922746,0.52193177,0.77561057,0.6666666666666667,0.6776859504132231,0.6666666666666667
1,2,1,0.72092336,0.7250335,0.67118406,0.6641221374045801,0.7272727272727273,0.6875
1,2,1,0.78900635,0.6140666,0.5095298,0.7117117117117118,0.6859504132231404,0.6694214876033058
1,2,1,0.69403064,0.6161424,0.52478766,0.7107438016528926,0.6814159292035398,0.7542372881355932
1,2,1,0.72601056,0.7125058,-0.05497078,0.7203389830508475,0.6725663716814159,0.0
1,2,1,0.56689143,0.72505236,0.44915932,0.6666666666666667,0.7520661157024793,0.7394957983193278
1,2,1,-0.03570301,0.44455266,0.7239375,0.0,0.744,0.6850393700787402
1,2,1,0.5867981,0.6570591,0.60582936,0.6666666666666667,0.6721311475409837,0.7317073170731707
1,2,2,0.6798698,0.65046656,0.54471713,0.7222222222222222,0.76,0.6956521739130435
1,2,2,0.71955734,0.7491566,0.57612133,0.675,0.6612903225806452,0.6875
1,2,2,0.74643874,-0.05412514,0.46045822,0.7226890756302521,0.0,0.6909090909090909
1,2,2,0.6712029,0.65368295,0.50590855,0.6916666666666667,0.6666666666666667,0.6428571428571428
1,2,2,-0.03333939,0.7197604,0.4956203,0.0,0.6640625,0.7184466019417476
1,2,2,0.7417928,0.51146203,0.6698792,0.6557377049180328,0.7421875,0.6759259259259259
1,2,2,0.70422053,0.6674314,0.070555225,0.6638655462184874,0.6488549618320612,0.0
1,2,2,0.71628267,0.73392487,0.74675584,0.6902654867256637,0.6545454545454545,0.6796116504854368
1,2,2,0.68866265,0.7050755,0.67604494,0.680327868852459,0.6846846846846847,0.7142857142857143
0,0,0,0.64577276,0.46381342,0.6534588,0.7007874015748031,0.7166666666666667,0.6752136752136753
0,0,1,0.68043613,0.68441534,0.7020767,0.6557377049180328,0.641025641025641,0.7421875
0,0,2,0.65567434,0.6436924,0.57492197,0.6470588235294117,0.6608695652173913,0.7521367521367521
1,1,1,0.63353217,0.6515666,0.59561026,0.6428571428571428,0.6814159292035398,0.73109243697479
1,1,1,0.6163303,0.6888279,0.63620096,0.646551724137931,0.6306306306306306,0.6454545454545455
1,1,1,0.7012859,0.6738136,0.6995286,0.646551724137931,0.6721311475409837,0.7130434782608696
1,1,1,0.6436211,0.686873,0.67161286,0.7619047619047619,0.7017543859649122,0.6916666666666667
1,1,1,0.68281823,0.6915523,0.63338053,0.6785714285714286,0.7086614173228347,0.7477477477477478
1,1,1,0.67600536,0.75796187,0.630536,0.6017699115044248,0.6610169491525424,0.6336633663366337
1,1,1,0.72226125,0.6358544,0.5987938,0.663716814159292,0.7297297297297297,0.6935483870967742
1,1,1,0.7127131,0.6265407,0.7052673,0.6693548387096775,0.6528925619834711,0.6782608695652175
1,1,1,0.6967423,0.6877208,0.6622606,0.6535433070866141,0.6842105263157895,0.6869565217391305
1,1,2,0.62694955,0.6173503,0.6734614,0.7796610169491526,0.6528925619834711,0.6666666666666667
1,1,2,0.71137923,0.66488254,0.6425582,0.6949152542372881,0.652542372881356,0.6842105263157895
1,1,2,0.6828823,0.6459776,0.6888225,0.7142857142857143,0.7333333333333334,0.6964285714285714
1,1,2,0.5786202,0.70522,0.6658691,0.6904761904761905,0.6371681415929203,0.6666666666666667
1,1,2,0.651959,0.6818048,0.6997535,0.6363636363636364,0.7217391304347827,0.689922480620155
1,1,2,0.7015716,0.67358017,0.6781471,0.6929824561403508,0.675,0.6111111111111112
1,1,2,0.69866484,0.68528855,0.62559557,0.7589285714285714,0.685483870967742,0.7520661157024793
1,1,2,0.040592,0.6408707,0.74461615,0.0,0.6320754716981132,0.6451612903225806
1,1,2,0.7867206,0.7191882,0.67886543,0.7350427350427351,0.7741935483870968,0.7181818181818183
1,2,1,0.64903706,0.68220925,0.68756276,0.7868852459016393,0.7631578947368421,0.6311475409836065
1,2,1,0.04823699,0.6727586,0.6862793,0.0625,0.6521739130434783,0.7016129032258065
1,2,1,0.63897467,0.68627524,0.6583216,0.6864406779661016,0.7094017094017093,0.7058823529411764
1,2,1,0.62062454,0.7210335,-0.038108964,0.7131147540983607,0.6578947368421053,0.0
1,2,1,0.61446244,0.71435887,0.5932952,0.6638655462184874,0.75,0.7068965517241379
1,2,1,0.7128179,0.668344,0.66920996,0.6666666666666667,0.6532258064516129,0.6578947368421053
1,2,1,0.64474565,0.6386751,0.62989515,0.6666666666666667,0.646551724137931,0.7281553398058253
1,2,1,0.7058098,0.6812889,0.6600505,0.7142857142857143,0.75,0.6722689075630253
1,2,1,0.7118647,0.66649604,0.62815,0.6504065040650406,0.6260869565217391,0.6785714285714286
1,2,2,0.685391,0.68792677,0.6963632,0.6216216216216216,0.6776859504132231,0.6440677966101696
1,2,2,0.696555,0.6055659,0.6685788,0.7192982456140351,0.6942148760330579,0.7327586206896552
1,2,2,0.714411,0.59770274,0.6934797,0.7272727272727273,0.7606837606837606,0.6666666666666667
1,2,2,0.7204604,0.67702764,0.60683125,0.6271186440677966,0.6388888888888888,0.6578947368421053
1,2,2,0.6479851,0.61036384,-0.062271826,0.728813559322034,0.6747967479674797,0.0
1,2,2,0.68666494,0.68030345,0.68808544,0.7435897435897436,0.7391304347826086,0.7286821705426356
1,2,2,0.71893394,0.5660229,0.6519435,0.6666666666666667,0.7105263157894737,0.6557377049180328
1,2,2,0.6826937,0.6281757,0.62930316,0.6363636363636364,0.6721311475409837,0.6810344827586207
1,2,2,0.66017306,0.67193043,0.6968856,0.7222222222222222,0.6574074074074074,0.6697247706422018
0,0,0,0.81928676,0.77214813,0.8426361,0.6440677966101696,0.7333333333333334,0.6386554621848739
0,0,1,0.8098563,0.79707897,0.8571803,0.6909090909090909,0.71900826446281,0.6
0,0,2,0.81410784,0.6214979,0.5023256,0.6721311475409837,0.736842105263158,0.7478991596638656
1,1,1,0.63485897,0.78435194,-0.021715268,0.6610169491525424,0.6967213114754098,0.0
1,1,1,0.7082403,0.7771504,0.65956,0.7073170731707317,0.685483870967742,0.708955223880597
1,1,1,0.59417564,0.83054674,0.8152518,0.6725663716814159,0.6774193548387097,0.6140350877192983
1,1,1,0.78212094,0.79381233,0.8551647,0.6666666666666667,0.703125,0.7064220183486238
1,1,1,0.6241107,0.6786282,0.7651266,0.7251908396946565,0.7452830188679245,0.73109243697479
1,1,1,0.75651944,0.7997791,0.8578378,0.680672268907563,0.6942148760330579,0.65
1,1,1,0.76030135,0.820059,0.53181076,0.6355932203389831,0.7235772357723578,0.7543859649122807
1,1,1,0.5153279,0.7800108,0.70192057,0.6972477064220184,0.656,0.6942148760330579
1,1,1,0.7885697,0.6932939,0.7266144,0.6754385964912281,0.7606837606837606,0.7207207207207207
1,1,2,0.8021642,-0.035811234,0.73413444,0.7936507936507937,0.0,0.717741935483871
1,1,2,0.74127066,0.7117467,0.5127634,0.6774193548387097,0.6821705426356589,0.6956521739130435
1,1,2,0.653926,0.80625093,-0.06761707,0.7027027027027026,0.7610619469026548,0.0
1,1,2,0.78416955,0.843763,0.85880053,0.7222222222222222,0.689922480620155,0.6935483870967742
1,1,2,-0.077118635,0.7030376,0.8482174,0.0,0.6666666666666667,0.711864406779661
1,1,2,0.49675402,0.75080985,0.52398235,0.7181818181818183,0.6972477064220184,0.6949152542372881
1,1,2,0.7373388,0.0070851278,0.5206698,0.688,0.0,0.7520661157024793
1,1,2,0.80588126,0.7904892,0.119592056,0.7456140350877193,0.6587301587301587,0.0
1,1,2,0.8399394,0.829285,0.84228426,0.6788990825688073,0.7333333333333334,0.656
1,2,1,0.82967377,0.7735855,0.8627845,0.680672268907563,0.6446280991735538,0.7322834645669292
1,2,1,0.46298152,0.7948597,0.5888009,0.7232142857142857,0.6616541353383458,0.680672268907563
1,2,1,0.6803112,0.83210456,0.82353747,0.6517857142857143,0.6721311475409837,0.6535433070866141
1,2,1,0.5759559,0.79822844,0.6554314,0.6528925619834711,0.7669902912621359,0.6929133858267716
1,2,1,0.8314963,0.6966174,0.5715507,0.7339449541284404,0.6833333333333333,0.7413793103448276
1,2,1,0.84201443,0.8014523,0.8522506,0.7090909090909091,0.6422018348623852,0.6507936507936508
1,2,1,0.8178356,0.83530426,0.8537324,0.6929824561403508,0.6371681415929203,0.7155963302752293
1,2,1,0.5918227,0.5366849,0.83051527,0.6982758620689655,0.6967213114754098,0.6347826086956522
1,2,1,0.7975892,0.7678226,0.8559628,0.6495726495726496,0.7016129032258065,0.6120689655172413
1,2,2,-0.08006094,0.76227653,0.78915226,0.0,0.688,0.696
1,2,2,0.7796426,-0.08446398,0.6806357,0.7063492063492063,0.0,0.6909090909090909
1,2,2,0.81522644,0.71548617,0.7917878,0.6639344262295082,0.6722689075630253,0.6528925619834711
1,2,2,0.8354722,0.8019877,0.8479705,0.7652173913043478,0.7,0.680672268907563
1,2,2,0.82836,0.8357256,-0.10164631,0.6554621848739496,0.7297297297297297,0.0
1,2,2,0.8321947,0.78924423,0.82352114,0.7596899224806202,0.7716535433070866,0.6744186046511628
1,2,2,0.7840427,0.79389197,0.65463513,0.743801652892562,0.6910569105691057,0.7235772357723578
1,2,2,0.8242947,0.8022064,0.6921201,0.7154471544715447,0.6776859504132231,0.7016129032258065
1,2,2,0.7282826,0.5890941,0.85672235,0.7049180327868853,0.6379310344827587,0.717948717948718
0,0,0,0.47077996,0.6006161,0.72339123,0.0,-0.0606060606060605,0.6694214876033058
0,0,1,0.50494754,0.6468725,0.2029673,-0.0588235294117647,0.6415094339622642,-0.0666666666666666
0,0,2,0.53950435,0.5239873,0.7445821,0.3199999999999999,0.0,0.680327868852459
1,1,1,0.11927297,0.20041636,0.48466286,-0.1071428571428572,-0.1,-0.0869565217391303
1,1,1,0.4730257,0.18619293,0.058284193,-0.0434782608695651,-0.0769230769230768,0.0
1,1,1,0.50734836,0.93570375,0.058284193,-0.0555555555555555,0.7699115044247787,0.0
1,1,1,0.4015685,0.68096167,0.82511044,0.1764705882352941,0.1379310344827586,0.6363636363636364
1,1,1,0.5057573,0.16843495,0.63607204,-0.0714285714285714,-0.0625,0.7272727272727273
1,1,1,0.16656351,0.80932665,0.8572531,-0.5,0.6576576576576576,0.6875
1,1,1,0.07708091,0.416968,0.7277076,-0.0555555555555555,-0.0769230769230768,0.6725663716814159
1,1,1,0.714609,0.6578816,0.865597,0.7692307692307692,0.6638655462184874,0.7521367521367521
1,1,1,0.89696276,0.13790971,0.85851014,0.73109243697479,-0.0588235294117647,0.7168141592920354
1,1,2,0.8964754,0.76865065,0.9097701,0.6732673267326732,0.6386554621848739,0.6475409836065573
1,1,2,0.8993231,0.09821739,0.8448601,0.6818181818181819,-0.0833333333333332,0.631578947368421
1,1,2,0.89073634,0.8218659,0.7920021,0.6548672566371682,0.6608695652173913,0.75
1,1,2,0.5950459,0.8689694,0.9297397,0.4716981132075472,0.6864406779661016,0.6153846153846154
1,1,2,0.9359503,0.7995094,0.9013058,0.7058823529411764,0.6416666666666666,0.7435897435897436
1,1,2,0.8835971,0.8474235,0.11476412,0.75,0.7333333333333334,-0.3333333333333332
1,1,2,0.14225931,0.46048927,0.56401396,-0.5,-0.5,0.0
1,1,2,0.6676464,0.43872178,0.72435546,-0.0769230769230768,-0.0357142857142858,0.6859504132231404
1,1,2,0.40009147,0.91039455,0.5161387,0.1212121212121212,0.6271186440677966,-0.0384615384615385
1,2,1,0.5106505,0.6741595,0.38516933,-0.0588235294117647,0.0999999999999999,0.2857142857142857
1,2,1,0.6309681,0.33433145,0.5361625,0.7723577235772358,-0.0625,-0.0666666666666666
1,2,1,0.557593,0.71937835,0.8167696,-0.0526315789473683,-0.03125,0.6504065040650406
1,2,1,0.8105151,0.40646595,0.6649338,0.6666666666666667,-0.0454545454545454,0.0666666666666666
1,2,1,0.60756713,0.15000743,0.80357563,0.5087719298245614,0.25,0.73109243697479
1,2,1,0.6629961,0.26236254,0.49529442,0.6785714285714286,0.0,-0.0666666666666666
1,2,1,0.26452762,0.74973226,0.7374481,-0.0769230769230768,0.6779661016949152,0.775
1,2,1,0.08215314,0.49916625,0.68514466,0.0,-0.0666666666666666,0.6923076923076923
1,2,1,0.10154607,0.805454,0.10326965,0.1739130434782608,0.6814159292035398,-0.375
1,2,2,0.52689385,0.87374794,0.88176876,-0.05,0.6216216216216216,0.736842105263158
1,2,2,0.1953631,0.5116222,0.86539245,0.3421052631578947,-0.0625,-0.0416666666666667
1,2,2,0.4085193,0.2817981,0.72208965,0.1388888888888888,0.0,0.6725663716814159
1,2,2,0.7871865,0.7307557,0.67348707,0.6532258064516129,0.7142857142857143,0.6956521739130435
1,2,2,0.8095243,-0.041986607,0.8446642,0.6186440677966102,0.0,0.7391304347826086
1,2,2,0.7498268,0.08711882,0.5590055,0.6697247706422018,-0.0833333333333332,0.6902654867256637
1,2,2,0.6711479,0.6339177,0.92394555,0.6608695652173913,0.7586206896551724,0.6057692307692308
1,2,2,-0.039669316,0.7146877,0.91656184,0.0,0.6833333333333333,0.7258064516129032
1,2,2,0.5539278,0.49546134,0.72572577,-0.05,-0.3888888888888888,0.6198347107438016
0,0,0,0.62818706,0.1488665,0.57985485,-0.0869565217391303,-0.05,0.728813559322034
0,0,1,0.57846904,0.21200365,0.5316942,0.6446280991735538,0.0,-0.0555555555555555
0,0,2,0.69048387,0.4175759,0.58352757,0.3207547169811321,0.1428571428571429,0.6333333333333333
1,1,1,0.57894826,0.5648254,0.627638,-0.0384615384615385,0.6153846153846154,0.6333333333333333
1,1,1,0.3120285,0.25991678,0.5739504,-0.0454545454545454,0.2352941176470588,0.6293103448275862
1,1,1,0.5786778,0.2710905,0.60268176,-0.0588235294117647,-0.3888888888888888,0.6571428571428571
1,1,1,0.57952774,0.6095152,0.3497989,-0.1818181818181818,0.0,0.4186046511627906
1,1,1,0.56165195,0.66790724,0.5897281,-0.0740740740740741,0.6825396825396826,0.6666666666666667
1,1,1,0.13400084,0.6969502,0.6167871,0.0,-0.064516129032258,0.6371681415929203
1,1,1,0.34786645,0.11404428,0.5727044,-0.0833333333333332,-0.0588235294117647,0.6695652173913044
1,1,1,0.5200882,0.2685504,0.274993,-0.1875,-0.0833333333333332,-0.4444444444444444
1,1,1,0.24024034,0.24237044,0.60106164,-0.0666666666666666,-0.0740740740740741,0.6698113207547169
1,1,2,0.59566116,0.531608,0.6038722,0.6528925619834711,-0.0526315789473683,0.768595041322314
1,1,2,-0.00244857,0.14679042,0.6236191,0.0,-0.0909090909090908,0.7094017094017093
1,1,2,0.58183515,0.21116655,0.5274663,-0.0769230769230768,0.3333333333333333,0.691588785046729
1,1,2,0.5397808,0.32153606,0.6077539,0.6956521739130435,-0.0370370370370369,0.6639999999999999
1,1,2,0.6080986,0.6583368,0.62485325,0.3125,0.4727272727272728,0.6548672566371682
1,1,2,0.63567203,0.46481493,0.50149286,0.2258064516129032,0.8347826086956522,0.6944444444444444
1,1,2,0.6096464,0.68258643,0.5645143,0.1666666666666666,0.680327868852459,0.6697247706422018
1,1,2,0.5456692,0.20994729,0.1038032,0.1463414634146341,-0.064516129032258,0.0
1,1,2,0.5716927,0.5607277,0.64058024,-0.0434782608695651,-0.5,0.0697674418604651
1,2,1,0.23349184,0.2528374,0.26027963,-0.0526315789473683,-0.1052631578947369,-0.1052631578947369
1,2,1,0.5866562,0.27789462,0.67686296,0.125,-0.0625,0.7063492063492063
1,2,1,0.5896307,0.31689593,0.61585,-0.0909090909090908,-0.04,0.6403508771929824
1,2,1,0.60996354,0.19350436,0.55040693,0.1333333333333333,-0.4666666666666665,0.6693548387096775
1,2,1,0.291741,0.22388081,0.55741596,0.2058823529411765,0.1034482758620689,0.6818181818181819
1,2,1,0.011794228,0.31099597,0.56065977,0.0,-0.0869565217391303,0.7053571428571428
1,2,1,0.2317293,0.38882565,0.57341754,0.05,0.1428571428571429,0.6949152542372881
1,2,1,0.6090065,0.56401455,0.5980341,-0.04,-0.0625,0.6434782608695653
1,2,1,0.6548027,0.2247724,0.6129602,0.3255813953488372,-0.1,0.6509433962264151
1,2,2,0.5696069,0.57956505,0.5701769,0.6605504587155964,-0.0555555555555555,0.7647058823529411
1,2,2,0.5742782,0.24208753,0.5890298,0.73109243697479,-0.0625,0.6814159292035398
1,2,2,0.44645786,0.64033514,0.63699293,0.6339285714285714,0.7063492063492063,0.7398373983739837
1,2,2,0.5926439,0.23900265,0.5501083,0.6810344827586207,-0.0454545454545454,0.7241379310344828
1,2,2,0.6288714,0.6711096,0.5582699,0.6974789915966386,0.7394957983193278,0.7211538461538461
1,2,2,0.6340289,0.5822346,0.5863352,0.0555555555555555,0.7008547008547008,0.6974789915966386
1,2,2,0.7020583,0.7110745,0.577641,0.6694915254237288,0.0769230769230768,0.6837606837606838
1,2,2,0.67245376,0.59648037,0.6208855,0.1212121212121212,0.752212389380531,0.7478260869565218
1,2,2,0.5791187,0.47056893,0.6448843,0.1153846153846154,0.6727272727272727,0.6470588235294117
0,0,0,0.77396476,0.6383947,0.7411429,0.6285714285714286,0.7777777777777778,0.6601941747572815
0,0,1,0.74203736,0.796697,0.7894424,0.7304347826086957,0.6846846846846847,0.6213592233009708
0,0,2,0.78102314,0.71919274,0.77544475,0.6071428571428572,0.7383177570093458,0.75
1,1,1,0.72128403,0.79060626,0.7629236,0.717948717948718,0.7981651376146789,0.6347826086956522
1,1,1,0.8042165,0.77978563,0.80260634,0.6434782608695653,0.7454545454545455,0.7181818181818183
1,1,1,0.6947819,0.78395677,0.6510159,0.6601941747572815,0.7631578947368421,0.7090909090909091
1,1,1,0.7890804,0.7828212,0.7988534,0.6448598130841121,0.6238532110091743,0.7477477477477478
1,1,1,0.69462156,0.76281494,0.7800288,0.6896551724137931,0.6458333333333333,0.6734693877551021
1,1,1,0.83035344,0.7926817,0.75570977,0.7280701754385965,0.6458333333333333,0.7314814814814814
1,1,1,0.52683705,0.83392465,0.73203146,0.7796610169491526,0.6526315789473685,0.6896551724137931
1,1,1,0.73224175,0.7969464,0.7161443,0.7079646017699115,0.6936936936936937,0.6310679611650485
1,1,1,0.7893733,0.78931415,0.7363306,0.7130434782608696,0.6836734693877551,0.7181818181818183
1,1,2,0.19459218,0.7925945,0.79777884,0.7851239669421488,0.7520661157024793,0.6454545454545455
1,1,2,0.7560911,0.80579084,0.6752537,0.7090909090909091,0.6185567010309279,0.7155172413793103
1,1,2,0.72151953,0.7000133,0.7035152,0.7410714285714286,0.7247706422018348,0.65
1,1,2,0.7157211,0.80074584,0.71128637,0.7222222222222222,0.6810344827586207,0.6851851851851851
1,1,2,0.8025868,0.6156812,0.8161516,0.7264957264957265,0.6140350877192983,0.6875
1,1,2,0.8237593,0.830688,0.80082047,0.6226415094339622,0.6929824561403508,0.6607142857142857
1,1,2,0.8450803,0.81847876,0.81633306,0.7314814814814814,0.6226415094339622,0.6239316239316239
1,1,2,0.76718366,0.71849406,0.75550663,0.6481481481481481,0.7622950819672132,0.5961538461538461
1,1,2,0.7616924,0.80457425,0.61924917,0.7647058823529411,0.6696428571428572,0.7570093457943925
1,2,1,0.82154363,0.7729411,0.7329372,0.69,0.7457627118644068,0.6761904761904762
1,2,1,0.7133981,0.81638443,0.687904,0.6481481481481481,0.7314814814814814,0.6754385964912281
1,2,1,0.7506494,0.752048,0.82700336,0.6666666666666667,0.7155963302752293,0.6460176991150443
1,2,1,0.7779489,0.6657531,0.7635553,0.6607142857142857,0.8392857142857143,0.7586206896551724
1,2,1,0.6937786,0.6498586,0.8342263,0.7542372881355932,0.7383177570093458,0.6185567010309279
1,2,1,0.83339095,0.5898112,0.7447402,0.7168141592920354,0.6944444444444444,0.736842105263158
1,2,1,0.75353956,0.7545506,0.78460014,0.6521739130434783,0.6851851851851851,0.6788990825688073
1,2,1,0.7108449,0.81397104,0.7037749,0.6574074074074074,0.7241379310344828,0.6132075471698113
1,2,1,0.5988256,0.814901,0.82994354,0.6782608695652175,0.680672268907563,0.6637931034482758
1,2,2,0.7750547,0.5916998,0.8225133,0.6106194690265487,0.7459016393442623,0.7027027027027026
1,2,2,0.70623887,0.7824737,0.8062941,0.7009345794392523,0.6216216216216216,0.7433628318584071
1,2,2,0.8018732,0.8074738,0.81356716,0.7398373983739837,0.7339449541284404,0.7586206896551724
1,2,2,0.8223332,0.7318543,0.5718192,0.6166666666666667,0.7155963302752293,0.7521367521367521
1,2,2,0.7671068,0.806337,0.71861535,0.7226890756302521,0.7226890756302521,0.7068965517241379
1,2,2,0.6365083,0.81354547,0.7204168,0.7295081967213115,0.631578947368421,0.6697247706422018
1,2,2,0.7476955,0.8186966,0.81522703,0.7192982456140351,0.7391304347826086,0.59375
1,2,2,0.81541467,0.68992865,0.6246078,0.6896551724137931,0.7289719626168225,0.7456140350877193
1,2,2,0.6463572,0.708814,0.7621176,0.7333333333333334,0.7477477477477478,0.6542056074766356
0,0,0,0.83929443,0.7730143,0.60183585,0.7131147540983607,0.6583333333333333,0.6517857142857143
0,0,1,0.117416576,0.7091685,0.039365612,-0.25,0.7565217391304347,-0.0714285714285714
0,0,2,0.8393502,0.69524103,-0.0016459338,0.7155172413793103,0.663716814159292,0.0
1,1,1,0.8584515,0.77190065,0.77672696,0.6504854368932038,0.7142857142857143,0.7652173913043478
1,1,1,0.8034466,0.59593785,0.8273145,0.6774193548387097,-0.1428571428571428,0.6694915254237288
1,1,1,0.8800427,0.7515117,0.8827642,0.6296296296296297,0.5,0.6347826086956522
1,1,1,0.6272915,0.7820256,0.8116518,0.6944444444444444,0.6347826086956522,0.6528925619834711
1,1,1,0.6632047,0.81100047,0.8938378,0.6464646464646464,0.6434782608695653,0.680672268907563
1,1,1,0.891987,0.7250417,0.67261195,0.6534653465346535,0.7053571428571428,0.6605504587155964
1,1,1,0.80437833,0.8309548,0.64368606,0.6771653543307087,0.6799999999999999,0.6415094339622642
1,1,1,0.89540493,0.70897675,0.8680699,0.6190476190476191,0.6666666666666667,0.7053571428571428
1,1,1,0.67314905,0.72929466,0.5932416,0.6893203883495146,0.663716814159292,0.6886792452830188
1,1,2,0.8659163,0.800263,0.73656857,0.6283185840707964,0.6696428571428572,0.6557377049180328
1,1,2,0.8503328,0.7635499,0.9267659,0.6146788990825688,0.6517857142857143,0.6371681415929203
1,1,2,0.8633116,0.815624,0.6650065,0.7130434782608696,0.6403508771929824,0.6697247706422018
1,1,2,0.8476365,0.84237885,0.54791725,0.6610169491525424,0.685483870967742,0.7431192660550459
1,1,2,0.82119656,0.687919,0.8655324,0.7247706422018348,0.6583333333333333,0.6578947368421053
1,1,2,0.8928472,0.80529094,0.7469939,0.6896551724137931,0.7094017094017093,0.6890756302521008
1,1,2,0.0027266461,0.7018114,0.8932002,0.0,0.7264957264957265,0.6330275229357798
1,1,2,0.91178113,0.82837754,0.6496483,0.6237623762376238,0.7272727272727273,0.6371681415929203
1,1,2,0.85943586,0.7998409,-0.051925052,0.6542056074766356,0.6859504132231404,0.0
1,2,1,0.85226786,0.680545,0.66443443,0.6310679611650485,0.7592592592592593,0.6785714285714286
1,2,1,0.872566,0.78250676,0.88172746,0.6470588235294117,0.7142857142857143,0.6283185840707964
1,2,1,0.87134403,0.7604119,0.88112026,0.6403508771929824,0.6218487394957983,0.6126126126126126
1,2,1,0.8283117,0.7700613,0.7865686,0.6611570247933884,0.6470588235294117,0.719626168224299
1,2,1,0.82354367,-0.006787502,0.5328733,0.725,0.0,0.7431192660550459
1,2,1,0.89865,0.7804347,0.8497404,0.6756756756756757,0.736842105263158,0.6719999999999999
1,2,1,0.58343697,0.020931482,0.56755376,0.6363636363636364,0.0,0.6759259259259259
1,2,1,0.85726583,0.67549855,0.8650756,0.6336633663366337,0.6666666666666667,0.25
1,2,1,0.88042843,0.6859031,0.87633,0.6403508771929824,0.2553191489361702,0.6974789915966386
1,2,2,0.8587986,0.68656373,0.61891794,0.6929824561403508,0.6896551724137931,0.6666666666666667
1,2,2,0.89177454,0.7592663,0.5996537,0.6283185840707964,0.7699115044247787,0.6695652173913044
1,2,2,0.84632385,0.7092522,0.8666289,0.6756756756756757,0.4634146341463414,0.6810344827586207
1,2,2,0.7488378,0.5937086,0.8557162,0.7192982456140351,0.6692913385826771,0.6347826086956522
1,2,2,0.8698944,0.748134,0.8791678,0.6379310344827587,0.7916666666666666,0.6129032258064516
1,2,2,0.81247497,0.71170783,0.88364923,0.6857142857142857,0.788135593220339,0.625
1,2,2,0.8368041,0.65456367,0.04457365,0.6513761467889908,0.7948717948717949,0.0
1,2,2,0.80320364,0.6797545,0.6303128,0.6481481481481481,0.1999999999999999,0.75
1,2,2,0.8422386,0.7340146,0.8534797,0.6636363636363636,0.7456140350877193,0.1212121212121212
0,0,0,0.8292132,0.8454964,0.82412636,0.6583333333333333,0.6306306306306306,0.6528925619834711
0,0,1,0.8398993,0.8402355,0.84447503,0.6446280991735538,0.6636363636363636,0.638095238095238
0,0,2,0.7760391,0.84550154,0.8538809,0.711864406779661,0.6347826086956522,0.6583333333333333
1,1,1,0.79756004,0.868727,0.79842365,0.6826923076923077,0.6324786324786325,0.6638655462184874
1,1,1,0.8320949,0.8391679,0.8396059,0.6842105263157895,0.7565217391304347,0.7043478260869565
1,1,1,0.766095,0.77694464,0.7791065,0.8067226890756303,0.6859504132231404,0.6697247706422018
1,1,1,0.87946916,0.7998477,0.7670934,0.6470588235294117,0.6557377049180328,0.7079646017699115
1,1,1,0.81153774,0.8023702,0.78819263,0.7107438016528926,0.6446280991735538,0.6638655462184874
1,1,1,0.8450917,0.7948823,0.82305026,0.7203389830508475,0.625,0.7256637168141593
1,1,1,0.77522486,0.77855885,0.83860224,0.6521739130434783,0.6810344827586207,0.6517857142857143
1,1,1,0.80699563,0.864727,0.84673655,0.6355140186915889,0.6504065040650406,0.6583333333333333
1,1,1,0.8749063,0.8373953,0.8207256,0.6434782608695653,0.6521739130434783,0.6504065040650406
1,1,2,0.74507755,0.79443717,0.7933998,0.6581196581196581,0.7008547008547008,0.6116504854368932
1,1,2,0.8103068,0.8450039,0.7761135,0.6371681415929203,0.6724137931034483,0.6371681415929203
1,1,2,0.851642,0.79875493,0.75743306,0.6864406779661016,0.6982758620689655,0.7933884297520661
1,1,2,0.7938218,0.7907976,0.87157345,0.6982758620689655,0.771186440677966,0.7203389830508475
1,1,2,0.8209189,0.80443186,0.8756449,0.792,0.7559055118110236,0.7207207207207207
1,1,2,0.8451693,0.7887019,0.7794931,0.6869565217391305,0.6864406779661016,0.7226890756302521
1,1,2,0.74592274,0.79845387,0.77200264,0.7372881355932204,0.6554621848739496,0.865546218487395
1,1,2,0.84378386,0.8495538,0.827744,0.7280701754385965,0.6545454545454545,0.6403508771929824
1,1,2,0.8165568,0.8812034,0.87106293,0.7090909090909091,0.6810344827586207,0.7107438016528926
1,2,1,0.8023795,0.86422896,0.7841257,0.6635514018691588,0.6991150442477876,0.7256637168141593
1,2,1,0.78248274,0.8303538,0.77149093,0.7087378640776699,0.7169811320754718,0.8421052631578947
1,2,1,0.78203464,0.8099282,0.837582,0.6638655462184874,0.6476190476190475,0.7542372881355932
1,2,1,0.80655134,0.825077,0.7770472,0.7652173913043478,0.7094017094017093,0.6639999999999999
1,2,1,0.80680573,0.79273474,0.8129575,0.631578947368421,0.646551724137931,0.6916666666666667
1,2,1,0.78127146,0.8437259,0.8093952,0.7083333333333333,0.6608695652173913,0.6666666666666667
1,2,1,0.78695667,0.85575825,0.8663461,0.7213114754098361,0.7768595041322314,0.685483870967742
1,2,1,0.82243824,0.80809075,0.8008661,0.7217391304347827,0.71900826446281,0.6363636363636364
1,2,1,0.81390834,0.85627663,0.8704555,0.7758620689655172,0.680327868852459,0.6416666666666666
1,2,2,0.79970574,0.78889513,0.801988,0.6666666666666667,0.7222222222222222,0.6521739130434783
1,2,2,0.808877,0.7904283,0.80086213,0.7235772357723578,0.6226415094339622,0.7203389830508475
1,2,2,0.7733595,0.83934486,0.81799144,0.7155172413793103,0.7416666666666667,0.6949152542372881
1,2,2,0.814124,0.8105163,0.87863433,0.6605504587155964,0.6833333333333333,0.7094017094017093
1,2,2,0.7711584,0.839692,0.7925426,0.663716814159292,0.6869565217391305,0.6194690265486726
1,2,2,0.7289184,0.7838627,0.8791658,0.6666666666666667,0.6475409836065573,0.6324786324786325
1,2,2,0.83889085,0.7717339,0.85388505,0.6386554621848739,0.6666666666666667,0.6752136752136753
1,2,2,0.78994346,0.83118093,0.8583964,0.6610169491525424,0.6486486486486487,0.6610169491525424
1,2,2,0.8501071,0.83211416,0.8173353,0.6216216216216216,0.7868852459016393,0.6324786324786325
0,0,0,0.5519768,0.52105063,0.5401028,0.6126126126126126,0.7024793388429752,0.6902654867256637
0,0,1,0.52640045,0.53122234,0.5424739,0.2682926829268293,0.7964601769911505,0.7130434782608696
0,0,2,0.5632632,0.50208795,0.54052967,-0.0555555555555555,0.6774193548387097,0.8
1,1,1,0.53307325,0.5670189,0.6173035,0.6611570247933884,0.7966101694915254,0.6727272727272727
1,1,1,0.5452041,0.53267956,0.53955007,0.6666666666666667,0.7657657657657657,0.7796610169491526
1,1,1,0.522177,0.56878567,0.01764261,0.7739130434782608,0.6724137931034483,0.0
1,1,1,0.5657296,0.5032924,0.54727644,0.8032786885245902,0.7876106194690266,0.7563025210084033
1,1,1,0.54371494,0.51757205,0.507548,0.73109243697479,0.6967213114754098,0.7317073170731707
1,1,1,0.5111182,0.52293706,0.5447048,0.728813559322034,0.7372881355932204,0.7545454545454545
1,1,1,0.4994685,0.5067709,0.52057314,0.7090909090909091,0.7966101694915254,0.7
1,1,1,0.55886245,0.50270814,0.52110803,0.6581196581196581,0.7933884297520661,0.6885245901639344
1,1,1,0.5560858,0.5520806,0.59270906,0.8099173553719008,0.7264957264957265,0.6557377049180328
1,1,2,0.5305848,0.49577254,0.005085596,0.7083333333333333,0.7457627118644068,-0.5
1,1,2,-0.06498711,0.55665946,0.52503407,-0.5,0.6198347107438016,0.8050847457627118
1,1,2,0.557233,0.51741815,0.5983728,0.8,0.717741935483871,0.6554621848739496
1,1,2,0.6235384,0.50270206,0.5332086,0.6910569105691057,0.725,0.752212389380531
1,1,2,0.55618465,0.52063775,0.55648446,0.6311475409836065,0.7692307692307692,0.7477477477477478
1,1,2,0.5481553,-0.008807572,0.48125178,0.7642276422764227,0.0,0.7586206896551724
1,1,2,0.5828774,0.47748947,0.5255864,0.7043478260869565,0.7868852459016393,0.831858407079646
1,1,2,0.5547123,0.6051868,0.50575644,0.7807017543859649,0.6890756302521008,0.8389830508474576
1,1,2,0.54136145,0.54744977,0.51055294,0.7560975609756098,0.8016528925619835,0.7807017543859649
1,2,1,0.5370711,0.49962744,0.57560086,0.6859504132231404,0.7666666666666666,0.7155172413793103
1,2,1,0.56984746,0.52809495,0.5436046,0.6611570247933884,0.7837837837837838,0.8160000000000001
1,2,1,0.53828293,0.54154474,0.550194,0.725,0.7542372881355932,0.8333333333333334
1,2,1,0.6172297,0.4872952,0.67426,0.6333333333333333,0.7416666666666667,0.6101694915254237
1,2,1,0.6080468,0.62069976,0.53575176,0.6491228070175439,0.728813559322034,0.7391304347826086
1,2,1,0.54642236,0.52590036,0.59142953,0.7155172413793103,0.7606837606837606,0.6363636363636364
1,2,1,0.49180675,0.5343705,0.6517641,0.7777777777777778,0.711864406779661,0.7589285714285714
1,2,1,0.5073663,0.49103102,0.60666764,0.7603305785123967,0.7560975609756098,0.6271186440677966
1,2,1,0.55493295,0.5607587,0.5441094,0.7586206896551724,0.7435897435897436,0.775
1,2,2,-0.040451348,0.5526874,0.54892504,-0.0769230769230768,0.75,0.7966101694915254
1,2,2,0.5863207,0.56670207,-0.060814053,0.7543859649122807,0.8016528925619835,0.0
1,2,2,0.53822803,0.54528826,0.31650552,0.6581196581196581,0.7815126050420168,0.6981132075471699
1,2,2,0.4630658,0.54893625,-0.13974622,0.8717948717948718,0.8264462809917356,-0.5
1,2,2,0.536592,0.5529698,0.6153648,0.6859504132231404,0.8053097345132744,0.6639344262295082
1,2,2,0.54893625,0.5297153,0.5562519,0.8157894736842105,0.6890756302521008,0.6697247706422018
1,2,2,0.5640911,0.57862985,0.47309035,0.8347826086956522,0.7033898305084746,0.753968253968254
1,2,2,0.59369,0.5271032,0.6446629,0.675,0.7844827586206897,0.7666666666666666
1,2,2,0.54418826,0.5478929,0.55049986,0.8141592920353982,0.8053097345132744,0.7815126050420168
0,0,0,0.87005377,0.8404238,0.8919307,0.6893939393939394,0.676923076923077,0.6637931034482758
0,0,1,0.887694,0.9160842,0.84063697,0.6585365853658536,0.3035714285714286,0.6719999999999999
0,0,2,0.9388985,0.9171516,0.68636984,0.6161616161616161,0.4246575342465754,0.0
1,1,1,0.88685644,0.8897908,0.92740536,0.452054794520548,0.6967213114754098,0.6557377049180328
1,1,1,0.8886921,0.8715495,0.87970245,0.6829268292682926,0.6850393700787402,0.5180722891566265
1,1,1,0.8616194,0.85898364,0.8426339,0.6935483870967742,0.7,0.6875
1,1,1,0.903422,0.8515919,0.85718143,0.6666666666666667,0.6942148760330579,0.2407407407407407
1,1,1,0.86063415,0.89647317,0.88719916,0.6814814814814815,0.6992481203007519,0.1999999999999999
1,1,1,0.8518495,0.85049725,0.8321294,0.689922480620155,0.7049180327868853,0.6491228070175439
1,1,1,0.8421025,0.842041,0.7490231,0.6825396825396826,0.5979381443298969,0.6578947368421053
1,1,1,0.86744547,0.8653693,0.85176396,0.6935483870967742,0.6639999999999999,0.4126984126984127
1,1,1,0.86531174,0.89851546,0.93221563,0.6799999999999999,0.6796875,0.6744186046511628
1,1,2,0.88636494,0.8905984,0.81912804,0.7024793388429752,0.6640625,0.6875
1,1,2,0.85366404,0.867013,0.7490231,0.689922480620155,0.607843137254902,0.675
1,1,2,0.8326198,0.85075986,0.8139556,0.6870229007633588,0.6721311475409837,0.7131782945736433
1,1,2,0.834406,0.87360954,0.8256335,0.6810344827586207,0.6719999999999999,0.6929133858267716
1,1,2,0.8660028,0.8572737,0.8819101,0.689922480620155,0.6638655462184874,0.680327868852459
1,1,2,0.8524558,0.87198246,0.8970176,0.6850393700787402,0.6722689075630253,0.2075471698113207
1,1,2,0.8478707,0.8578146,0.91663885,0.696,0.6774193548387097,0.2592592592592593
1,1,2,0.88390124,0.8549429,0.83720744,0.6946564885496183,0.703125,0.7058823529411764
1,1,2,0.8412324,0.8966514,0.85737544,0.688,0.6060606060606061,0.6771653543307087
1,2,1,0.8487859,0.7692623,0.86511815,0.6363636363636364,0.6829268292682926,0.703125
1,2,1,0.8242411,0.86278874,0.8912958,0.3125,0.6953125,0.6639344262295082
1,2,1,0.85975385,0.8709936,0.87370515,0.7022900763358779,0.675,0.689922480620155
1,2,1,0.8114646,0.88684595,0.8809153,0.6640625,0.6825396825396826,0.6859504132231404
1,2,1,0.93119097,0.8635708,0.8810031,0.5922330097087378,0.6893939393939394,0.6911764705882353
1,2,1,0.88536537,0.9239845,0.84549475,0.676923076923077,0.6796875,0.6923076923076923
1,2,1,0.8440336,0.822258,0.8547093,0.6262626262626263,0.6460176991150443,0.7073170731707317
1,2,1,0.83520067,0.832672,0.8431244,0.6793893129770993,0.6870229007633588,0.7109375
1,2,1,0.8442817,0.9087819,0.87240815,0.6935483870967742,0.417910447761194,0.6904761904761905
1,2,2,0.9091884,0.8897584,0.88095844,0.6865671641791045,0.6434782608695653,0.6637931034482758
1,2,2,0.8461536,0.8316115,0.8477529,0.4571428571428572,0.680327868852459,0.6725663716814159
1,2,2,0.8572451,0.8857809,0.7595179,0.7054263565891472,0.6818181818181819,0.6694915254237288
1,2,2,0.85335696,0.87735677,0.8891171,0.4202898550724637,0.696,0.7142857142857143
1,2,2,0.89153177,0.90180147,0.83731353,0.6481481481481481,0.6904761904761905,0.6744186046511628
1,2,2,0.8847053,0.85849744,0.9249746,0.6953125,0.6666666666666667,0.7244094488188977
1,2,2,0.8698383,0.85046,0.8546288,0.6875,0.6521739130434783,0.7142857142857143
1,2,2,0.8610765,0.9295026,0.84463906,0.7033898305084746,0.6612903225806452,0.6551724137931034
1,2,2,0.86073786,0.8937563,0.88770854,0.688,0.6774193548387097,0.6850393700787402
0,0,0,0.51891863,0.48386002,0.5056789,0.7280701754385965,0.6774193548387097,0.7203389830508475
0,0,1,0.5183517,0.4425428,0.55965346,0.6949152542372881,0.6666666666666667,0.1333333333333333
0,0,2,0.5210297,0.49666622,0.50420177,0.6916666666666667,0.6890756302521008,0.7540983606557377
1,1,1,0.5090604,0.40837443,0.49384862,0.6991869918699187,0.7033898305084746,0.688
1,1,1,0.45786023,0.46859095,0.5151366,0.7058823529411764,0.7435897435897436,0.7083333333333333
1,1,1,0.5107026,0.46604842,0.44175458,0.3125,0.6422764227642277,0.6833333333333333
1,1,1,0.0417904,0.50866646,0.5082836,-0.5,0.7560975609756098,0.7321428571428572
1,1,1,0.54006064,0.48755553,0.4717304,0.7043478260869565,0.6967213114754098,0.7419354838709677
1,1,1,0.58778834,0.52499044,0.48067704,0.6347826086956522,0.6833333333333333,0.6666666666666667
1,1,1,0.56536055,0.51357555,0.50240713,0.7008547008547008,0.7796610169491526,0.6896551724137931
1,1,1,0.5072884,0.5125408,0.49011344,0.752212389380531,0.6942148760330579,0.6890756302521008
1,1,1,0.5639534,0.46769243,0.4727235,0.782608695652174,0.6666666666666667,0.685483870967742
1,1,2,0.5202549,0.49459076,0.4529314,0.6890756302521008,0.7203389830508475,0.7327586206896552
1,1,2,0.4628632,0.5831255,0.47815716,0.7478260869565218,0.7154471544715447,0.6916666666666667
1,1,2,0.47578272,0.46016222,0.5180526,0.6869565217391305,0.6890756302521008,0.6695652173913044
1,1,2,0.41815668,0.49077445,0.54108906,0.6722689075630253,0.725,0.6833333333333333
1,1,2,0.4919535,0.4704476,0.5057211,0.7063492063492063,0.6752136752136753,0.7131147540983607
1,1,2,0.42446792,0.47341946,0.515548,0.6611570247933884,0.685483870967742,0.6942148760330579
1,1,2,0.44091344,0.47145662,0.48639572,0.6842105263157895,0.6694915254237288,0.7079646017699115
1,1,2,0.46380568,0.44373667,0.49528915,0.7083333333333333,0.73109243697479,0.6776859504132231
1,1,2,0.531974,0.5070246,0.5485003,0.6982758620689655,0.6611570247933884,0.6929824561403508
1,2,1,0.51575583,0.4767041,0.49272466,0.7416666666666667,0.6694915254237288,0.6779661016949152
1,2,1,0.53232646,0.5557734,0.4637554,0.685483870967742,0.6890756302521008,0.7166666666666667
1,2,1,0.03735662,0.51542485,0.5064267,-0.5,0.696,0.7094017094017093
1,2,1,0.5757224,0.58936834,0.5590898,0.6942148760330579,0.6885245901639344,0.7350427350427351
1,2,1,0.5094902,0.46635503,0.48678285,0.6846153846153846,0.7166666666666667,0.7226890756302521
1,2,1,0.39140907,0.50766784,0.45909604,0.685483870967742,0.73109243697479,0.7317073170731707
1,2,1,0.08589212,0.48754656,0.512173,-0.4666666666666665,0.7540983606557377,0.6956521739130435
1,2,1,0.455411,0.5135125,0.46726573,0.6528925619834711,0.6890756302521008,0.6585365853658536
1,2,1,0.5594907,0.4608319,0.42229217,0.712,0.6694214876033058,0.7049180327868853
1,2,2,0.5136939,0.5664574,0.5174001,0.7130434782608696,0.6864406779661016,0.725
1,2,2,0.5766473,0.5619483,0.52839416,0.6875,0.6829268292682926,0.7317073170731707
1,2,2,0.4857537,0.5251112,0.47836742,0.6638655462184874,0.743801652892562,0.6554621848739496
1,2,2,0.47541925,0.54222465,0.41588998,0.6904761904761905,0.7068965517241379,0.75
1,2,2,0.52048373,0.5353313,0.5288536,0.6859504132231404,0.7016129032258065,0.728813559322034
1,2,2,0.54320055,0.44745493,0.5150279,0.7226890756302521,0.704,0.7304347826086957
1,2,2,0.48640412,0.4816175,0.4638626,0.7166666666666667,0.71875,0.6829268292682926
1,2,2,0.5593475,0.47257572,0.53730625,0.7647058823529411,0.7130434782608696,0.7264957264957265
1,2,2,0.5427661,0.4869258,0.49482536,0.6557377049180328,0.6851851851851851,0.6608695652173913
0,0,0,0.91084886,0.82831395,0.43883446,0.6896551724137931,0.6607142857142857,0.641025641025641
0,0,1,0.83008504,0.9419327,0.6923325,0.7058823529411764,0.6964285714285714,0.484375
0,0,2,0.83219147,0.70979774,0.45981598,0.6722689075630253,0.6636363636363636,0.6880733944954128
1,1,1,0.8886229,0.840037,0.46166575,0.6818181818181819,0.711864406779661,0.7333333333333334
1,1,1,0.7740505,0.65448177,0.7233062,0.7264957264957265,0.6952380952380952,0.7433628318584071
1,1,1,0.91691166,0.81550485,0.7178382,0.6842105263157895,0.7254901960784313,0.276595744680851
1,1,1,0.8906249,0.8319074,0.57242805,0.6916666666666667,0.6637931034482758,0.6666666666666667
1,1,1,0.8177813,0.84280306,0.70056105,0.6974789915966386,0.7241379310344828,0.409090909090909
1,1,1,0.8586261,0.8186082,0.49271825,0.6909090909090909,0.6694915254237288,0.6869565217391305
1,1,1,0.8120098,0.83576214,0.43103197,0.7256637168141593,0.6991150442477876,0.6578947368421053
1,1,1,0.825639,0.8309712,0.45965117,0.7181818181818183,0.6637931034482758,0.7304347826086957
1,1,1,0.8341346,0.8970287,0.46532977,0.6666666666666667,0.6576576576576576,0.6454545454545455
1,1,2,0.9474366,0.6308757,0.66343725,0.7079646017699115,0.6837606837606838,0.6814159292035398
1,1,2,0.90844214,0.7278228,0.6826939,0.7282608695652174,0.6814159292035398,0.5487804878048781
1,1,2,0.7816545,0.81954384,0.4804559,0.7226890756302521,0.6890756302521008,0.7350427350427351
1,1,2,0.8221393,0.8290445,0.5075902,0.7,0.6610169491525424,0.6491228070175439
1,1,2,0.84458905,0.76283973,0.41596526,0.6694915254237288,0.6956521739130435,0.6153846153846154
1,1,2,0.78066134,0.76761734,0.46273142,0.7256637168141593,0.7156862745098039,0.6692307692307693
1,1,2,0.82221353,0.8462931,0.6759448,0.6,0.6818181818181819,0.6842105263157895
1,1,2,0.9182465,0.8158839,0.455182,0.6869565217391305,0.6548672566371682,0.6416666666666666
1,1,2,0.8405622,0.8038653,0.46180695,0.6666666666666667,0.6936936936936937,0.6949152542372881
1,2,1,0.8254084,0.7194572,0.4795274,0.7142857142857143,0.6696428571428572,0.6495726495726496
1,2,1,0.8409676,0.86431634,0.44067585,0.646551724137931,0.7,0.6229508196721312
1,2,1,0.8426819,0.8413934,0.73099774,0.7416666666666667,0.6666666666666667,0.7416666666666667
1,2,1,0.8572273,0.8324034,0.6657685,0.7217391304347827,0.7363636363636363,0.7232142857142857
1,2,1,0.8231077,0.7864998,0.45721567,0.6694915254237288,0.7192982456140351,0.71900826446281
1,2,1,0.8142979,0.8307589,0.86155516,0.6929824561403508,0.6885245901639344,0.6213592233009708
1,2,1,0.8344462,0.85406864,0.494316,0.6974789915966386,0.6991150442477876,0.676923076923077
1,2,1,0.8049103,0.8349067,0.8076259,0.6695652173913044,0.7226890756302521,0.6460176991150443
1,2,1,0.8256786,0.84501237,0.50330067,0.663716814159292,0.6956521739130435,0.6942148760330579
1,2,2,0.85696167,0.8313371,0.52027863,0.6722689075630253,0.6754385964912281,0.6637931034482758
1,2,2,0.8451201,0.8307071,0.42616063,0.6942148760330579,0.6666666666666667,0.6771653543307087
1,2,2,0.87084484,0.9033824,0.45118278,0.6982758620689655,0.7297297297297297,0.6829268292682926
1,2,2,0.8053745,0.9027045,0.5950433,0.7280701754385965,0.6896551724137931,0.5922330097087378
1,2,2,0.91732347,0.8933654,0.6609917,0.6725663716814159,0.6956521739130435,0.6936936936936937
1,2,2,0.6638609,0.93280315,0.4441831,0.6890756302521008,0.6610169491525424,0.6638655462184874
1,2,2,0.84197026,0.80659974,0.7188222,0.7094017094017093,0.7272727272727273,0.5256410256410257
1,2,2,0.85702693,0.90922785,0.45082918,0.6776859504132231,0.6833333333333333,0.6942148760330579
1,2,2,0.6116748,0.8667831,0.5045324,0.7289719626168225,0.6885245901639344,0.6722689075630253
0,0,0,0.53824943,0.58811545,0.52897793,0.6982758620689655,0.6666666666666667,0.6890756302521008
0,0,1,0.6176771,0.58221614,0.69487834,0.6695652173913044,0.6964285714285714,0.6446280991735538
0,0,2,0.73338175,0.461568,0.63414836,0.7068965517241379,0.7350427350427351,0.6782608695652175
1,1,1,0.5902351,0.7229788,0.6929351,0.6694915254237288,0.6491228070175439,0.6964285714285714
1,1,1,0.62747574,0.59800446,0.5553259,0.75,0.6875,0.6168224299065421
1,1,1,0.6856488,0.58547354,0.7721389,0.6470588235294117,0.6607142857142857,0.6386554621848739
1,1,1,0.7140751,0.6539457,0.6080667,0.6583333333333333,0.6521739130434783,0.6666666666666667
1,1,1,0.67223024,0.6989635,0.62643576,0.6833333333333333,0.6612903225806452,0.6724137931034483
1,1,1,0.69161326,0.5698979,0.57352555,0.7317073170731707,0.7410714285714286,0.6909090909090909
1,1,1,0.48998576,0.6238747,0.56022906,0.680672268907563,0.6666666666666667,0.6611570247933884
1,1,1,0.6702752,0.6511843,0.64403635,0.6581196581196581,0.6696428571428572,0.663716814159292
1,1,1,0.61416113,0.6161125,0.5014108,0.6339285714285714,0.7008547008547008,0.6440677966101696
1,1,2,0.6128214,0.67405856,0.6147809,0.7017543859649122,0.7563025210084033,0.6837606837606838
1,1,2,0.6972326,0.5963174,0.6885618,0.7416666666666667,0.6944444444444444,0.6728971962616823
1,1,2,0.605462,0.571005,0.63056594,0.7105263157894737,0.6956521739130435,0.6666666666666667
1,1,2,0.62348366,0.5613605,0.59591234,0.73109243697479,0.7049180327868853,0.6637931034482758
1,1,2,0.69192696,0.4952144,0.40451622,0.7130434782608696,0.7217391304347827,0.7603305785123967
1,1,2,0.5613605,0.59988713,0.62363994,0.7049180327868853,0.6635514018691588,0.7798165137614679
1,1,2,0.4515621,0.6738192,0.6470628,0.7043478260869565,0.7049180327868853,0.7345132743362832
1,1,2,0.63489765,0.6028069,0.59857404,0.6896551724137931,0.6666666666666667,0.6782608695652175
1,1,2,0.67613924,0.6016804,0.58027416,0.6475409836065573,0.6722689075630253,0.6666666666666667
1,2,1,0.50047815,0.6950288,0.70697355,0.704,0.7222222222222222,0.7478991596638656
1,2,1,0.6064973,0.544237,0.61320925,0.6902654867256637,0.6991150442477876,0.7307692307692308
1,2,1,0.68986845,0.7056275,0.6533243,0.6403508771929824,0.75,0.8035714285714286
1,2,1,0.6334212,0.47464535,0.6669665,0.6942148760330579,0.6890756302521008,0.725
1,2,1,0.646693,0.67126,0.69023645,0.6754385964912281,0.6504065040650406,0.6694915254237288
1,2,1,0.5661771,0.70214033,0.61895835,0.6902654867256637,0.736842105263158,0.6697247706422018
1,2,1,0.6221719,0.6620611,0.71071196,0.6923076923076923,0.712,0.6608695652173913
1,2,1,0.6972512,0.57803017,0.57589823,0.6837606837606838,0.6551724137931034,0.8073394495412844
1,2,1,0.6817952,0.69556665,0.6095377,0.6776859504132231,0.6837606837606838,0.6782608695652175
1,2,2,0.6053525,0.67039573,0.7001183,0.6982758620689655,0.6788990825688073,0.6754385964912281
1,2,2,0.70542765,0.6323807,0.6048268,0.6495726495726496,0.6747967479674797,0.6896551724137931
1,2,2,0.59606457,0.6166043,0.6720607,0.6842105263157895,0.6608695652173913,0.6638655462184874
1,2,2,0.68205935,0.59834146,0.63841486,0.6339285714285714,0.6814159292035398,0.6339285714285714
1,2,2,0.59880316,0.695256,0.66569424,0.7217391304347827,0.7016129032258065,0.6991150442477876
1,2,2,0.6061021,0.67677283,0.67173076,0.7304347826086957,0.7258064516129032,0.7241379310344828
1,2,2,0.5843279,0.59800446,0.70747244,0.6869565217391305,0.7033898305084746,0.6486486486486487
1,2,2,0.6932911,0.6560359,0.6984037,0.6721311475409837,0.6942148760330579,0.6416666666666666
1,2,2,0.7586801,0.69908226,0.6636336,0.6956521739130435,0.75,0.6517857142857143
0,0,0,0.6817726,0.68771505,0.6371281,0.6632653061224489,0.6826923076923077,0.7755102040816326
0,0,1,0.730993,0.6390897,0.77792203,0.6631578947368422,0.6799999999999999,0.6938775510204082
0,0,2,0.6453208,0.6508794,0.6656683,0.65,0.7010309278350515,0.6633663366336633
1,1,1,0.5985534,0.6941978,0.63704926,0.6491228070175439,0.8,0.7934782608695652
1,1,1,0.50734127,0.58729655,0.57967895,0.8165137614678899,0.6703296703296704,0.6442307692307692
1,1,1,0.6326934,0.67447484,0.7389339,0.6701030927835052,0.6730769230769231,0.8058252427184466
1,1,1,0.61043763,0.6181729,0.60719526,0.6571428571428571,0.6605504587155964,0.6595744680851063
1,1,1,0.7293066,0.6227493,0.61672986,0.6631578947368422,0.7047619047619047,0.6605504587155964
1,1,1,0.48313498,0.62925434,0.69184613,0.6666666666666667,0.5900000000000001,0.6728971962616823
1,1,1,0.65998155,0.63513994,0.70318586,0.6767676767676767,0.6388888888888888,0.63
1,1,1,0.6152916,0.576731,0.59689003,0.6880733944954128,0.6868686868686869,0.7029702970297029
1,1,1,0.6306174,0.59359425,0.6865247,0.6236559139784946,0.6666666666666667,0.7075471698113207
1,1,2,0.63833225,0.5827149,0.5672853,0.6697247706422018,0.6442307692307692,0.6666666666666667
1,1,2,0.5075677,0.565887,0.603792,0.691588785046729,0.6607142857142857,0.6354166666666667
1,1,2,0.62469506,0.6201441,0.6781503,0.6727272727272727,0.6534653465346535,0.6826923076923077
1,1,2,0.71603954,0.63964397,0.70692706,0.7009345794392523,0.6603773584905661,0.6636363636363636
1,1,2,0.70200825,0.5392924,0.6906929,0.6635514018691588,0.7403846153846154,0.8173076923076923
1,1,2,0.656142,0.69077975,0.6373631,0.6923076923076923,0.7807017543859649,0.6363636363636364
1,1,2,0.65325534,0.6762893,0.62108284,0.6470588235294117,0.7818181818181819,0.6568627450980392
1,1,2,0.6771097,0.6329824,0.5605513,0.6732673267326732,0.6923076923076923,0.6759259259259259
1,1,2,0.7660731,0.7268632,0.7074164,0.7889908256880733,0.691588785046729,0.7363636363636363
1,2,1,0.65002906,0.64642096,0.61405325,0.7472527472527473,0.7169811320754718,0.6698113207547169
1,2,1,0.65872216,0.5542594,0.7043665,0.712962962962963,0.7040816326530612,0.7
1,2,1,0.6920408,0.6872946,0.6082968,0.8252427184466019,0.7171717171717171,0.7572815533980582
1,2,1,0.6285939,0.71320647,0.74812216,0.6818181818181819,0.6880733944954128,0.7155963302752293
1,2,1,0.73392767,0.50074863,0.6906929,0.6571428571428571,0.61,0.8207547169811321
1,2,1,0.5545135,0.59376466,0.656148,0.7117117117117118,0.6944444444444444,0.7090909090909091
1,2,1,0.63328475,0.74581116,0.5163845,0.6415094339622642,0.7047619047619047,0.8189655172413793
1,2,1,0.5869578,0.6001076,0.7574498,0.7978723404255319,0.6893203883495146,0.6571428571428571
1,2,1,0.59302914,0.60753274,0.5591003,0.7058823529411764,0.7211538461538461,0.6886792452830188
1,2,2,0.5841867,0.6319908,0.43188336,0.6756756756756757,0.6732673267326732,0.7027027027027026
1,2,2,0.7472853,0.6691718,0.7812737,0.6822429906542056,0.6761904761904762,0.6454545454545455
1,2,2,0.69709015,0.5883602,0.72173977,0.6633663366336633,0.6666666666666667,0.8288288288288288
1,2,2,0.73349154,0.63938797,0.687395,0.8425925925925926,0.6818181818181819,0.7009345794392523
1,2,2,0.663645,0.6061144,0.5651637,0.6788990825688073,0.6538461538461539,0.7272727272727273
1,2,2,0.68890154,0.6243532,0.46729907,0.6875,0.7735849056603774,0.6407766990291262
1,2,2,0.6528307,0.6023799,0.63451266,0.797979797979798,0.7452830188679245,0.75
1,2,2,0.41981533,0.5847112,0.8247853,0.6355140186915889,0.6603773584905661,0.696078431372549
1,2,2,0.68839055,0.6557823,0.7777878,0.6599999999999999,0.69,0.6504854368932038
0,0,0,0.66147584,0.6241311,0.778247,0.8571428571428572,0.7156862745098039,0.7372881355932204
0,0,1,0.7251526,0.63950855,0.73904896,0.7247706422018348,0.6605504587155964,0.8672566371681416
0,0,2,0.6342299,0.63690364,0.65279573,0.7333333333333334,0.6407766990291262,0.7079646017699115
1,1,1,0.60449266,0.62449396,0.63667214,0.6407766990291262,0.7333333333333334,0.7545454545454545
1,1,1,0.57157624,0.69918406,0.66852546,0.711340206185567,0.6363636363636364,0.6481481481481481
1,1,1,0.80128247,0.61194265,0.733107,0.7457627118644068,0.6190476190476191,0.7027027027027026
1,1,1,0.5259452,0.6343914,0.66761535,0.6363636363636364,0.663716814159292,0.77
1,1,1,0.65747464,0.6829643,0.6153715,0.6509433962264151,0.7053571428571428,0.7363636363636363
1,1,1,0.5886034,0.6192592,0.66525733,0.8737864077669903,0.7457627118644068,0.6116504854368932
1,1,1,0.6484576,0.69451594,0.6469428,0.6213592233009708,0.7289719626168225,0.6226415094339622
1,1,1,0.61590475,0.6971924,0.42641598,0.6633663366336633,0.7475728155339806,0.7545454545454545
1,1,1,0.63588417,0.65705043,0.64888585,0.8301886792452831,0.693069306930693,0.8672566371681416
1,1,2,0.6282002,0.658618,0.5888611,0.7247706422018348,0.7102803738317758,0.6605504587155964
1,1,2,0.7035607,0.71623915,0.69434696,0.7669902912621359,0.7304347826086957,0.7090909090909091
1,1,2,0.69157314,0.68499386,0.5468479,0.7669902912621359,0.7663551401869159,0.6632653061224489
1,1,2,0.6668737,0.60511804,0.6346035,0.7735849056603774,0.752212389380531,0.6916666666666667
1,1,2,0.6043275,0.6830158,0.6643518,0.6752136752136753,0.6213592233009708,0.7352941176470589
1,1,2,0.5921068,0.69651747,0.5964812,0.8666666666666667,0.7454545454545455,0.6194690265486726
1,1,2,0.5401454,0.73838735,0.5926506,0.7090909090909091,0.7115384615384616,0.6132075471698113
1,1,2,0.49775845,0.67461324,0.75906944,0.7314814814814814,0.6403508771929824,0.7407407407407407
1,1,2,0.5866845,0.6856021,0.3722188,0.6371681415929203,0.719626168224299,0.8113207547169812
1,2,1,0.6510506,0.69147503,0.6270334,0.679245283018868,0.6261682242990654,0.6981132075471699
1,2,1,0.65406,0.57031715,0.53101206,0.6486486486486487,0.7837837837837838,0.7391304347826086
1,2,1,0.68111813,0.6235159,0.6459625,0.7567567567567568,0.6814159292035398,0.7787610619469026
1,2,1,0.73828125,0.6331911,0.43333498,0.7090909090909091,0.6862745098039216,0.8365384615384616
1,2,1,0.64318705,0.5301161,0.57000846,0.6698113207547169,0.6391752577319587,0.6491228070175439
1,2,1,0.67789876,0.6482093,0.6967858,0.6454545454545455,0.7142857142857143,0.7304347826086957
1,2,1,0.7623899,0.7130166,0.7490119,0.6944444444444444,0.679245283018868,0.7289719626168225
1,2,1,0.61663,0.6249455,0.4273217,0.6261682242990654,0.6491228070175439,0.7798165137614679
1,2,1,0.6413426,0.6569685,0.5743499,0.7264150943396226,0.8660714285714286,0.7669902912621359
1,2,2,0.64645344,0.57167554,0.7019334,0.7636363636363637,0.6190476190476191,0.7410714285714286
1,2,2,0.67913646,0.7465801,0.62993133,0.731958762886598,0.7669902912621359,0.6396396396396397
1,2,2,0.5125319,0.62389845,0.6290128,0.7647058823529411,0.6415094339622642,0.7699115044247787
1,2,2,0.5725332,0.6675136,0.6358751,0.7115384615384616,0.7685185185185185,0.6339285714285714
1,2,2,0.6511672,0.63473344,0.64225656,0.6761904761904762,0.8240740740740741,0.7102803738317758
1,2,2,0.6716108,0.7011897,0.6174036,0.7117117117117118,0.6759259259259259,0.7272727272727273
1,2,2,0.65727997,0.66612095,0.66305906,0.6347826086956522,0.6285714285714286,0.7433628318584071
1,2,2,0.5724619,0.5627122,0.5949364,0.6568627450980392,0.7899159663865546,0.6454545454545455
1,2,2,0.6362231,0.66982645,0.6344982,0.8440366972477065,0.7142857142857143,0.7064220183486238
0,0,0,0.8401129,0.8262404,0.5607492,0.6779661016949152,0.6814159292035398,0.6495726495726496
0,0,1,0.5957475,0.85808545,0.91802794,0.6976744186046512,0.696,0.6776859504132231
0,0,2,0.8608881,0.53717256,0.5357425,0.7355371900826446,0.7358490566037736,0.6890756302521008
1,1,1,0.5813043,0.8905901,0.5823698,0.6756756756756757,0.6782608695652175,0.6724137931034483
1,1,1,0.82773846,0.90953267,0.94995403,0.6694915254237288,0.4117647058823529,0.6554621848739496
1,1,1,0.67980134,0.8803344,0.5829922,0.6833333333333333,0.6836734693877551,0.6583333333333333
1,1,1,0.8741275,0.93636554,0.9254328,0.6779661016949152,0.6578947368421053,0.7297297297297297
1,1,1,0.039124954,0.6251193,0.69083416,0.0,0.6875,0.6727272727272727
1,1,1,0.81740963,0.7202492,0.8397832,0.7053571428571428,0.7155172413793103,0.6909090909090909
1,1,1,0.63547325,0.9271586,0.87163097,0.6916666666666667,0.6885245901639344,0.6929824561403508
1,1,1,0.8538216,0.5075081,0.89212465,0.6942148760330579,0.7049180327868853,0.680327868852459
1,1,1,0.9218822,0.92988396,0.5987609,0.6551724137931034,0.6612903225806452,0.7107438016528926
1,1,2,0.86311865,0.7119211,0.6599504,0.7058823529411764,0.78125,0.6721311475409837
1,1,2,0.87913096,0.47315463,-0.04357994,0.6782608695652175,0.6694915254237288,0.0
1,1,2,0.9270036,0.8835031,0.8596206,0.6869565217391305,0.6967213114754098,0.6725663716814159
1,1,2,0.5668866,0.9016223,0.898617,0.6610169491525424,0.7338709677419355,0.7698412698412699
1,1,2,0.4618741,0.8672386,0.81491125,0.7063492063492063,0.6330275229357798,0.6666666666666667
1,1,2,0.9533052,0.86248696,0.6460705,0.6666666666666667,0.7033898305084746,0.6725663716814159
1,1,2,0.83827746,0.70569205,0.83177465,0.6880733944954128,0.7166666666666667,0.6936936936936937
1,1,2,0.6124254,0.6468956,0.72545636,0.6974789915966386,0.7033898305084746,0.6727272727272727
1,1,2,0.9491118,0.6055845,0.6224915,0.7016129032258065,0.7155963302752293,0.8110236220472441
1,2,1,0.60043997,0.7980609,0.8844102,0.6991869918699187,0.7304347826086957,0.7258064516129032
1,2,1,0.78844225,0.5346278,0.8680711,0.7583333333333333,0.7807017543859649,0.6825396825396826
1,2,1,0.8627609,0.80846953,0.88788044,0.734375,0.7107438016528926,0.6578947368421053
1,2,1,0.8657305,0.8666117,0.8947501,0.6722689075630253,0.6916666666666667,0.7017543859649122
1,2,1,0.8585241,0.845577,0.89255047,0.6850393700787402,0.7,0.6696428571428572
1,2,1,0.8334211,0.85788316,0.73423475,0.7520661157024793,0.7096774193548387,0.6747967479674797
1,2,1,0.8720281,0.6615658,0.8373349,0.7416666666666667,0.7692307692307692,0.6722689075630253
1,2,1,-0.018524513,0.9088885,0.9267203,0.0,0.6722689075630253,0.6605504587155964
1,2,1,0.8853694,0.9093669,0.9215271,0.6929824561403508,0.7058823529411764,0.6370967741935484
1,2,2,0.69464314,0.8332126,0.8850338,0.71900826446281,0.7166666666666667,0.7033898305084746
1,2,2,0.8948558,0.8434576,0.8588575,0.7024793388429752,0.6974789915966386,0.7073170731707317
1,2,2,0.51829314,0.7666813,0.582406,0.6747967479674797,0.7,0.6776859504132231
1,2,2,0.49682373,0.8262309,0.793617,0.6869565217391305,0.6837606837606838,0.7154471544715447
1,2,2,0.6050093,0.74722075,0.67407584,0.6574074074074074,0.7,0.7079646017699115
1,2,2,0.56469226,0.86768293,0.7543644,0.7327586206896552,0.6916666666666667,0.71900826446281
1,2,2,0.54636586,0.85584986,0.5802533,0.7542372881355932,0.7054263565891472,0.6725663716814159
1,2,2,0.6277394,0.6725718,0.8775964,0.75,0.6916666666666667,0.725
1,2,2,0.9043968,0.89446133,0.5845952,0.6896551724137931,0.7479674796747968,0.6972477064220184
0,0,0,0.23741022,0.4826857,0.3609411,0.74,0.65625,0.6153846153846154
0,0,1,0.3064189,0.1532894,0.17302373,0.3125,0.2181818181818181,0.6631578947368422
0,0,2,0.3599987,0.38033742,0.3097698,0.8252427184466019,0.6371681415929203,0.7407407407407407
1,1,1,0.22466168,0.26165584,0.24403661,0.6741573033707865,0.4375,0.35
1,1,1,0.25176188,0.36545032,0.2689374,0.4935064935064935,0.3448275862068966,0.6702127659574468
1,1,1,0.244839,0.31711376,0.21198739,0.828125,0.5081967213114754,0.6956521739130435
1,1,1,0.22779718,0.25409567,0.32950765,0.5,0.2592592592592593,0.6636363636363636
1,1,1,0.35434005,0.35562816,0.2015731,0.7523809523809524,0.7475728155339806,0.4117647058823529
1,1,1,0.2063325,0.29375625,0.19919607,0.6103896103896104,0.4428571428571428,0.5084745762711864
1,1,1,0.2506485,0.27130002,0.21225336,0.6416666666666666,0.6074766355140186,0.5116279069767442
1,1,1,0.13107052,-0.009308465,0.31131056,0.390625,-0.2857142857142858,0.775
1,1,1,0.34235996,0.383216,0.21969198,0.5652173913043479,0.6695652173913044,0.5578947368421052
1,1,2,0.19878966,0.23764943,0.33142924,0.4084507042253521,0.5,0.7739130434782608
1,1,2,0.21169901,0.30313325,0.2336593,0.2678571428571429,0.3703703703703703,0.3880597014925373
1,1,2,0.26888356,0.24372084,0.3112809,0.6770833333333333,0.4383561643835616,0.4883720930232558
1,1,2,0.19375962,0.2703584,0.25110757,0.5531914893617021,0.6829268292682926,0.2888888888888888
1,1,2,0.15764841,0.122071385,0.19711185,0.6095238095238096,0.4285714285714286,0.4415584415584416
1,1,2,0.25502688,0.3360633,0.2471168,0.3787878787878788,0.7272727272727273,0.6826923076923077
1,1,2,0.33771688,0.27542937,0.41240925,0.6344086021505376,0.6923076923076923,0.646551724137931
1,1,2,0.2543321,0.2415635,0.2793566,0.4166666666666666,0.6111111111111112,0.7904761904761904
1,1,2,0.15062115,0.2589578,0.20377588,0.5684210526315789,0.28,0.5684210526315789
1,2,1,0.21338761,0.2249099,0.17074136,0.3650793650793651,0.3508771929824561,0.6105263157894737
1,2,1,0.18350574,0.24380255,0.28057992,0.6081081081081081,0.4683544303797469,0.2758620689655172
1,2,1,0.13811749,0.2590943,0.2743926,0.5263157894736843,0.4166666666666666,0.6666666666666667
1,2,1,0.25306636,0.25297675,0.3320699,0.5454545454545454,0.4499999999999999,0.6407766990291262
1,2,1,0.2863884,0.21286425,0.30756038,0.3225806451612903,0.5,0.771186440677966
1,2,1,0.2114006,0.19847195,0.40945423,0.4929577464788732,0.2321428571428571,0.6923076923076923
1,2,1,0.26888713,0.22435647,0.19264399,0.2727272727272727,0.3823529411764705,0.8526315789473684
1,2,1,0.24093841,0.27071917,0.32971057,0.4264705882352941,0.3770491803278688,0.3392857142857143
1,2,1,0.17282952,0.1621287,0.20749123,0.1914893617021277,0.2307692307692307,0.5795454545454546
1,2,2,0.24649334,0.2539728,0.123191565,0.2325581395348837,0.359375,0.5735294117647058
1,2,2,0.14178398,0.09129296,0.062855296,0.523076923076923,0.4285714285714286,0.3880597014925373
1,2,2,0.22066975,0.20548834,0.24407373,0.5671641791044777,0.359375,0.3518518518518518
1,2,2,0.35650426,0.30512255,0.181559,0.159090909090909,0.4423076923076923,0.5324675324675325
1,2,2,0.2110551,0.3054816,0.21388689,0.5357142857142857,0.6060606060606061,0.4222222222222223
1,2,2,0.2031891,0.22366568,0.24870977,0.5591397849462365,0.1521739130434782,0.4647887323943662
1,2,2,0.29402244,0.2848031,0.4684505,0.5376344086021505,0.4375,0.64
1,2,2,0.28490323,0.18348922,0.24887277,0.4210526315789473,0.2777777777777778,0.4
1,2,2,0.016240876,0.26939538,0.27946413,0.6226415094339622,0.5119047619047619,0.8
0,0,0,0.577284,0.5109582,0.5538926,0.6799999999999999,0.6799999999999999,0.6826923076923077
0,0,1,0.66637224,0.5379863,0.5535699,0.6495726495726496,0.7027027027027026,0.6909090909090909
0,0,2,0.5191423,0.5723664,0.54330444,0.7321428571428572,0.6880733944954128,0.712962962962963
1,1,1,0.5218969,0.57275546,0.6079434,0.691588785046729,0.6725663716814159,0.63
1,1,1,0.57608426,0.5525446,0.5585363,0.7090909090909091,0.7079646017699115,0.6262626262626263
1,1,1,0.5201696,0.6406058,0.58536255,0.691588785046729,0.7477477477477478,0.75
1,1,1,0.5290786,0.54346716,0.6177213,0.6105263157894737,0.6846846846846847,0.6601941747572815
1,1,1,0.5920305,0.5822239,0.5482793,0.65,0.6761904761904762,0.6605504587155964
1,1,1,0.562729,0.5665772,0.5627422,0.6210526315789473,0.7102803738317758,0.7
1,1,1,0.57736975,0.596249,0.57061136,0.7105263157894737,0.6699029126213591,0.6666666666666667
1,1,1,0.5339787,0.5613235,0.5318728,0.7047619047619047,0.696078431372549,0.6767676767676767
1,1,1,0.54525805,0.6072869,0.55225074,0.696969696969697,0.6728971962616823,0.7029702970297029
1,1,2,0.5266942,0.5254727,0.4981373,0.6831683168316831,0.6666666666666667,0.7130434782608696
1,1,2,0.57131124,0.5756693,0.5439602,0.6213592233009708,0.6991150442477876,0.6851851851851851
1,1,2,0.56841576,0.622377,0.6335003,0.7,0.7545454545454545,0.6391752577319587
1,1,2,0.53109485,0.5714606,0.55642277,0.6728971962616823,0.6846846846846847,0.7053571428571428
1,1,2,0.5644579,0.52545154,0.5594573,0.7192982456140351,0.6601941747572815,0.6725663716814159
1,1,2,0.58729684,0.52564085,0.5244915,0.7454545454545455,0.7407407407407407,0.7127659574468085
1,1,2,0.624431,0.5532582,0.57973105,0.6785714285714286,0.6836734693877551,0.6880733944954128
1,1,2,0.52785856,0.5975902,0.56473005,0.6964285714285714,0.6635514018691588,0.6826923076923077
1,1,2,0.51649135,0.6364223,0.5409349,0.6886792452830188,0.6810344827586207,0.7358490566037736
1,2,1,0.49507248,0.5803255,0.6301625,0.6944444444444444,0.6666666666666667,0.6470588235294117
1,2,1,0.5477166,0.54288924,0.5703727,0.6952380952380952,0.6799999999999999,0.6607142857142857
1,2,1,0.5715672,0.5472816,0.52726865,0.6952380952380952,0.6944444444444444,0.7058823529411764
1,2,1,0.6431326,0.5296709,0.6197528,0.6868686868686869,0.6846846846846847,0.7321428571428572
1,2,1,0.5199105,0.5511253,0.52412903,0.6857142857142857,0.679245283018868,0.6990291262135923
1,2,1,0.5655894,0.59720576,0.54965013,0.7475728155339806,0.6603773584905661,0.696078431372549
1,2,1,0.5987546,0.58243334,0.6213286,0.6574074074074074,0.7142857142857143,0.6288659793814433
1,2,1,0.5355698,0.62650496,0.53320277,0.7058823529411764,0.6203703703703703,0.7232142857142857
1,2,1,0.5298295,0.58683383,0.5216924,0.7027027027027026,0.6636363636363636,0.7155172413793103
1,2,2,0.61425626,0.6272571,0.6347469,0.693069306930693,0.6728971962616823,0.7333333333333334
1,2,2,0.5629785,0.5546502,0.4908195,0.6851851851851851,0.7017543859649122,0.6761904761904762
1,2,2,0.62261873,0.5566119,0.6240725,0.6434782608695653,0.6862745098039216,0.6571428571428571
1,2,2,0.57650065,0.53438085,0.5006147,0.7019230769230769,0.6826923076923077,0.6481481481481481
1,2,2,0.49452183,0.62800765,0.58907366,0.6818181818181819,0.7117117117117118,0.6224489795918368
1,2,2,0.5262293,0.5377636,0.5359936,0.6831683168316831,0.691588785046729,0.6972477064220184
1,2,2,0.5644728,0.5738551,0.55572045,0.6759259259259259,0.7009345794392523,0.7027027027027026
1,2,2,0.5463609,0.5880095,0.55879736,0.6936936936936937,0.6875,0.6336633663366337
1,2,2,0.6235064,0.5516892,0.5372108,0.679245283018868,0.679245283018868,0.6944444444444444
0,0,0,0.6594752,0.6045129,0.57881355,0.6972477064220184,0.6607142857142857,0.7407407407407407
0,0,1,0.667083,0.6279662,0.6418656,0.6956521739130435,0.7043478260869565,0.6724137931034483
0,0,2,0.5192936,0.6474608,0.6492793,0.6055045871559632,0.6864406779661016,0.6752136752136753
1,1,1,-0.008181939,0.6140547,0.6350079,0.0,0.6698113207547169,0.7017543859649122
1,1,1,0.63078725,0.59999275,0.6321758,0.7241379310344828,0.7107438016528926,0.7117117117117118
1,1,1,0.6332359,0.62856644,0.64239806,0.7280701754385965,0.6972477064220184,0.6756756756756757
1,1,1,0.6396159,0.5930116,0.64389694,0.7619047619047619,0.7232142857142857,0.7130434782608696
1,1,1,0.6233145,0.66919804,0.62562966,0.7454545454545455,0.6910569105691057,0.7207207207207207
1,1,1,0.6351589,0.64834374,0.644312,0.7372881355932204,0.6635514018691588,0.7264957264957265
1,1,1,0.64077854,0.6160898,0.616853,0.6448598130841121,0.6846846846846847,0.711864406779661
1,1,1,0.58697003,0.6011899,0.6486839,0.7619047619047619,0.7155172413793103,0.6699029126213591
1,1,1,0.69419754,0.57618296,0.6550615,0.7155172413793103,0.663716814159292,0.7017543859649122
1,1,2,0.64258045,0.6460319,0.6253066,0.6730769230769231,0.7142857142857143,0.7304347826086957
1,1,2,0.6288439,0.0030036084,0.6066991,0.7378640776699029,0.0,0.7545454545454545
1,1,2,0.6666592,0.5905814,0.650599,0.7130434782608696,0.6942148760330579,0.7102803738317758
1,1,2,0.61956465,0.6283406,0.64965314,0.7130434782608696,0.7232142857142857,0.7155172413793103
1,1,2,0.63795674,0.60985243,0.66170835,0.6782608695652175,0.7043478260869565,0.7017543859649122
1,1,2,0.63508916,-0.020590626,0.61761963,0.7452830188679245,0.0,0.675
1,1,2,0.5096607,0.030703742,0.60301715,0.7024793388429752,0.0,0.7456140350877193
1,1,2,0.61743814,0.61221975,0.64645773,0.7565217391304347,0.6909090909090909,0.7181818181818183
1,1,2,0.61948884,0.575232,0.64349085,0.6991150442477876,0.625,0.7027027027027026
1,2,1,0.64515364,0.63102937,0.6097293,0.6407766990291262,0.6697247706422018,0.6605504587155964
1,2,1,0.64732486,0.6302564,0.6144941,0.7543859649122807,0.6810344827586207,0.7280701754385965
1,2,1,0.677439,0.60420525,-0.06199128,0.6964285714285714,0.696078431372549,0.0
1,2,1,0.6427168,0.5957657,0.63015974,0.7033898305084746,0.6565656565656566,0.717948717948718
1,2,1,0.6644682,0.6375392,0.6461054,0.6956521739130435,0.6880733944954128,0.7391304347826086
1,2,1,0.62843525,0.66996944,0.62990975,0.680672268907563,0.6666666666666667,0.6481481481481481
1,2,1,0.6492784,0.63084483,0.6066991,0.7027027027027026,0.7,0.771186440677966
1,2,1,0.6324647,0.6066749,0.6515067,0.6785714285714286,0.6936936936936937,0.7477477477477478
1,2,1,0.640718,0.58398855,0.6034967,0.7345132743362832,0.7232142857142857,0.6814159292035398
1,2,2,0.6209322,0.6346625,0.6264972,0.6810344827586207,0.691588785046729,0.7053571428571428
1,2,2,0.6426942,0.60569376,0.6324165,0.7,0.6761904761904762,0.6929824561403508
1,2,2,0.6682761,0.6041855,0.6586359,0.6722689075630253,0.7837837837837838,0.6846846846846847
1,2,2,0.62840044,0.63783884,0.6520827,0.6666666666666667,0.7155963302752293,0.6724137931034483
1,2,2,0.6404123,0.586966,0.632377,0.6759259259259259,0.6634615384615384,0.6756756756756757
1,2,2,0.6367692,0.5979414,0.652186,0.7130434782608696,0.6875,0.7157894736842105
1,2,2,0.66205794,0.57924247,0.6140372,0.663716814159292,0.7586206896551724,0.691588785046729
1,2,2,0.5964746,0.60601556,0.63647574,0.782608695652174,0.7142857142857143,0.6767676767676767
1,2,2,0.512196,-0.028896341,0.63993335,0.652542372881356,0.0,0.7967479674796748
0,0,0,0.8040383,0.9184922,0.78974694,0.6639344262295082,0.6885245901639344,0.6916666666666667
0,0,1,0.80005646,0.80151916,0.88597584,0.7631578947368421,0.6829268292682926,0.6929824561403508
0,0,2,0.8024346,0.56026995,0.70992315,0.6695652173913044,0.6859504132231404,0.7142857142857143
1,1,1,0.781032,0.85136306,0.8192834,0.6578947368421053,0.6475409836065573,0.6581196581196581
1,1,1,0.87773305,0.8066757,0.827695,0.6724137931034483,0.6725663716814159,0.6859504132231404
1,1,1,0.8968476,0.8501952,0.81789196,0.6454545454545455,0.6517857142857143,0.680327868852459
1,1,1,0.8951028,0.8235216,0.75795054,0.6320754716981132,0.6885245901639344,0.6724137931034483
1,1,1,0.7859708,0.8093175,-0.023296501,0.6782608695652175,0.688,0.0
1,1,1,0.80122733,0.89805603,0.7602283,0.6833333333333333,0.6864406779661016,0.6923076923076923
1,1,1,0.8804109,0.8420772,0.8690537,0.6551724137931034,0.6953125,0.6694915254237288
1,1,1,0.61744887,0.79568374,0.7964128,0.6583333333333333,0.6833333333333333,0.6774193548387097
1,1,1,0.8273715,0.79403806,0.81082946,0.6611570247933884,0.6697247706422018,0.6637931034482758
1,1,2,0.7862584,0.8968476,0.8039405,0.6956521739130435,0.6422018348623852,0.6910569105691057
1,1,2,0.78352624,0.88668597,0.8343822,0.6799999999999999,0.7007874015748031,0.6666666666666667
1,1,2,0.8873131,0.88995194,0.85963607,0.685483870967742,0.7058823529411764,0.6271186440677966
1,1,2,0.900369,0.78726506,0.8762304,0.6967213114754098,0.6521739130434783,0.7024793388429752
1,1,2,0.6067699,0.84710217,0.55694175,0.3421052631578947,0.6721311475409837,0.6776859504132231
1,1,2,0.7545959,0.7923467,0.7770865,0.6991869918699187,0.6722689075630253,0.7203389830508475
1,1,2,0.70236003,0.85892105,0.84726083,0.717948717948718,0.6173913043478261,0.6724137931034483
1,1,2,0.90142655,0.886631,0.906227,0.6746031746031746,0.6721311475409837,0.6607142857142857
1,1,2,0.84007573,0.78735894,0.8061538,0.6967213114754098,0.696,0.6666666666666667
1,2,1,0.8513608,0.5675416,0.8382463,0.6752136752136753,0.7272727272727273,0.73109243697479
1,2,1,0.75951123,0.8924831,0.79660404,0.7478991596638656,0.688,0.6542056074766356
1,2,1,0.84702057,0.8522396,0.8002231,0.6615384615384615,0.6694214876033058,0.6864406779661016
1,2,1,0.79032016,0.9150921,0.903486,0.6923076923076923,0.3448275862068966,0.6428571428571428
1,2,1,0.6401139,0.89137065,0.8266267,0.7345132743362832,0.6513761467889908,0.6896551724137931
1,2,1,0.88340783,0.82840014,0.799852,0.7024793388429752,0.6779661016949152,0.6587301587301587
1,2,1,0.8017194,0.7978155,0.85984194,0.6869565217391305,0.6535433070866141,0.6386554621848739
1,2,1,0.83095276,0.8983135,0.8771366,0.7094017094017093,0.7007874015748031,0.6666666666666667
1,2,1,0.80096257,0.8822643,0.82857347,0.7083333333333333,0.6697247706422018,0.6810344827586207
1,2,2,0.88083684,-0.05945418,0.8998079,0.6428571428571428,0.0,0.6488549618320612
1,2,2,0.84457326,0.820001,0.82752335,0.6554621848739496,0.6829268292682926,0.6721311475409837
1,2,2,0.7839066,0.83226335,0.85554475,0.6725663716814159,0.6636363636363636,0.6666666666666667
1,2,2,0.8221258,0.8809489,0.68362427,0.6967213114754098,0.7049180327868853,0.7338709677419355
1,2,2,0.7954657,0.82030106,0.87125766,0.6752136752136753,0.6984126984126984,0.64
1,2,2,0.7823235,0.9189352,0.78683203,0.6776859504132231,0.6306306306306306,0.7033898305084746
1,2,2,0.9001411,0.817649,0.77330476,0.6495726495726496,0.7647058823529411,0.6578947368421053
1,2,2,0.81780565,0.9310382,0.8839588,0.6724137931034483,0.6333333333333333,0.6260869565217391
1,2,2,0.78237617,0.7630213,0.82444,0.6890756302521008,0.728,0.7931034482758621
0,0,0,0.88209605,0.8879919,0.8820977,0.6296296296296297,0.6168224299065421,0.6422018348623852
0,0,1,0.8748577,0.8248285,0.88829124,0.656,0.6638655462184874,0.639344262295082
0,0,2,0.8902505,0.86412895,0.89470655,0.6752136752136753,0.7131147540983607,0.6585365853658536
1,1,1,0.89281344,0.8084393,0.8240893,0.6470588235294117,0.6581196581196581,0.6608695652173913
1,1,1,0.7735565,0.62755847,0.78517014,0.6635514018691588,0.7083333333333333,0.6875
1,1,1,0.8118492,0.7871796,0.8924439,0.6454545454545455,0.6929824561403508,0.6083333333333334
1,1,1,0.87764436,0.8174012,0.8784071,0.6238532110091743,0.6528925619834711,0.6611570247933884
1,1,1,0.87809014,0.8430723,0.9319931,0.7317073170731707,0.6719999999999999,0.6517857142857143
1,1,1,0.76008594,0.8954843,0.85850435,0.6725663716814159,0.6721311475409837,0.6229508196721312
1,1,1,0.8625344,0.8830196,0.654817,0.648,0.7570093457943925,0.8305084745762712
1,1,1,0.8372346,-0.030799918,0.8800223,0.7948717948717949,0.0,0.6333333333333333
1,1,1,0.88173294,0.8005197,0.8605056,0.6218487394957983,0.6694915254237288,0.6935483870967742
1,1,2,0.88740027,0.81552935,0.8595762,0.6964285714285714,0.6610169491525424,0.6774193548387097
1,1,2,0.8603141,-0.029500946,0.8908285,0.6614173228346456,0.0,0.6724137931034483
1,1,2,0.79192734,0.90185374,0.787254,0.6371681415929203,0.6727272727272727,0.652542372881356
1,1,2,0.80394304,0.8841601,0.8809839,0.6722689075630253,0.7540983606557377,0.656
1,1,2,0.8218522,0.7888236,0.80062425,0.7256637168141593,0.656,0.6581196581196581
1,1,2,0.84381837,0.89426494,0.87024474,0.6548672566371682,0.6666666666666667,0.7317073170731707
1,1,2,0.88190377,0.8793751,0.80623627,0.6693548387096775,0.6774193548387097,0.717741935483871
1,1,2,0.82105005,0.89098155,0.73058975,0.6416666666666666,0.7244094488188977,0.7407407407407407
1,1,2,0.8783442,0.8413407,0.8152876,0.6495726495726496,0.6725663716814159,0.6451612903225806
1,2,1,0.90636194,0.9201475,0.8219194,0.656,0.6551724137931034,0.7627118644067796
1,2,1,0.905716,0.9105438,0.78999734,0.65625,0.6585365853658536,0.7787610619469026
1,2,1,0.75352526,0.8943411,0.8367777,0.8058252427184466,0.6403508771929824,0.6967213114754098
1,2,1,0.8342025,0.8233714,0.7832323,0.6608695652173913,0.6611570247933884,0.6666666666666667
1,2,1,0.8141457,0.79395723,0.7998047,0.6532258064516129,0.6554621848739496,0.7207207207207207
1,2,1,0.8978906,0.8875617,0.8745808,0.6403508771929824,0.6339285714285714,0.7049180327868853
1,2,1,0.8495081,0.89242554,0.83630764,0.6446280991735538,0.6528925619834711,0.704
1,2,1,0.7812227,0.8652797,0.8496793,0.6475409836065573,0.7478260869565218,0.6347826086956522
1,2,1,0.76408666,-0.09990215,0.8610413,0.6386554621848739,0.0,0.639344262295082
1,2,2,0.88625187,0.79537725,0.8507372,0.675,0.625,0.6194690265486726
1,2,2,0.8675232,0.84833074,0.8362762,0.648,0.7377049180327868,0.641025641025641
1,2,2,0.83916104,0.81919205,0.8516586,0.648,0.628099173553719,0.775
1,2,2,0.87730145,0.8376581,0.86733717,0.6504065040650406,0.6532258064516129,0.6583333333333333
1,2,2,0.7977787,-0.11906995,0.8915413,0.6982758620689655,0.0,0.6271186440677966
1,2,2,0.8282741,0.8945985,0.8911443,0.8031496062992126,0.6194690265486726,0.648
1,2,2,0.86013865,0.8791152,0.85972345,0.6666666666666667,0.6456692913385826,0.3055555555555556
1,2,2,0.83431226,0.8717074,0.8786487,0.6694915254237288,0.6639999999999999,0.7058823529411764
1,2,2,0.018672327,0.86782175,0.87275076,0.0,0.6885245901639344,0.7096774193548387
0,0,0,0.81004834,0.74687314,0.5106446,0.6017699115044248,0.6611570247933884,0.6774193548387097
0,0,1,0.6764647,0.8006995,0.8315519,0.6694915254237288,0.6771653543307087,0.6486486486486487
0,0,2,0.8060585,0.7511008,0.5530979,0.6885245901639344,0.6416666666666666,0.5
1,1,1,0.67215437,0.7337548,0.6435547,0.6638655462184874,0.6779661016949152,0.6810344827586207
1,1,1,0.6890808,0.7356684,0.68114036,0.711864406779661,0.7073170731707317,0.6825396825396826
1,1,1,0.6338451,0.54863477,0.7595267,0.7256637168141593,0.6218487394957983,0.6416666666666666
1,1,1,0.67093074,0.8003509,0.80614424,0.652542372881356,0.628099173553719,0.6747967479674797
1,1,1,0.6629609,0.7337116,0.7240142,0.6638655462184874,0.6666666666666667,0.65625
1,1,1,0.7159759,0.6905285,0.8877117,0.6638655462184874,0.680672268907563,0.7213114754098361
1,1,1,0.69051385,0.7726369,0.77801317,0.641025641025641,0.680672268907563,0.6752136752136753
1,1,1,0.6199473,0.83837736,0.64694333,0.6422018348623852,0.771186440677966,0.7226890756302521
1,1,1,0.7581432,0.7353172,0.61201847,0.631578947368421,0.6639344262295082,0.6935483870967742
1,1,2,0.66882676,0.7420955,0.43829066,0.6833333333333333,0.6446280991735538,0.6974789915966386
1,1,2,0.77985597,0.78480995,0.72752845,0.6386554621848739,0.7478260869565218,0.7459016393442623
1,1,2,0.810544,0.010388128,0.7541834,0.6638655462184874,-0.0588235294117647,0.6272727272727272
1,1,2,0.6364421,0.69762313,0.60837376,0.6929824561403508,0.5982142857142857,0.7350427350427351
1,1,2,0.7813552,0.7368871,0.6630151,0.6607142857142857,0.625,0.7008547008547008
1,1,2,0.65792894,0.88216555,0.6175585,0.7355371900826446,0.680672268907563,0.7416666666666667
1,1,2,0.755102,0.6937047,0.69481254,0.6260869565217391,0.7327586206896552,0.6991150442477876
1,1,2,0.66407305,0.7807174,0.73942983,0.6923076923076923,0.6422764227642277,0.6475409836065573
1,1,2,0.7321707,0.8001919,0.6361497,0.6363636363636364,0.7043478260869565,0.6638655462184874
1,2,1,0.75480855,0.71430814,0.69630086,0.6991869918699187,0.6578947368421053,0.775
1,2,1,0.70842415,0.7133297,0.71817076,0.6942148760330579,0.744,0.7322834645669292
1,2,1,0.7967471,0.7109194,0.7206393,0.7666666666666666,0.7433628318584071,0.7264957264957265
1,2,1,0.6844212,0.699056,0.7210049,0.6371681415929203,0.6666666666666667,0.6333333333333333
1,2,1,0.6421532,0.7256242,0.6909029,0.6554621848739496,0.680327868852459,0.7207207207207207
1,2,1,0.73061407,0.6721308,0.77144444,0.768595041322314,0.7372881355932204,0.7394957983193278
1,2,1,0.7700611,0.8708359,0.72653806,0.6475409836065573,0.6554621848739496,0.768595041322314
1,2,1,0.73563415,0.64844704,0.64054346,0.6869565217391305,0.7520661157024793,0.7107438016528926
1,2,1,0.8141808,0.80264086,0.6532556,0.6446280991735538,0.7704918032786885,0.6929133858267716
1,2,2,0.6572041,0.85742843,0.6739696,0.768595041322314,0.7142857142857143,0.7606837606837606
1,2,2,0.5576614,0.7215171,0.7034149,0.7739130434782608,0.6086956521739131,0.6956521739130435
1,2,2,0.64885646,0.71868694,0.6518653,0.743801652892562,0.6311475409836065,0.6923076923076923
1,2,2,0.8327931,0.8868911,0.6070378,0.641025641025641,0.6283185840707964,0.6799999999999999
1,2,2,0.7391926,0.6723795,0.70307916,0.6302521008403361,0.6528925619834711,0.6363636363636364
1,2,2,0.81548905,0.65821624,0.69601905,0.6776859504132231,0.7207207207207207,0.76
1,2,2,0.76997113,0.77410233,0.63793623,0.725,0.646551724137931,0.6608695652173913
1,2,2,0.6521356,0.76303685,0.72880495,0.6779661016949152,0.675,0.728
1,2,2,0.6663172,0.72764736,0.75117564,0.6896551724137931,0.6608695652173913,0.6859504132231404
0,0,0,0.5645826,0.2827742,0.29669064,0.7207207207207207,0.3333333333333333,0.7413793103448276
0,0,1,0.64635205,0.3098845,0.4289458,0.7024793388429752,0.3050847457627118,0.3617021276595744
0,0,2,0.43834686,0.5562537,0.5638299,0.7727272727272727,0.7704918032786885,0.771186440677966
1,1,1,0.55224305,0.29467517,0.5149119,0.7672413793103449,0.1818181818181817,0.4477611940298507
1,1,1,0.600619,0.34388864,0.52309173,0.3454545454545454,0.6710526315789473,0.7589285714285714
1,1,1,0.62335247,0.31415394,0.52728856,0.6936936936936937,0.4328358208955224,0.7391304347826086
1,1,1,0.6536814,0.35977358,0.62631655,0.6833333333333333,0.5342465753424658,0.7372881355932204
1,1,1,0.60972285,0.16176164,0.5789317,0.7894736842105263,0.4339622641509434,0.7
1,1,1,0.6687687,0.21017483,0.65958,0.6666666666666667,0.25,0.6548672566371682
1,1,1,0.6581378,0.33365786,0.54924136,0.6440677966101696,0.3050847457627118,0.7636363636363637
1,1,1,0.65067625,-0.01866701,0.6513312,0.7372881355932204,0.7605633802816901,0.7211538461538461
1,1,1,0.5572157,0.3275317,0.6088356,0.7815126050420168,0.2807017543859649,0.675
1,1,2,0.36935067,0.33932376,0.77379286,0.7416666666666667,0.4461538461538461,0.6293103448275862
1,1,2,0.5439358,0.24700445,0.55472755,0.8181818181818181,0.3166666666666666,0.6440677966101696
1,1,2,0.65216446,0.37772152,0.5707044,0.6460176991150443,0.2592592592592593,0.6517857142857143
1,1,2,0.52552927,0.29511765,0.19561243,0.7410714285714286,0.1818181818181817,0.71
1,1,2,0.66377044,0.20550263,0.4790447,0.7796610169491526,0.3731343283582089,0.7410714285714286
1,1,2,0.4931479,0.34684277,0.35101855,0.7787610619469026,0.4499999999999999,0.6309523809523809
1,1,2,0.5154179,0.3123228,0.4486794,0.7478991596638656,0.1739130434782608,0.8468468468468469
1,1,2,0.5986924,0.40722638,0.709572,0.6440677966101696,0.375,0.7818181818181819
1,1,2,0.62123054,0.1731458,0.598426,0.7699115044247787,0.2432432432432432,0.7355371900826446
1,2,1,0.56720686,0.21402094,0.5822168,0.7777777777777778,0.3787878787878788,0.7652173913043478
1,2,1,0.56029654,0.27200884,0.62767905,0.7241379310344828,0.4029850746268657,0.6448598130841121
1,2,1,0.52960765,0.22647217,0.5175016,0.73109243697479,0.4084507042253521,0.6403508771929824
1,2,1,0.56732804,0.39775902,0.6028444,0.7008547008547008,0.2631578947368421,0.7064220183486238
1,2,1,0.596996,0.34368563,0.31341133,0.6810344827586207,0.3157894736842105,0.7383177570093458
1,2,1,0.5857855,0.30206224,0.60668147,0.6666666666666667,0.2727272727272727,0.6296296296296297
1,2,1,0.51625866,0.2768245,0.6382542,0.6460176991150443,0.2291666666666666,0.6936936936936937
1,2,1,0.599568,0.12197935,0.56379247,0.6696428571428572,0.1914893617021277,0.717948717948718
1,2,1,0.59902334,0.2804526,0.5999455,0.6779661016949152,0.4461538461538461,0.7924528301886793
1,2,2,0.5476819,0.33583125,0.61704427,0.75,0.4545454545454546,0.6513761467889908
1,2,2,0.5688399,0.28243566,0.5522526,0.6902654867256637,0.1914893617021277,0.4473684210526315
1,2,2,0.5110936,0.3367976,0.5407782,0.7586206896551724,0.421875,0.2826086956521739
1,2,2,0.5297189,0.20571518,0.6383016,0.7155172413793103,0.3898305084745762,0.6666666666666667
1,2,2,0.5896026,0.26722512,0.55400133,0.6923076923076923,0.1914893617021277,0.7410714285714286
1,2,2,0.5072919,0.36532196,0.6261226,0.7304347826086957,0.3492063492063492,0.6754385964912281
1,2,2,0.5047073,0.3269227,0.61744547,0.7678571428571428,0.3809523809523809,0.7008547008547008
1,2,2,0.5337448,0.3712431,0.5754355,0.7704918032786885,0.1489361702127659,0.6956521739130435
1,2,2,0.5683578,0.36181575,0.45079505,0.7304347826086957,0.4098360655737705,0.4545454545454546
0,0,0,0.6494775,0.60531044,0.46496472,0.6615384615384615,0.6776859504132231,0.7317073170731707
0,0,1,0.7138494,0.41058135,0.51269937,0.65,0.6774193548387097,0.65625
0,0,2,0.63928753,0.676896,0.6722403,0.6583333333333333,0.7016129032258065,0.5617977528089888
1,1,1,0.57173204,0.6554686,0.5021272,0.6916666666666667,0.6904761904761905,0.7142857142857143
1,1,1,0.56109107,0.6418608,0.57238436,0.6885245901639344,0.6507936507936508,0.6850393700787402
1,1,1,0.62807554,0.6820107,0.6120129,0.7377049180327868,0.65,0.6776859504132231
1,1,1,0.49158365,0.5465214,0.62140423,0.7952755905511811,0.6904761904761905,0.6639344262295082
1,1,1,0.58169156,0.65694654,0.63714325,0.6721311475409837,0.7575757575757576,0.6825396825396826
1,1,1,0.67707574,0.46307057,0.3904812,0.712,0.8278688524590164,0.4545454545454546
1,1,1,0.6883512,0.66408,0.63948786,0.7851239669421488,0.7355371900826446,0.7540983606557377
1,1,1,0.6937041,0.50089246,0.57450855,0.76,0.728813559322034,0.6589147286821706
1,1,1,0.5875534,0.584636,0.5993067,0.6746031746031746,0.7286821705426356,0.8425196850393701
1,1,2,0.63242394,0.46308127,0.5434471,0.6615384615384615,0.6929133858267716,0.6746031746031746
1,1,2,0.6242409,0.6186863,0.61654615,0.7520661157024793,0.7073170731707317,0.7154471544715447
1,1,2,0.44972304,0.63689125,0.5616581,0.832,0.688,0.7578125
1,1,2,0.58860916,0.64413726,0.64571834,0.680327868852459,0.6719999999999999,0.7142857142857143
1,1,2,0.5874479,0.39791423,0.5896645,0.717741935483871,0.8646616541353384,0.8046875
1,1,2,0.69128704,0.60859156,0.55806863,0.7459016393442623,0.6491228070175439,0.712
1,1,2,-0.0008540349,0.05183459,0.6526992,-0.1999999999999999,-0.1333333333333333,0.7209302325581395
1,1,2,0.7061696,0.60549456,0.59357435,0.7364341085271318,0.6557377049180328,0.6875
1,1,2,0.58384824,0.51892495,0.32029182,0.6833333333333333,0.84,0.7235772357723578
1,2,1,0.5086156,0.25855124,0.68164045,0.5617977528089888,0.6916666666666667,0.6935483870967742
1,2,1,0.6733198,0.24658705,0.6435542,0.6587301587301587,0.7936507936507937,0.7578125
1,2,1,0.57410735,0.58585984,0.6402572,0.8780487804878049,0.796875,0.7480314960629921
1,2,1,0.5241178,0.5696529,0.59897923,0.784,0.7317073170731707,0.6776859504132231
1,2,1,0.32142916,0.65321714,0.5872774,0.6829268292682926,0.689922480620155,0.6929133858267716
1,2,1,0.67241156,0.6260253,0.5942197,0.7109375,0.6721311475409837,0.688
1,2,1,0.6214033,0.6167499,0.66301787,0.6774193548387097,0.6719999999999999,0.7258064516129032
1,2,1,0.6778268,0.5605919,0.6641839,0.712,0.6864406779661016,0.7142857142857143
1,2,1,0.56944,0.63368225,0.6088151,0.8032786885245902,0.680327868852459,0.6935483870967742
1,2,2,0.6325263,0.7041405,0.5252867,0.7380952380952381,0.7698412698412699,0.6694214876033058
1,2,2,0.5982914,0.49043733,0.39975044,0.7984496124031008,0.8412698412698413,0.743801652892562
1,2,2,0.58980393,0.6986092,0.57425,0.7698412698412699,0.768,0.7016129032258065
1,2,2,0.58812356,0.70546776,0.6844748,0.7322834645669292,0.7401574803149606,0.8267716535433071
1,2,2,0.70218706,0.6633987,0.6536438,0.7461538461538462,0.7857142857142857,0.746031746031746
1,2,2,0.69327414,0.6610857,0.6066899,0.7063492063492063,0.7933884297520661,0.6984126984126984
1,2,2,0.60986173,0.47961736,0.62104684,0.7421875,0.6697247706422018,0.7777777777777778
1,2,2,0.6055143,0.5666621,0.6545657,0.6611570247933884,0.6976744186046512,0.75
1,2,2,0.61902833,0.6177288,0.3121071,0.782258064516129,0.7637795275590551,0.7301587301587302
0,0,0,0.7464088,0.7821949,0.76406336,0.6814159292035398,0.7058823529411764,0.7540983606557377
0,0,1,0.8107184,0.7520422,0.8227583,0.7166666666666667,0.6942148760330579,0.696
0,0,2,0.76442635,0.7877902,0.7855215,0.703125,0.6837606837606838,0.0952380952380952
1,1,1,0.7640526,0.6940042,0.74377203,0.7478260869565218,0.7350427350427351,0.7391304347826086
1,1,1,0.72655505,0.77569085,0.8093066,0.8053097345132744,0.6949152542372881,0.65
1,1,1,0.85223806,0.803265,0.80595237,0.6611570247933884,0.7033898305084746,0.7387387387387387
1,1,1,0.7104262,0.8264997,0.8130078,0.65,0.7107438016528926,0.7661290322580645
1,1,1,0.7993794,0.7170518,0.86195153,0.7355371900826446,0.7107438016528926,0.6583333333333333
1,1,1,0.79276633,0.6922908,0.7923518,0.8728813559322034,0.7372881355932204,0.7321428571428572
1,1,1,0.66704756,0.6884428,0.7727758,0.7478991596638656,0.6521739130434783,0.7520661157024793
1,1,1,0.77847886,0.49192384,0.8376101,0.6859504132231404,0.6770833333333333,0.7542372881355932
1,1,1,0.6680845,0.5305513,0.65893257,0.6752136752136753,0.7933884297520661,0.6666666666666667
1,1,2,0.694555,0.72357,0.80051124,0.6756756756756757,0.7927927927927928,0.7073170731707317
1,1,2,0.71747917,0.76603496,0.80665475,0.7454545454545455,0.711864406779661,0.8070175438596492
1,1,2,0.7930335,0.6005913,0.7659589,0.7024793388429752,0.7207207207207207,0.7345132743362832
1,1,2,0.6764275,0.75680953,0.8218262,0.6916666666666667,0.6885245901639344,0.7394957983193278
1,1,2,0.6524602,0.751407,0.67867696,0.788135593220339,0.6551724137931034,0.7478260869565218
1,1,2,0.8199889,0.7453394,0.7622096,0.7435897435897436,0.6587301587301587,0.3636363636363636
1,1,2,0.5556527,0.48725942,0.70706797,-0.0588235294117647,0.8305084745762712,0.6859504132231404
1,1,2,0.83139557,0.68207824,0.57797915,0.6460176991150443,0.6666666666666667,0.7692307692307692
1,1,2,0.44305572,0.71346,0.5528405,0.7886178861788617,0.7777777777777778,0.7583333333333333
1,2,1,0.6759171,0.7519566,0.71506095,0.6956521739130435,0.7079646017699115,0.7
1,2,1,0.41642645,0.7720642,0.7984704,0.6470588235294117,0.6610169491525424,0.6470588235294117
1,2,1,0.717411,0.75819206,0.82497156,0.7647058823529411,0.5961538461538461,0.7833333333333333
1,2,1,0.7259766,0.7541697,0.8420223,0.6581196581196581,0.6521739130434783,0.7
1,2,1,0.6599905,0.8695673,0.7475842,0.8017241379310345,0.641025641025641,0.811965811965812
1,2,1,0.82199895,0.82414603,0.658887,0.8110236220472441,0.728813559322034,0.711864406779661
1,2,1,0.6020089,0.72163063,0.75778913,0.6984126984126984,0.8050847457627118,0.7058823529411764
1,2,1,0.6340623,0.76749563,0.7930981,0.7217391304347827,0.711864406779661,0.6495726495726496
1,2,1,0.53588116,0.7746223,0.76750755,0.7413793103448276,0.6694915254237288,0.6929824561403508
1,2,2,0.70323837,0.81253207,0.7717401,0.7913043478260869,0.6779661016949152,0.7107438016528926
1,2,2,0.7518754,0.74531806,0.75468796,0.7155172413793103,0.717948717948718,0.6637931034482758
1,2,2,0.7621927,0.74801874,0.7459693,0.6752136752136753,0.6416666666666666,0.652542372881356
1,2,2,0.75052774,0.71569,0.7864783,0.6333333333333333,0.7107438016528926,0.7457627118644068
1,2,2,0.8277017,0.70412874,0.73715603,0.6916666666666667,0.6779661016949152,0.7333333333333334
1,2,2,0.79585946,0.53986603,0.58541894,0.7033898305084746,0.75,0.680672268907563
1,2,2,0.76915336,0.647053,0.7462763,0.65,0.6388888888888888,0.7256637168141593
1,2,2,0.72767484,0.8123938,0.7703327,0.7542372881355932,0.6837606837606838,0.8275862068965517
1,2,2,0.8047409,0.6979737,0.66224384,0.7478991596638656,0.7339449541284404,0.7155172413793103
0,0,0,0.84321904,0.80873567,0.82507956,0.6456692913385826,0.656,0.6693548387096775
0,0,1,0.8618338,0.7556235,0.85273945,0.6617647058823529,0.711864406779661,0.6614173228346456
0,0,2,0.78278697,0.8312075,0.7478078,0.6774193548387097,0.6299212598425197,0.6859504132231404
1,1,1,0.81762767,0.69317085,0.82554805,0.75,0.6942148760330579,0.6799999999999999
1,1,1,0.79429936,0.6684048,0.86833817,0.736,0.7235772357723578,0.76
1,1,1,0.7247601,0.858118,0.7979218,0.7394957983193278,0.6610169491525424,0.6910569105691057
1,1,1,0.85720086,0.7861555,0.8359153,0.6833333333333333,0.7049180327868853,0.685483870967742
1,1,1,0.6853746,0.8134211,0.8464681,0.7807017543859649,0.6461538461538461,0.6850393700787402
1,1,1,0.8205206,0.8229052,0.82587767,0.688,0.6744186046511628,0.6461538461538461
1,1,1,0.83642566,0.7673733,0.86883205,0.6589147286821706,0.7007874015748031,0.6470588235294117
1,1,1,0.85427004,0.7389514,0.8449415,0.680327868852459,0.6666666666666667,0.6904761904761905
1,1,1,0.8605329,0.6822675,0.8336605,0.6716417910447761,0.6086956521739131,0.6774193548387097
1,1,2,0.824088,0.71349776,0.8293847,0.7105263157894737,0.7241379310344828,0.6692307692307693
1,1,2,0.8202536,0.738806,0.81734645,0.6719999999999999,0.7589285714285714,0.680327868852459
1,1,2,0.78059316,0.78709173,0.64398944,0.6692913385826771,0.6416666666666666,0.746031746031746
1,1,2,0.8550276,0.811442,0.850508,0.6910569105691057,0.6799999999999999,0.717948717948718
1,1,2,0.86557996,0.78442097,0.79605377,0.6776859504132231,0.7083333333333333,0.725
1,1,2,0.7985642,0.7420407,0.82946837,0.6771653543307087,0.6833333333333333,0.6422764227642277
1,1,2,0.85402983,0.8355565,0.85486114,0.6850393700787402,0.685483870967742,0.6953125
1,1,2,0.8989219,0.7999164,0.801499,0.6507936507936508,0.75,0.7068965517241379
1,1,2,0.83724046,0.79994386,0.8141122,0.663716814159292,0.6910569105691057,0.7222222222222222
1,2,1,0.82521427,0.7015988,0.8597142,0.6538461538461539,0.7058823529411764,0.671875
1,2,1,0.8494853,0.63506126,0.8432362,0.6976744186046512,0.6779661016949152,0.6796875
1,2,1,0.8326769,0.7759173,0.8236902,0.6692307692307693,0.7033898305084746,0.6589147286821706
1,2,1,0.84359276,0.7770031,0.75644374,0.6576576576576576,0.7520661157024793,0.75
1,2,1,0.82038033,0.71246225,0.8502583,0.6564885496183206,0.6902654867256637,0.6641221374045801
1,2,1,0.86293733,0.8223366,0.79555845,0.6612903225806452,0.6910569105691057,0.6504065040650406
1,2,1,0.7110137,0.7472658,0.9100173,0.6544117647058824,0.6967213114754098,0.7131147540983607
1,2,1,0.87100303,0.8170531,0.84801346,0.6611570247933884,0.6946564885496183,0.6507936507936508
1,2,1,0.84013355,0.85501736,0.8487971,0.6799999999999999,0.6875,0.6946564885496183
1,2,2,0.8418689,0.7638225,0.8261391,0.6885245901639344,0.7338709677419355,0.6875
1,2,2,0.8412292,0.8137493,0.65131235,0.6865671641791045,0.6799999999999999,0.6746031746031746
1,2,2,0.8358891,0.77048075,0.8208555,0.6754385964912281,0.7109375,0.689922480620155
1,2,2,0.8241902,0.7819856,0.86842763,0.7086614173228347,0.6791044776119404,0.6829268292682926
1,2,2,0.89536834,0.82294464,0.8331778,0.7205882352941176,0.6929133858267716,0.663716814159292
1,2,2,0.82959384,0.8070034,0.8654921,0.6434108527131783,0.7,0.7007874015748031
1,2,2,0.82438713,0.80070287,0.82857406,0.6842105263157895,0.6238532110091743,0.6890756302521008
1,2,2,0.8549849,0.8333678,0.8422332,0.6953125,0.6517857142857143,0.6504065040650406
1,2,2,0.023563804,0.6020973,0.8840935,0.0,0.711864406779661,0.6532258064516129
0,0,0,0.86939156,0.8410062,0.87086153,0.6929824561403508,0.6407766990291262,0.6407766990291262
0,0,1,0.8769907,0.8666223,0.5993684,0.6605504587155964,0.6699999999999999,0.6736842105263158
0,0,2,0.793955,0.9024859,0.8208358,0.6454545454545455,0.7355371900826446,0.7757009345794392
1,1,1,0.89484906,0.8525318,0.88555354,0.6495726495726496,0.7524752475247525,0.6696428571428572
1,1,1,0.83855456,0.59223026,0.8471512,0.6761904761904762,0.6481481481481481,0.7383177570093458
1,1,1,0.8658638,0.6499,0.8610614,0.6782608695652175,0.6036036036036037,0.7456140350877193
1,1,1,0.91,0.8813464,0.5309586,0.7314814814814814,0.6491228070175439,0.7333333333333334
1,1,1,0.8444993,-0.05182881,0.84283507,0.7614678899082569,0.0,0.7211538461538461
1,1,1,0.77728534,0.6108767,0.6092449,0.7168141592920354,0.6542056074766356,0.6761904761904762
1,1,1,0.86823976,0.87234193,0.8408995,0.6407766990291262,0.6886792452830188,0.696078431372549
1,1,1,0.9000804,0.7758939,0.8631698,0.6228070175438596,0.6666666666666667,0.7027027027027026
1,1,1,0.61780477,0.01896492,0.6158377,0.7314814814814814,0.0,0.6272727272727272
1,1,2,0.59215176,0.89826214,-0.07456855,0.7079646017699115,0.6597938144329897,0.0
1,1,2,0.82457423,0.8446648,0.8882215,0.712962962962963,0.7352941176470589,0.6521739130434783
1,1,2,0.84854877,0.8669726,0.7490271,0.6857142857142857,0.6403508771929824,0.7416666666666667
1,1,2,0.83319837,0.8439052,0.8370315,0.6724137931034483,0.7047619047619047,0.6238532110091743
1,1,2,0.8507061,0.8673241,0.8847996,0.7314814814814814,0.6442307692307692,0.6862745098039216
1,1,2,0.60967875,0.85884976,0.6068934,0.6732673267326732,0.5855855855855856,0.691588785046729
1,1,2,0.037832133,0.037832133,0.037832133,0.0,0.0,0.0
1,1,2,0.06528661,0.88641423,0.85487485,0.0,0.6944444444444444,0.6990291262135923
1,1,2,0.8999758,0.61665916,-0.0081917085,0.6728971962616823,0.6542056074766356,0.0
1,2,1,0.8273857,0.85319173,0.78128034,0.7064220183486238,0.7894736842105263,0.74
1,2,1,0.8858783,0.5869199,0.81627655,0.6857142857142857,0.6893203883495146,0.6923076923076923
1,2,1,0.875205,0.8464904,0.8373798,0.7542372881355932,0.7333333333333334,0.6981132075471699
1,2,1,0.86558545,0.8662975,0.012489598,0.6260869565217391,0.6576576576576576,0.0
1,2,1,0.8862015,0.6023623,0.8960749,0.6635514018691588,0.6851851851851851,0.7272727272727273
1,2,1,-0.017913574,0.8981893,0.8752542,0.0,0.69,0.7428571428571429
1,2,1,0.82987684,0.8623258,0.613358,0.7211538461538461,0.6296296296296297,0.65
1,2,1,0.89997363,0.87966585,0.8640543,0.6238532110091743,0.7090909090909091,0.7475728155339806
1,2,1,0.85643417,0.56092274,0.8622986,0.7238095238095238,0.7102803738317758,0.6868686868686869
1,2,2,0.89691395,0.8447474,0.6140642,0.6055045871559632,0.8073394495412844,0.6857142857142857
1,2,2,0.8631842,0.79272676,0.59813744,0.6608695652173913,0.631578947368421,0.6893203883495146
1,2,2,0.85757923,0.7463623,0.6013977,0.6237623762376238,0.7090909090909091,0.7075471698113207
1,2,2,0.8819998,0.86949325,0.80769414,0.7073170731707317,0.69,0.696969696969697
1,2,2,0.86165524,0.83704555,0.6292399,0.6896551724137931,0.7272727272727273,0.7830188679245282
1,2,2,0.8397635,0.86865115,0.6225525,0.7019230769230769,0.6826923076923077,0.7522935779816513
1,2,2,0.8225238,0.8543943,0.85916805,0.6237623762376238,0.6990291262135923,0.6831683168316831
1,2,2,0.86402935,0.88536304,0.8187628,0.7333333333333334,0.7087378640776699,0.7777777777777778
1,2,2,0.8576758,0.8029414,0.75814706,0.6513761467889908,0.7326732673267327,0.711340206185567
0,0,0,0.7201312,0.5406903,0.7950236,0.6694915254237288,0.6666666666666667,0.6936936936936937
0,0,1,0.78904635,0.5733314,0.7459781,0.7431192660550459,0.711864406779661,0.6306306306306306
0,0,2,0.715262,-0.09496328,0.49045575,0.7583333333333333,0.0,0.7964601769911505
1,1,1,0.6989113,0.7206087,0.44399408,0.7355371900826446,0.6782608695652175,0.6695652173913044
1,1,1,0.402078,0.64089274,0.48806542,0.6694915254237288,0.6403508771929824,0.831858407079646
1,1,1,-0.012701419,0.71369445,0.5032609,0.0,0.7203389830508475,0.6666666666666667
1,1,1,0.56555796,0.666605,0.7231846,0.7115384615384616,0.6585365853658536,0.7043478260869565
1,1,1,0.6947414,0.79147625,0.51157767,0.7394957983193278,0.7704918032786885,0.7241379310344828
1,1,1,0.7752193,0.43620622,0.7250616,0.663716814159292,0.6991150442477876,0.7049180327868853
1,1,1,0.6169189,0.5681347,0.74947,0.7264957264957265,0.7719298245614035,0.811965811965812
1,1,1,0.72570956,0.2699448,0.74756736,0.680672268907563,0.7583333333333333,0.6636363636363636
1,1,1,0.78234184,0.75324583,0.69330615,0.7543859649122807,0.7477477477477478,0.7217391304347827
1,1,2,0.62498885,0.49590218,0.7731905,0.6833333333333333,0.65,0.7844827586206897
1,1,2,0.612491,0.50949335,0.72586465,0.743801652892562,0.7606837606837606,0.7142857142857143
1,1,2,0.75554675,0.73081833,0.45126033,0.6554621848739496,0.7232142857142857,0.7043478260869565
1,1,2,-0.08010807,0.5517671,0.6723057,0.0,0.7203389830508475,0.6929824561403508
1,1,2,0.7526096,0.7464465,0.70323944,0.7542372881355932,0.6693548387096775,0.6949152542372881
1,1,2,0.71952045,0.64099383,0.794567,0.6055045871559632,0.75,0.7241379310344828
1,1,2,0.47431308,0.5225873,0.4083498,0.728,0.7967479674796748,0.7166666666666667
1,1,2,0.7752162,0.7643783,0.78359073,0.7477477477477478,0.6814159292035398,0.7652173913043478
1,1,2,0.44381133,0.67914546,0.5434748,0.6727272727272727,0.7049180327868853,0.7321428571428572
1,2,1,0.78205204,0.48932445,0.5690476,0.7699115044247787,0.7037037037037037,0.8407079646017699
1,2,1,0.8320776,0.8123965,0.4926176,0.7719298245614035,0.7053571428571428,0.6991150442477876
1,2,1,0.77005315,0.5209,0.52868605,0.7457627118644068,0.7479674796747968,0.6637931034482758
1,2,1,0.55920446,0.6920271,0.6752726,0.7213114754098361,0.680672268907563,0.7235772357723578
1,2,1,0.61268175,0.81039464,0.7188202,0.6639999999999999,0.725,0.6890756302521008
1,2,1,0.4380734,0.67947114,0.77076066,0.7890625,0.6610169491525424,0.6756756756756757
1,2,1,0.7406696,0.46506196,0.6454625,0.6837606837606838,0.7264957264957265,0.6952380952380952
1,2,1,0.47924393,0.7210094,0.52214044,0.7327586206896552,0.7053571428571428,0.7542372881355932
1,2,1,0.6793428,0.7406221,0.58519286,0.8235294117647058,0.6416666666666666,0.831858407079646
1,2,2,0.75402457,0.7637735,0.7079133,0.7433628318584071,0.6446280991735538,0.6666666666666667
1,2,2,0.5891864,0.71369517,0.7505306,0.744,0.7027027027027026,0.6967213114754098
1,2,2,0.7713686,0.7448599,0.69973814,0.6634615384615384,0.7523809523809524,0.6666666666666667
1,2,2,0.8070858,0.6849856,0.6662631,0.7117117117117118,0.7603305785123967,0.768595041322314
1,2,2,0.73165613,0.7214626,0.71030426,0.7391304347826086,0.6916666666666667,0.688
1,2,2,0.7810086,0.7798379,0.73505163,0.768595041322314,0.7647058823529411,0.6724137931034483
1,2,2,0.69906825,0.613302,0.78240454,0.7203389830508475,0.712962962962963,0.7142857142857143
1,2,2,0.8183414,0.765684,0.20820855,0.736842105263158,0.7,0.7796610169491526
1,2,2,0.6529895,0.6534009,0.7443409,0.704,0.7222222222222222,0.6470588235294117
0,0,0,0.8978654,0.58559275,0.5287662,0.719626168224299,0.75,0.6545454545454545
0,0,1,0.79737926,0.6278125,0.8657774,0.6756756756756757,0.6754385964912281,0.6826923076923077
0,0,2,0.65353954,0.6445923,0.91857874,0.6218487394957983,0.6902654867256637,0.6722689075630253
1,1,1,0.57522815,0.85199445,0.8227539,0.6666666666666667,0.71875,0.7017543859649122
1,1,1,0.7460015,0.7982936,0.6083245,0.7777777777777778,0.6666666666666667,0.73
1,1,1,0.8926396,0.8831551,0.9072967,0.6666666666666667,0.7,0.6090909090909091
1,1,1,0.65555775,0.61672354,0.6911794,0.8148148148148149,0.641025641025641,0.6837606837606838
1,1,1,0.651602,0.83192074,0.73264587,0.7327586206896552,0.6944444444444444,0.75
1,1,1,0.6479006,0.8132289,0.8836633,0.6396396396396397,0.8440366972477065,0.6181818181818182
1,1,1,0.8775553,0.69314957,0.6939306,0.6238532110091743,0.7478260869565218,0.7560975609756098
1,1,1,0.6402895,0.84784114,0.70045924,0.6311475409836065,0.7321428571428572,0.7272727272727273
1,1,1,0.7096518,0.8439061,0.65192145,0.6761904761904762,0.6725663716814159,0.768595041322314
1,1,2,0.7241012,0.7353636,0.79694164,0.7314814814814814,0.6513761467889908,0.6434782608695653
1,1,2,0.8730698,0.8846035,0.85945463,0.7094017094017093,0.7456140350877193,0.7327586206896552
1,1,2,0.9039501,0.87955624,0.5870836,0.6605504587155964,0.7238095238095238,0.79
1,1,2,0.6146189,0.84398496,0.79695606,0.8348623853211009,0.6416666666666666,0.6548672566371682
1,1,2,0.88516706,0.64814496,0.6363165,0.6371681415929203,0.6605504587155964,0.6851851851851851
1,1,2,0.8740925,0.87886155,0.84801006,0.6698113207547169,0.7521367521367521,0.7413793103448276
1,1,2,0.5918733,0.67025185,0.59060967,0.752212389380531,0.6754385964912281,0.6752136752136753
1,1,2,0.7724155,0.90003955,0.67598593,0.7142857142857143,0.6846846846846847,0.6696428571428572
1,1,2,0.6954307,0.66256255,0.85507345,0.7747747747747747,0.7142857142857143,0.7264957264957265
1,2,1,0.6618888,0.85018003,0.65470505,0.6826923076923077,0.7410714285714286,0.6754385964912281
1,2,1,0.6437902,0.7301965,0.82826126,0.712962962962963,0.6833333333333333,0.6495726495726496
1,2,1,0.824285,0.73153037,0.46424568,0.7327586206896552,0.7692307692307692,0.7029702970297029
1,2,1,0.86445665,0.63472176,0.88969743,0.7094017094017093,0.6964285714285714,0.6909090909090909
1,2,1,0.8486304,0.62885916,0.8707805,0.7079646017699115,0.6949152542372881,0.679245283018868
1,2,1,0.58507776,0.86924237,0.83586174,0.7431192660550459,0.6936936936936937,0.7009345794392523
1,2,1,0.8486229,0.73064387,0.69951445,0.6346153846153846,0.7107438016528926,0.7
1,2,1,0.85762733,0.7363399,0.8817584,0.7155172413793103,0.7647058823529411,0.6949152542372881
1,2,1,0.8128015,0.6970667,0.8586249,0.7363636363636363,0.6475409836065573,0.7297297297297297
1,2,2,0.8809434,0.7981743,0.86889625,0.641025641025641,0.6639344262295082,0.6880733944954128
1,2,2,0.87399083,0.7496283,0.86698616,0.6666666666666667,0.7142857142857143,0.6785714285714286
1,2,2,0.7428976,0.7747388,0.88363224,0.6666666666666667,0.7586206896551724,0.8141592920353982
1,2,2,0.9033624,0.7361779,0.8920193,0.6607142857142857,0.7647058823529411,0.711864406779661
1,2,2,0.85256237,0.75050634,0.85544956,0.6637931034482758,0.6974789915966386,0.680327868852459
1,2,2,0.8608878,0.62718266,0.6320745,0.6902654867256637,0.7383177570093458,0.6310679611650485
1,2,2,0.8606225,0.6094209,0.9022425,0.7264150943396226,0.6666666666666667,0.6513761467889908
1,2,2,0.850436,0.8775743,0.88728994,0.7247706422018348,0.6608695652173913,0.6324786324786325
1,2,2,0.6809479,0.77496886,0.85334134,0.6761904761904762,0.7619047619047619,0.7714285714285715
0,0,0,0.6023191,0.56605816,0.51026267,0.6635514018691588,0.6504854368932038,0.6448598130841121
0,0,1,0.50930715,0.54674757,0.5145731,0.680672268907563,0.6388888888888888,0.6694214876033058
0,0,2,0.618961,0.4974101,0.70654774,0.6576576576576576,0.6513761467889908,0.6727272727272727
1,1,1,0.54097164,0.6187277,0.5595064,0.6160714285714286,0.6696428571428572,0.6666666666666667
1,1,1,0.5411149,0.49364364,0.50665945,0.6851851851851851,0.6607142857142857,0.6935483870967742
1,1,1,0.64741623,0.5070658,0.58981633,0.6722689075630253,0.6407766990291262,0.6636363636363636
1,1,1,0.5409224,0.58831465,0.63272446,0.6454545454545455,0.6698113207547169,0.6696428571428572
1,1,1,-0.0533949,0.50047815,0.5077758,0.0,0.7079646017699115,0.6967213114754098
1,1,1,0.5485779,0.54495907,0.5918858,0.6982758620689655,0.6460176991150443,0.6422018348623852
1,1,1,0.49949223,0.513048,0.5094707,0.6603773584905661,0.6448598130841121,0.6372549019607843
1,1,1,0.61493576,0.72561777,0.5228214,0.6756756756756757,0.7155172413793103,0.6542056074766356
1,1,1,0.54404896,0.563553,0.5279317,0.6261682242990654,0.6974789915966386,0.6788990825688073
1,1,2,0.6649548,0.5014559,0.5023174,0.6909090909090909,0.663716814159292,0.6635514018691588
1,1,2,0.5323552,0.56344926,0.49705696,0.7079646017699115,0.6607142857142857,0.6949152542372881
1,1,2,0.5132066,0.56686616,0.53355694,0.6574074074074074,0.6605504587155964,0.6578947368421053
1,1,2,-0.065791614,0.60957336,0.67759,0.0,0.7142857142857143,0.6846846846846847
1,1,2,0.5123242,0.51382697,0.49531373,0.6576576576576576,0.6346153846153846,0.6476190476190475
1,1,2,0.54086614,0.56109357,0.5695783,0.6355140186915889,0.6636363636363636,0.6857142857142857
1,1,2,0.50951695,0.648108,0.57044,0.6759259259259259,0.782608695652174,0.6074766355140186
1,1,2,0.60284173,0.5622815,0.56805336,0.6981132075471699,0.6666666666666667,0.6695652173913044
1,1,2,0.5820918,0.4955241,0.665283,0.6833333333333333,0.6346153846153846,0.6293103448275862
1,2,1,0.51477706,0.6392964,0.5084183,0.6542056074766356,0.7387387387387387,0.6476190476190475
1,2,1,0.4938975,0.5271114,0.61879426,0.6638655462184874,0.7407407407407407,0.7247706422018348
1,2,1,0.4897489,0.57028,0.54820323,0.6756756756756757,0.6929824561403508,0.7115384615384616
1,2,1,0.51750237,0.4737932,0.523116,0.638095238095238,0.6929824561403508,0.6454545454545455
1,2,1,0.59126025,-0.0372757,0.586938,0.6902654867256637,0.0,0.6814159292035398
1,2,1,0.504863,0.5202905,0.4982455,0.6422018348623852,0.6481481481481481,0.6728971962616823
1,2,1,0.6121336,0.5495753,0.59045553,0.663716814159292,0.625,0.6666666666666667
1,2,1,0.5514955,0.5770037,0.5359349,0.6785714285714286,0.7068965517241379,0.6796116504854368
1,2,1,0.5215582,0.5780556,0.51134485,0.6666666666666667,0.6513761467889908,0.6339285714285714
1,2,2,0.6878966,0.6061984,0.57630014,0.6695652173913044,0.7321428571428572,0.6181818181818182
1,2,2,0.5734606,0.60871595,0.5531473,0.7363636363636363,0.679245283018868,0.7181818181818183
1,2,2,-0.046132803,0.55376774,0.5035987,0.0,0.6576576576576576,0.6476190476190475
1,2,2,0.5135695,0.493757,0.562584,0.6666666666666667,0.6782608695652175,0.6890756302521008
1,2,2,0.5847583,0.5242492,0.5560131,0.6666666666666667,0.6846846846846847,0.712962962962963
1,2,2,-0.024572121,0.5105096,0.57952607,0.0,0.7009345794392523,0.6725663716814159
1,2,2,0.62094665,0.51472306,0.5567819,0.6666666666666667,0.6635514018691588,0.6696428571428572
1,2,2,0.5043758,0.48692167,0.49480295,0.6636363636363636,0.6481481481481481,0.6605504587155964
1,2,2,0.50905824,0.7450844,0.51233304,0.6636363636363636,0.7394957983193278,0.6754385964912281
0,0,0,0.76270074,0.8529175,0.79607964,0.6744186046511628,0.676923076923077,0.6488549618320612
0,0,1,0.82604414,0.077633984,0.2803695,0.6666666666666667,-0.0833333333333332,-0.0555555555555555
0,0,2,0.82341707,0.8559096,0.7914768,0.6589147286821706,-0.064516129032258,0.72
1,1,1,0.699997,0.83571243,0.77576673,0.6916666666666667,0.7424242424242424,0.6377952755905512
1,1,1,0.68797773,0.80330455,0.8264918,0.7520661157024793,0.7739130434782608,0.7063492063492063
1,1,1,0.8450359,0.8417747,0.80013585,0.6864406779661016,0.7063492063492063,0.7131147540983607
1,1,1,0.85238785,0.7207998,0.69323134,0.689922480620155,0.6923076923076923,0.6799999999999999
1,1,1,0.77757084,0.7416271,0.7851577,0.7596899224806202,0.6639999999999999,0.6829268292682926
1,1,1,0.80593705,0.78067136,0.6842785,0.7307692307692308,0.7837837837837838,0.7641509433962264
1,1,1,0.84718156,0.8653031,0.88901013,0.7207207207207207,0.6272727272727272,0.65625
1,1,1,0.86015856,0.83393353,0.6057385,0.7384615384615385,0.6302521008403361,0.6984126984126984
1,1,1,0.8941542,0.8761591,0.8506221,0.6640625,0.65,0.7049180327868853
1,1,2,0.75549155,0.87758726,0.8861309,0.75,0.65625,0.6461538461538461
1,1,2,0.7218532,0.79400855,0.82009447,0.7265625,0.7121212121212122,0.689922480620155
1,1,2,0.7299478,0.87479055,0.75671273,0.7130434782608696,0.7377049180327868,0.6585365853658536
1,1,2,0.8693943,-0.041446686,0.85566914,0.6640625,0.0,0.6611570247933884
1,1,2,0.797699,0.7029729,0.8589478,0.6799999999999999,0.6637931034482758,0.6916666666666667
1,1,2,0.7237288,-0.058417313,0.84478176,0.6846153846153846,0.0,0.6511627906976745
1,1,2,0.7889652,0.7309816,0.7477794,0.6692307692307693,0.7777777777777778,0.6639999999999999
1,1,2,0.7626215,0.6762997,0.80507654,0.7155172413793103,0.6528925619834711,0.7168141592920354
1,1,2,0.82631344,0.85480475,0.7929561,0.6666666666666667,0.6666666666666667,0.7322834645669292
1,2,1,-0.03897355,0.76878,0.8799108,0.0,0.6517857142857143,0.7480314960629921
1,2,1,0.7731681,0.8592318,0.75388306,0.6776859504132231,0.7016129032258065,0.7364341085271318
1,2,1,-0.051100925,0.8431939,0.84135187,0.0,0.7,0.7142857142857143
1,2,1,0.83780557,0.6482799,0.7483988,0.7441860465116279,0.6967213114754098,0.7058823529411764
1,2,1,0.71358013,0.77849007,0.76484406,0.6935483870967742,0.7049180327868853,0.6614173228346456
1,2,1,0.6896575,0.61150986,0.7867542,0.6638655462184874,0.6953125,0.6535433070866141
1,2,1,0.8702316,0.7218734,-0.049921356,0.7286821705426356,0.6692913385826771,0.0
1,2,1,0.6402848,0.8270178,0.81265575,0.671875,0.6846153846153846,0.6904761904761905
1,2,1,0.8111237,0.7507498,0.8120254,0.771186440677966,0.676923076923077,0.7265625
1,2,2,0.80231726,0.7694684,0.8159703,0.6953125,0.7131147540983607,0.6747967479674797
1,2,2,0.85369825,0.93663836,0.6658864,0.671875,0.6774193548387097,0.71900826446281
1,2,2,0.7482446,0.8752682,0.78639233,0.688,0.7230769230769231,0.6917293233082706
1,2,2,0.8669618,0.7895326,0.64103097,0.6615384615384615,0.6328125,0.6666666666666667
1,2,2,0.78572345,0.8265008,0.74284923,0.6885245901639344,0.696,0.6639344262295082
1,2,2,0.7451697,0.8770137,0.6718973,0.6904761904761905,0.6640625,0.6984126984126984
1,2,2,0.7464507,0.84817326,0.7078117,0.7317073170731707,0.6990291262135923,0.6719999999999999
1,2,2,0.72101307,0.84099406,0.8451996,0.7024793388429752,0.6904761904761905,0.7307692307692308
1,2,2,0.74181676,0.8194115,0.73393905,0.71900826446281,0.6612903225806452,0.6722689075630253
0,0,0,0.72294414,0.73623866,0.3022969,0.6585365853658536,0.6721311475409837,0.2325581395348837
0,0,1,0.38471335,0.31208074,0.47683972,0.1290322580645161,0.5116279069767442,0.1891891891891891
0,0,2,0.3608758,0.32226276,0.49483168,-0.0370370370370369,-0.0416666666666667,0.5625
1,1,1,0.5691032,-0.0023400001,0.7144294,0.04,-0.0526315789473683,0.6896551724137931
1,1,1,0.4714617,-0.10057062,0.38804466,0.0,0.0,0.0
1,1,1,0.46749023,0.8465355,0.1650787,0.1351351351351351,0.1333333333333333,-0.0555555555555555
1,1,1,0.6316115,0.12565419,0.66940415,0.0285714285714285,-0.0434782608695651,0.1428571428571429
1,1,1,0.30446833,0.49294913,0.71401244,0.0,0.6590909090909092,-0.0588235294117647
1,1,1,0.4237458,0.47306567,0.65658075,0.0,0.0,0.6571428571428571
1,1,1,-0.0037116017,0.008576015,0.5332588,0.0,-0.0666666666666666,0.2222222222222222
1,1,1,0.46796763,0.4921109,0.50426394,-0.0666666666666666,0.2413793103448276,0.3095238095238095
1,1,1,0.6071682,-0.0360369,0.008219423,0.6869565217391305,0.0,-0.5
1,1,2,-0.03959024,0.8256081,0.40631324,0.0,0.7107438016528926,-0.0384615384615385
1,1,2,0.6368171,0.3493533,0.030571137,0.6935483870967742,0.3225806451612903,-0.25
1,1,2,0.6943746,0.680904,0.62917435,0.7872340425531915,0.771186440677966,0.6952380952380952
1,1,2,0.5446618,0.10273945,0.03577951,0.6759259259259259,-0.0714285714285714,-0.5
1,1,2,0.5845338,0.8038901,-0.017009681,0.6666666666666667,0.7377049180327868,0.0
1,1,2,0.7401796,0.8050097,0.6726176,0.641025641025641,0.6610169491525424,0.6694214876033058
1,1,2,0.32501066,0.028620966,0.013361655,0.0769230769230768,0.0,0.0
1,1,2,0.8216646,0.47559792,0.7203237,0.6218487394957983,-0.0625,-0.0384615384615385
1,1,2,0.8542036,-0.06245213,0.49023324,0.7017543859649122,-0.0952380952380953,-0.0666666666666666
1,2,1,0.02099409,0.6141472,-0.06926204,0.0,0.6666666666666667,-0.0555555555555555
1,2,1,0.8709041,0.37561625,-0.03381223,0.6126126126126126,0.0,0.0
1,2,1,0.14580819,0.7027519,0.031734567,0.0,0.6752136752136753,0.0
1,2,1,0.36319754,0.47097188,0.2638183,-0.0434782608695651,-0.08,0.0
1,2,1,0.04808377,0.68898225,0.53511345,-0.1999999999999999,0.6864406779661016,0.6956521739130435
1,2,1,0.7498921,0.6062898,0.5255735,0.3584905660377359,0.6585365853658536,0.2121212121212121
1,2,1,0.4983213,-0.08318168,0.56026214,0.0,-0.0555555555555555,0.7058823529411764
1,2,1,0.85849065,0.1009707,0.06379103,0.7676767676767677,-0.3500000000000001,-0.0833333333333332
1,2,1,0.8341804,0.033894747,0.81164724,0.6833333333333333,-0.5,0.5555555555555556
1,2,2,0.02000986,0.81925046,0.83149195,0.0,0.7876106194690266,0.6346153846153846
1,2,2,0.15602806,0.88796437,0.7074578,0.1290322580645161,0.7,0.7008547008547008
1,2,2,0.6510948,-0.07154907,0.02134197,0.6693548387096775,0.0,-0.5
1,2,2,0.64927614,0.6514208,0.483172,0.7362637362637363,0.7699115044247787,-0.0555555555555555
1,2,2,0.9302053,0.67009205,0.69190264,0.6379310344827587,0.6,0.6728971962616823
1,2,2,0.61433494,0.12787342,0.08535534,0.6759259259259259,-0.0769230769230768,-0.5
1,2,2,0.61818355,0.5462742,0.77688557,0.6923076923076923,0.63,0.6442307692307692
1,2,2,0.80856895,0.18938941,0.8480048,0.7391304347826086,0.52,0.375
1,2,2,0.7178548,0.7854624,0.51769936,-0.0416666666666667,0.6833333333333333,0.711864406779661
0,0,0,0.77666366,0.62192994,0.63657415,0.6666666666666667,0.6984126984126984,0.6759259259259259
0,0,1,0.5549595,0.6062918,0.6271869,0.6956521739130435,0.6605504587155964,0.6910569105691057
0,0,2,0.4549353,0.66166013,0.63714695,0.7258064516129032,0.7142857142857143,0.7043478260869565
1,1,1,-0.00084935874,0.6380508,0.6049034,0.0,0.7083333333333333,0.6532258064516129
1,1,1,0.6775265,0.6566625,0.5891622,0.6695652173913044,0.7355371900826446,0.6460176991150443
1,1,1,0.60850656,0.6280633,0.6450124,0.73109243697479,0.6372549019607843,0.6695652173913044
1,1,1,0.54640734,0.5035038,0.64850044,0.6904761904761905,0.6842105263157895,0.6810344827586207
1,1,1,0.7297368,0.6183664,0.58804417,0.6422764227642277,0.6666666666666667,0.6722689075630253
1,1,1,0.7057305,0.48403102,0.6525115,0.6666666666666667,0.646551724137931,0.6722689075630253
1,1,1,0.6390369,0.46319228,0.639927,0.7543859649122807,0.712962962962963,0.6776859504132231
1,1,1,0.6832051,0.6083119,0.6034259,0.6842105263157895,0.6608695652173913,0.680672268907563
1,1,1,0.59774745,0.72383547,0.70588416,0.7583333333333333,0.6727272727272727,0.6696428571428572
1,1,2,0.54738986,0.62883604,0.6493474,0.6694214876033058,0.6935483870967742,0.8181818181818181
1,1,2,0.59647155,0.7065791,0.6310886,0.7807017543859649,0.6991150442477876,0.6896551724137931
1,1,2,0.58173215,0.53385997,0.62654805,0.6776859504132231,0.6475409836065573,0.6923076923076923
1,1,2,0.6631806,0.67815125,0.6363671,0.7192982456140351,0.829059829059829,0.680672268907563
1,1,2,0.6664685,0.6589077,0.6152148,0.6896551724137931,0.7058823529411764,0.6782608695652175
1,1,2,0.5819197,0.61932653,0.65908015,0.6238532110091743,0.6944444444444444,0.6666666666666667
1,1,2,0.69943464,0.60755646,0.55285215,0.6982758620689655,0.6756756756756757,0.6776859504132231
1,1,2,0.69473106,0.6965457,0.694642,0.6727272727272727,0.6875,0.6504854368932038
1,1,2,0.49436077,0.57554746,0.7864324,0.7107438016528926,0.6694214876033058,0.6752136752136753
1,2,1,0.55242544,0.5842321,-0.008988619,0.6521739130434783,0.6607142857142857,0.0
1,2,1,0.60028183,0.6423927,0.6310937,0.6910569105691057,0.6842105263157895,0.7222222222222222
1,2,1,0.6659032,0.6753131,0.688785,0.6818181818181819,0.6666666666666667,0.7203389830508475
1,2,1,0.5865799,-0.06432294,0.683409,0.7264957264957265,0.0,0.7008547008547008
1,2,1,0.7575805,0.6527673,0.6897875,0.7457627118644068,0.7672413793103449,0.7804878048780488
1,2,1,0.6920152,0.5856672,0.5779191,0.7058823529411764,0.7565217391304347,0.704
1,2,1,0.66929317,0.61915344,0.6048656,0.6521739130434783,0.7583333333333333,0.6639999999999999
1,2,1,0.72536296,0.64806277,0.69396484,0.6454545454545455,0.6788990825688073,0.6967213114754098
1,2,1,0.7587925,0.5138231,0.6172795,0.6283185840707964,0.6545454545454545,0.6725663716814159
1,2,2,-0.049703777,0.65611315,0.7626808,0.0,0.6610169491525424,0.7
1,2,2,0.56762046,0.5757525,0.66687435,0.6386554621848739,0.7063492063492063,0.6725663716814159
1,2,2,0.6613698,0.58861935,0.66200566,0.7058823529411764,0.7256637168141593,0.6902654867256637
1,2,2,0.6159723,0.6530414,0.57459944,0.8,0.6850393700787402,0.7073170731707317
1,2,2,0.48812872,0.59498215,0.616872,0.6422764227642277,0.7008547008547008,0.6942148760330579
1,2,2,0.5927301,0.59756386,0.65703356,0.7094017094017093,0.7416666666666667,0.7435897435897436
1,2,2,0.7924454,0.6632138,0.65819854,0.6548672566371682,0.7079646017699115,0.6944444444444444
1,2,2,0.7085916,0.6220473,0.7581214,0.6964285714285714,0.6837606837606838,0.6923076923076923
1,2,2,0.70488214,0.539583,0.60371363,0.7,0.6330275229357798,0.7364341085271318
0,0,0,0.70854175,0.48029667,0.48616618,0.6822429906542056,0.7575757575757576,0.7666666666666666
0,0,1,0.6485028,0.7319318,0.52932674,0.6571428571428571,0.6885245901639344,0.6590909090909092
0,0,2,0.81644845,0.7901043,0.5355575,0.7457627118644068,0.7272727272727273,0.696969696969697
1,1,1,0.49676648,0.7712273,0.48577005,0.6893203883495146,0.7478991596638656,0.6483516483516483
1,1,1,0.73936677,0.7810396,0.58892983,0.7387387387387387,0.8,0.7173913043478262
1,1,1,0.70849395,0.67573094,0.58303607,0.7232142857142857,0.61,0.6344086021505376
1,1,1,0.7291525,0.66564274,0.56546134,0.6639999999999999,0.7256637168141593,0.6947368421052631
1,1,1,0.801106,0.6099353,0.46600556,0.7586206896551724,0.7565217391304347,0.6732673267326732
1,1,1,0.7147231,0.75152916,0.5517161,0.6857142857142857,0.7064220183486238,0.6702127659574468
1,1,1,0.6128048,0.7915375,0.49405336,0.6638655462184874,0.6517857142857143,0.6111111111111112
1,1,1,0.7030816,0.7321376,0.5831087,0.6842105263157895,0.6981132075471699,0.7291666666666667
1,1,1,0.8250283,0.7851677,0.4945544,0.7226890756302521,0.6610169491525424,0.72
1,1,2,0.6998334,0.7426251,0.5454944,0.6509433962264151,0.6851851851851851,0.7096774193548387
1,1,2,0.6583408,0.7052511,0.4788842,0.7256637168141593,-0.0434782608695651,0.7450980392156863
1,1,2,0.77530277,0.693117,0.513301,0.625,0.6936936936936937,0.6521739130434783
1,1,2,0.75116146,0.75221205,0.5694436,0.6434782608695653,0.6517857142857143,0.6222222222222222
1,1,2,0.77320075,0.5981188,0.4800162,0.6491228070175439,0.6491228070175439,0.6818181818181819
1,1,2,0.6696008,0.7507694,0.49407977,0.6846846846846847,0.6339285714285714,0.7684210526315789
1,1,2,0.6731199,0.79308665,0.64417744,0.7435897435897436,0.6846846846846847,0.6145833333333333
1,1,2,0.5025709,0.73247707,0.5469403,0.6857142857142857,0.7090909090909091,0.75
1,1,2,0.60288835,0.7077925,0.5474711,0.7407407407407407,0.6442307692307692,0.6336633663366337
1,2,1,0.76400197,0.661628,0.5379112,0.7203389830508475,0.75,0.6236559139784946
1,2,1,0.7453493,0.7455101,0.5099851,0.7207207207207207,0.7192982456140351,0.6404494382022472
1,2,1,0.78412795,0.75542605,0.57206523,0.7130434782608696,0.6605504587155964,0.696969696969697
1,2,1,0.74277794,0.75276095,0.54331034,0.6347826086956522,0.6416666666666666,0.7241379310344828
1,2,1,0.8036212,0.6854998,0.5403739,0.7217391304347827,0.6990291262135923,0.7040816326530612
1,2,1,0.7541931,0.7389119,0.5105306,0.6428571428571428,0.6603773584905661,0.6956521739130435
1,2,1,0.73676574,0.6768511,0.53912735,0.6422018348623852,0.6785714285714286,0.6421052631578947
1,2,1,0.7642877,0.72345906,0.5237064,0.6636363636363636,0.6578947368421053,0.7978723404255319
1,2,1,0.72841626,0.5286156,0.5563064,0.631578947368421,0.6964285714285714,0.7111111111111111
1,2,2,0.7003442,0.734345,0.48226577,0.6909090909090909,0.6371681415929203,0.6842105263157895
1,2,2,0.6961432,0.7593548,0.56966174,0.7247706422018348,0.6936936936936937,0.648936170212766
1,2,2,0.60294855,0.70116985,0.5107115,0.7142857142857143,0.6548672566371682,0.6413043478260869
1,2,2,0.69621956,0.6848486,0.6190544,0.6725663716814159,0.6603773584905661,0.6288659793814433
1,2,2,0.7219099,0.6017902,0.64417744,0.7378640776699029,0.6725663716814159,0.63
1,2,2,0.5288151,0.74216425,0.5107486,0.7326732673267327,0.6545454545454545,0.71875
1,2,2,0.76034665,0.5184286,0.5463178,0.6551724137931034,0.6697247706422018,0.7
1,2,2,0.73873854,0.80538845,0.56623906,0.7168141592920354,0.7603305785123967,0.7473684210526316
1,2,2,0.69473326,0.71109295,0.55108327,0.8547008547008547,0.6491228070175439,0.6276595744680851
0,0,0,0.6241343,0.6532341,0.5991837,0.6725663716814159,0.6822429906542056,0.712962962962963
0,0,1,0.7330184,0.6231395,0.57857996,0.8305084745762712,0.7358490566037736,0.7387387387387387
0,0,2,0.65840805,0.5296876,0.56472194,0.6782608695652175,0.6785714285714286,0.6929824561403508
1,1,1,0.7517159,0.66223204,0.79941916,0.7321428571428572,0.7102803738317758,0.7280701754385965
1,1,1,0.5754485,0.6626252,0.70905036,0.7767857142857143,0.7105263157894737,0.7387387387387387
1,1,1,0.7140796,0.5331273,0.6144669,0.7543859649122807,0.6846846846846847,0.8303571428571428
1,1,1,0.5952697,0.6643176,0.54103553,0.8214285714285714,0.7586206896551724,0.663716814159292
1,1,1,0.5587851,0.62545466,0.49505186,0.7321428571428572,0.7678571428571428,0.6822429906542056
1,1,1,0.72797304,0.62720084,0.5009283,0.7692307692307692,0.6728971962616823,0.6728971962616823
1,1,1,0.7585163,0.6417432,0.62776506,0.6846846846846847,0.7102803738317758,0.7387387387387387
1,1,1,0.63138485,0.57774526,0.55856186,0.6603773584905661,0.7927927927927928,0.6851851851851851
1,1,1,0.7357123,0.58327484,0.45118096,0.6972477064220184,0.6637931034482758,0.6981132075471699
1,1,2,0.75198114,0.6678815,0.4982986,0.7796610169491526,0.7431192660550459,0.6213592233009708
1,1,2,0.34867126,0.63587105,0.5374384,0.7570093457943925,0.6363636363636364,0.691588785046729
1,1,2,0.6766367,0.673353,0.5083507,0.8584070796460177,0.7837837837837838,0.75
1,1,2,0.56005347,0.7253974,0.5458473,0.7758620689655172,0.6481481481481481,0.7477477477477478
1,1,2,0.80247045,0.6168983,0.48578274,0.7029702970297029,0.7333333333333334,0.6909090909090909
1,1,2,0.55214435,0.67917025,0.5203597,0.6448598130841121,0.6810344827586207,0.7019230769230769
1,1,2,0.6027164,0.50374883,0.7031318,0.7913043478260869,0.6990291262135923,0.6982758620689655
1,1,2,0.72768235,0.6800799,0.7806549,0.7545454545454545,0.7678571428571428,0.6666666666666667
1,1,2,0.7765186,0.55442506,0.5218164,0.663716814159292,0.787037037037037,0.7079646017699115
1,2,1,0.70969784,0.65262866,0.6975211,0.8275862068965517,0.7787610619469026,0.7090909090909091
1,2,1,0.71424127,0.45286408,0.5776229,0.7850467289719626,0.6767676767676767,0.7631578947368421
1,2,1,0.69630504,0.64111996,0.6378604,0.7339449541284404,0.6517857142857143,0.7545454545454545
1,2,1,0.710032,0.7259838,0.47240385,0.7863247863247863,0.7592592592592593,0.7009345794392523
1,2,1,0.5564128,0.5097034,0.5717734,0.7431192660550459,0.819047619047619,0.7222222222222222
1,2,1,0.6378609,0.6288699,0.53505206,0.7327586206896552,0.7019230769230769,0.728813559322034
1,2,1,0.6494245,0.64535034,0.5114433,0.728813559322034,0.7456140350877193,0.6857142857142857
1,2,1,0.5917355,0.6061158,0.560074,0.7333333333333334,0.7339449541284404,0.7053571428571428
1,2,1,0.73873615,0.5684484,0.7856568,0.6785714285714286,0.7363636363636363,0.7844827586206897
1,2,2,0.64640105,0.66298306,0.59619844,0.7345132743362832,0.7476635514018692,0.7863247863247863
1,2,2,0.4692738,0.63049644,0.4468609,0.7913043478260869,0.7767857142857143,0.6320754716981132
1,2,2,0.69166386,0.6528497,0.6202595,0.8017241379310345,0.7115384615384616,0.711864406779661
1,2,2,0.7337682,0.6264054,0.5237801,0.7264957264957265,0.6330275229357798,0.7058823529411764
1,2,2,0.50126976,0.52226496,0.5880946,0.7226890756302521,0.7304347826086957,0.7247706422018348
1,2,2,0.64127755,0.6075431,0.51017195,0.7583333333333333,0.7685185185185185,0.6857142857142857
1,2,2,0.6881727,0.68570274,0.5178706,0.7567567567567568,0.6761904761904762,0.6634615384615384
1,2,2,0.7273145,0.61457896,0.5101216,0.6956521739130435,0.6725663716814159,0.6261682242990654
1,2,2,0.5952039,0.5743034,0.46895027,0.7719298245614035,0.64,0.8303571428571428
0,0,0,0.5678584,0.6416874,0.73129225,0.794392523364486,0.8558558558558559,0.7304347826086957
0,0,1,0.652975,0.641228,0.6148919,0.6724137931034483,0.6486486486486487,0.6607142857142857
0,0,2,0.7044803,0.59020114,0.47711968,0.7339449541284404,0.8703703703703703,0.8155339805825242
1,1,1,0.55651736,0.69236225,0.73141265,0.7964601769911505,0.7017543859649122,0.7142857142857143
1,1,1,0.57493615,0.59020114,0.6269388,0.8392857142857143,0.8679245283018868,0.8596491228070176
1,1,1,0.5711341,0.59525716,0.59020114,0.829059829059829,0.8695652173913043,0.8727272727272728
1,1,1,0.6785722,0.5711341,0.55651736,0.7663551401869159,0.8245614035087719,0.780952380952381
1,1,1,0.560588,0.5353074,0.59020114,0.7090909090909091,0.7454545454545455,0.8771929824561404
1,1,1,0.46985555,0.59020114,0.6441973,0.8317757009345794,0.8771929824561404,0.8596491228070176
1,1,1,0.53463584,0.6539966,0.59020114,0.6936936936936937,0.8316831683168316,0.8691588785046729
1,1,1,0.5693205,0.68989146,0.6441973,0.6990291262135923,0.7454545454545455,0.8584070796460177
1,1,1,0.6592101,0.55651736,0.6441973,0.7184466019417476,0.787037037037037,0.8446601941747574
1,1,2,0.6418729,0.66351503,0.6102009,0.8728813559322034,0.6944444444444444,0.7678571428571428
1,1,2,0.64890856,0.60869336,0.5501113,0.7358490566037736,0.6818181818181819,0.6909090909090909
1,1,2,0.5902011,0.6671647,0.65011936,0.8761061946902655,0.6635514018691588,0.8761061946902655
1,1,2,0.58828723,0.6529688,0.7075249,0.7155963302752293,0.6761904761904762,0.6504854368932038
1,1,2,0.58398306,0.59088194,0.61013615,0.8648648648648649,0.8,0.7610619469026548
1,1,2,0.6128384,0.5193205,0.5902011,0.7685185185185185,0.8108108108108107,0.8761061946902655
1,1,2,0.62647814,0.56047857,0.5817853,0.7090909090909091,0.7631578947368421,0.7745098039215687
1,1,2,0.6855264,0.53424346,0.5902011,0.712962962962963,0.6759259259259259,0.8803418803418803
1,1,2,0.5902011,0.6709341,0.6498096,0.8691588785046729,0.7037037037037037,0.853448275862069
1,2,1,0.5193205,0.6250104,0.5682823,0.8037383177570093,0.8440366972477065,0.7008547008547008
1,2,1,0.6269388,0.64246625,0.5902011,0.8518518518518519,0.7739130434782608,0.8833333333333333
1,2,1,0.601635,0.6705793,0.71941364,0.7767857142857143,0.7747747747747747,0.7232142857142857
1,2,1,0.62429786,0.55251276,0.7064021,0.7807017543859649,0.7636363636363637,0.6981132075471699
1,2,1,0.57302845,0.6416874,0.64170873,0.8378378378378378,0.8461538461538461,0.8823529411764706
1,2,1,0.58024347,0.5257605,0.6154719,0.73,0.711864406779661,0.7321428571428572
1,2,1,0.45875022,0.7382269,0.61705637,0.7142857142857143,0.6864406779661016,0.8434782608695652
1,2,1,0.6124848,0.66692287,0.6269388,0.8771929824561404,0.75,0.8532110091743119
1,2,1,0.52409244,0.5876677,0.5878679,0.8157894736842105,0.7383177570093458,0.8245614035087719
1,2,2,0.5902011,0.72168875,0.569839,0.8738738738738738,0.6752136752136753,0.7927927927927928
1,2,2,0.6441972,0.6324581,0.62243927,0.8504672897196262,0.7363636363636363,0.7758620689655172
1,2,2,0.55515844,0.5902011,0.54773057,0.8288288288288288,0.8703703703703703,0.8611111111111112
1,2,2,0.5902011,0.5771669,0.5902011,0.8761061946902655,0.7297297297297297,0.8679245283018868
1,2,2,0.6092732,0.45822406,0.70910597,0.7142857142857143,0.8018018018018018,0.6407766990291262
1,2,2,0.5193206,0.65676075,0.5927412,0.8125,0.7387387387387387,0.6814159292035398
1,2,2,0.5455731,0.55515844,0.616831,0.8584905660377359,0.831858407079646,0.7777777777777778
1,2,2,0.64562845,0.5959141,0.64506495,0.8148148148148149,0.7094017094017093,0.6822429906542056
1,2,2,0.6379399,0.5902011,0.59179676,0.7478260869565218,0.8715596330275229,0.864406779661017
0,0,0,0.7254689,0.6950091,0.74049735,0.6810344827586207,0.6476190476190475,0.6923076923076923
0,0,1,0.6969323,0.5474099,0.66800106,0.6542056074766356,0.7,0.6578947368421053
0,0,2,0.79415655,0.6527904,0.6684724,0.6578947368421053,0.6727272727272727,0.7016129032258065
1,1,1,0.65012527,0.6920065,0.5789337,0.6759259259259259,0.6637931034482758,0.7459016393442623
1,1,1,0.6795516,0.65760565,0.6679598,0.6306306306306306,0.6826923076923077,0.6875
1,1,1,0.69626296,0.7125627,0.6783565,0.6782608695652175,0.6982758620689655,0.6981132075471699
1,1,1,0.68167746,0.77018154,0.68862754,0.6666666666666667,0.5925925925925926,0.6637931034482758
1,1,1,0.67779577,0.63432056,0.74804133,0.7181818181818183,0.7090909090909091,0.6285714285714286
1,1,1,0.7757703,0.7244451,0.5835793,0.652542372881356,0.6875,0.7166666666666667
1,1,1,0.6900357,0.7485293,0.716101,0.6752136752136753,0.7,0.6869565217391305
1,1,1,0.726328,0.6315479,0.80127645,0.6890756302521008,0.6153846153846154,0.6767676767676767
1,1,1,0.6745984,0.694286,0.6748432,0.6504065040650406,0.6859504132231404,0.7264150943396226
1,1,2,0.7018933,0.7696764,0.7733866,0.6388888888888888,0.6581196581196581,0.6454545454545455
1,1,2,0.6788633,0.7705047,0.69685304,0.6724137931034483,0.6890756302521008,0.6869565217391305
1,1,2,0.7384689,0.55640113,0.7125047,0.6974789915966386,0.6857142857142857,0.6636363636363636
1,1,2,0.7605897,0.8203281,0.67473423,0.6428571428571428,0.6355140186915889,0.6603773584905661
1,1,2,0.6289606,0.630564,0.77661824,0.7017543859649122,0.7913043478260869,0.6517857142857143
1,1,2,0.60459065,0.58968484,0.7176951,0.6346153846153846,0.6470588235294117,0.6545454545454545
1,1,2,0.6588595,0.6707525,0.50327015,0.6542056074766356,0.7407407407407407,0.7155172413793103
1,1,2,0.70442927,0.73947906,0.7303821,0.6701030927835052,0.6869565217391305,0.6176470588235294
1,1,2,0.7027545,0.7001176,0.6888895,0.7339449541284404,0.6363636363636364,0.7391304347826086
1,2,1,0.53967255,0.7399934,0.787093,0.6607142857142857,0.6634615384615384,0.6521739130434783
1,2,1,0.55552876,0.7170998,0.6624814,0.7435897435897436,0.6842105263157895,0.679245283018868
1,2,1,0.6724889,0.7405022,0.7698178,0.6551724137931034,0.6935483870967742,0.6697247706422018
1,2,1,0.6827486,0.6155127,0.6691357,0.7155172413793103,0.7543859649122807,0.6923076923076923
1,2,1,0.68915534,0.5721478,0.7338854,0.6608695652173913,0.7904761904761904,0.6635514018691588
1,2,1,0.6807602,0.78653455,0.57719463,0.6607142857142857,0.71875,0.7102803738317758
1,2,1,0.7571595,0.62580264,0.6755023,0.6639344262295082,0.6607142857142857,0.7016129032258065
1,2,1,0.6724657,0.6227793,0.72009754,0.6132075471698113,0.6637931034482758,0.6574074074074074
1,2,1,0.7882118,0.7141359,0.67692494,0.6339285714285714,0.7387387387387387,0.6776859504132231
1,2,2,0.7272705,0.7383574,0.630026,0.7428571428571429,0.6576576576576576,0.6721311475409837
1,2,2,0.7046164,0.73191035,0.7231132,0.6788990825688073,0.6810344827586207,0.663716814159292
1,2,2,0.53701246,0.66567636,0.70582914,0.6893203883495146,0.6964285714285714,0.7102803738317758
1,2,2,0.58186513,0.6833941,0.7114221,0.6633663366336633,0.6896551724137931,0.6422018348623852
1,2,2,0.7242036,0.62379456,0.72034013,0.6727272727272727,0.6923076923076923,0.6442307692307692
1,2,2,0.63166845,0.79509616,0.7043973,0.7543859649122807,0.7264957264957265,0.6694915254237288
1,2,2,0.55623317,0.6677201,0.702451,0.696078431372549,0.6571428571428571,0.6862745098039216
1,2,2,0.5952544,0.6927858,0.76193035,0.6725663716814159,0.6238532110091743,0.6491228070175439
1,2,2,0.6197495,0.7926528,0.6587333,0.7226890756302521,0.6829268292682926,0.7131147540983607
0,0,0,0.62679416,0.6287895,0.6637478,0.8319327731092436,0.8521739130434782,0.8141592920353982
0,0,1,0.63922787,0.6084768,0.61136484,0.7131147540983607,0.7948717948717949,0.8378378378378378
0,0,2,0.6582267,0.61903435,0.6288879,0.7913043478260869,0.788135593220339,0.75
1,1,1,0.6049701,0.6287895,0.6134676,0.7631578947368421,0.8425925925925926,0.8407079646017699
1,1,1,0.63831985,0.4671795,0.59990644,0.6896551724137931,0.8468468468468469,0.7410714285714286
1,1,1,0.6220479,0.6287895,0.6328871,0.7735849056603774,0.839622641509434,0.7850467289719626
1,1,1,0.6139898,0.5048835,0.61136484,0.8425925925925926,0.7168141592920354,0.8333333333333334
1,1,1,0.63117814,0.60122955,0.54848194,0.6822429906542056,0.6635514018691588,0.7117117117117118
1,1,1,0.6164695,0.4017127,0.61136484,0.7727272727272727,0.6842105263157895,0.8434782608695652
1,1,1,0.6006716,0.67500806,0.63235915,0.736842105263158,0.8888888888888888,0.8518518518518519
1,1,1,0.61667216,0.3895461,0.6116634,0.7592592592592593,0.7378640776699029,0.8454545454545455
1,1,1,0.6164695,0.6287895,0.6139898,0.7863247863247863,0.8482142857142857,0.8454545454545455
1,1,2,0.62679416,0.6287895,0.61136484,0.8148148148148149,0.8482142857142857,0.8421052631578947
1,1,2,0.6080125,0.56959295,0.61136484,0.7757009345794392,0.8490566037735849,0.8378378378378378
1,1,2,0.58746755,0.61952174,0.61136484,0.7610619469026548,0.7767857142857143,0.8407079646017699
1,1,2,0.56115544,0.59438884,0.62199193,0.7008547008547008,0.7363636363636363,0.8407079646017699
1,1,2,0.61151236,0.61884785,0.62867844,0.8421052631578947,0.7894736842105263,0.8198198198198199
1,1,2,0.6139898,0.59936565,0.6416285,0.8521739130434782,0.8141592920353982,0.8198198198198199
1,1,2,0.61151236,0.65434724,0.61136484,0.8378378378378378,0.8103448275862069,0.8348623853211009
1,1,2,0.61151236,0.61578465,0.5806174,0.8434782608695652,0.7798165137614679,0.6964285714285714
1,1,2,0.58141655,0.6287895,0.61136484,0.8558558558558559,0.8508771929824561,0.8363636363636364
1,2,1,0.6441574,0.44424886,0.61136484,0.8230088495575221,0.7428571428571429,0.8348623853211009
1,2,1,0.6139898,0.6240001,0.6382663,0.853448275862069,0.8130081300813008,0.8214285714285714
1,2,1,0.66622365,0.5976949,0.6116634,0.8181818181818181,0.75,0.8380952380952381
1,2,1,0.61151236,0.6287895,0.5800686,0.8448275862068966,0.8508771929824561,0.7433628318584071
1,2,1,0.61151236,0.6287895,0.60349095,0.8421052631578947,0.8468468468468469,0.839622641509434
1,2,1,0.58141655,0.6287895,0.5900449,0.8558558558558559,0.8482142857142857,0.7478260869565218
1,2,1,0.63958585,0.5814332,0.5757828,0.8230088495575221,0.7456140350877193,0.736842105263158
1,2,1,0.6139511,0.42332536,0.6105406,0.6936936936936937,0.7678571428571428,0.7747747747747747
1,2,1,0.5537914,0.40800607,0.6139898,0.8608695652173913,0.7181818181818183,0.8440366972477065
1,2,2,0.5759077,0.6287895,0.56807613,0.6936936936936937,0.8521739130434782,0.7256637168141593
1,2,2,0.6441574,0.6301653,0.572412,0.8245614035087719,0.8425925925925926,0.736842105263158
1,2,2,0.6441574,0.6380696,0.66159046,0.8148148148148149,0.8125,0.8715596330275229
1,2,2,0.58141655,0.6287895,0.5821305,0.8558558558558559,0.8425925925925926,0.7314814814814814
1,2,2,0.58756125,0.6287895,0.62867844,0.7024793388429752,0.8454545454545455,0.8113207547169812
1,2,2,0.6175263,0.6287895,0.64411545,0.7142857142857143,0.8411214953271028,0.8214285714285714
1,2,2,0.66159046,0.6287895,0.61136484,0.8703703703703703,0.8508771929824561,0.8269230769230769
1,2,2,0.6271938,0.67013574,0.659015,0.7222222222222222,0.8363636363636364,0.7435897435897436
1,2,2,0.67171,0.5764646,0.5790969,0.7479674796747968,0.7410714285714286,0.8256880733944953
0,0,0,0.4680611,0.44256783,0.3375693,0.7477477477477478,0.7168141592920354,0.7105263157894737
0,0,1,0.5012969,0.33859235,0.390961,0.728813559322034,0.6964285714285714,0.6842105263157895
0,0,2,0.29229942,0.32750762,0.3569924,0.6822429906542056,0.7413793103448276,0.5979381443298969
1,1,1,0.36118925,0.39657664,0.29553238,0.7735849056603774,0.6274509803921569,0.6695652173913044
1,1,1,0.33949566,0.47866797,0.35438246,0.7478260869565218,0.6752136752136753,0.7105263157894737
1,1,1,0.39684913,0.41751137,0.40087616,0.6666666666666667,0.6842105263157895,0.6666666666666667
1,1,1,0.43015665,0.3914876,0.24874279,0.7327586206896552,0.7027027027027026,0.8508771929824561
1,1,1,0.3793453,0.39761996,0.3221423,0.752212389380531,0.6837606837606838,0.7203389830508475
1,1,1,0.47025046,0.38046056,0.34312558,0.773109243697479,0.6728971962616823,0.7130434782608696
1,1,1,0.30362678,0.3653707,0.4180594,0.7589285714285714,0.6846846846846847,0.6972477064220184
1,1,1,0.33791786,0.37834626,0.340607,0.6964285714285714,0.7478260869565218,0.7627118644067796
1,1,1,0.43609866,0.49239326,0.44984588,0.6949152542372881,0.7433628318584071,0.6346153846153846
1,1,2,0.42891374,0.28525907,0.24863818,0.6460176991150443,0.6636363636363636,0.711864406779661
1,1,2,0.38849425,0.3840715,0.38232407,0.8108108108108107,0.6814159292035398,0.7345132743362832
1,1,2,0.33952338,0.3802091,0.55753404,0.6788990825688073,0.6637931034482758,0.6697247706422018
1,1,2,0.55633783,0.35144353,0.37596345,0.6396396396396397,0.7,0.6909090909090909
1,1,2,0.5004137,0.33884224,0.400876,0.7053571428571428,0.7027027027027026,0.6779661016949152
1,1,2,0.42380232,0.5822783,0.33178163,0.6982758620689655,0.6826923076923077,0.7398373983739837
1,1,2,0.34233487,0.38453674,0.3059268,0.7027027027027026,0.6964285714285714,0.7068965517241379
1,1,2,0.3198826,0.25137174,0.3262963,0.6851851851851851,0.7407407407407407,0.6837606837606838
1,1,2,0.25991288,0.3511614,0.34997785,0.691588785046729,0.7326732673267327,0.6494845360824743
1,2,1,0.3042993,0.3724494,0.2947903,0.6542056074766356,0.717948717948718,0.6730769230769231
1,2,1,0.42890304,0.3414801,0.3033274,0.696078431372549,0.7565217391304347,0.7565217391304347
1,2,1,0.32573166,0.32813394,0.54877424,0.7304347826086957,0.7207207207207207,0.736842105263158
1,2,1,0.22602208,0.35995156,0.42431882,0.7068965517241379,0.7768595041322314,0.7264957264957265
1,2,1,0.4013893,0.29258943,0.3327431,0.7027027027027026,0.6837606837606838,0.7217391304347827
1,2,1,0.46497864,0.28697067,0.561909,0.7321428571428572,0.8524590163934427,0.6814159292035398
1,2,1,0.5018333,0.36276144,0.4991496,0.7043478260869565,0.6339285714285714,0.6910569105691057
1,2,1,0.4424764,0.3451584,0.4180546,0.6756756756756757,0.7130434782608696,0.6491228070175439
1,2,1,0.3145717,0.2974717,0.30412582,0.7631578947368421,0.775,0.6936936936936937
1,2,2,0.42709047,0.30836934,0.39591238,0.646551724137931,0.7232142857142857,0.7033898305084746
1,2,2,0.40606323,0.4357088,0.45857638,0.6785714285714286,0.775,0.6521739130434783
1,2,2,0.45297125,0.43846607,0.38954657,0.7142857142857143,0.6929824561403508,0.8
1,2,2,0.4067192,0.4733612,0.408144,0.6634615384615384,0.7280701754385965,0.6964285714285714
1,2,2,0.4445264,0.5623477,0.2531038,0.6837606837606838,0.7105263157894737,0.7327586206896552
1,2,2,0.5235952,0.4532336,0.42463353,0.7117117117117118,0.6886792452830188,0.6460176991150443
1,2,2,0.30066553,0.4912539,0.48986042,0.6967213114754098,0.7105263157894737,0.6942148760330579
1,2,2,0.37313905,0.378228,0.4793239,0.7090909090909091,0.6916666666666667,0.6666666666666667
1,2,2,0.5093703,0.37941557,0.4011019,0.6554621848739496,0.7033898305084746,0.7130434782608696
0,0,0,0.5687397,0.69953084,0.7718649,0.8070175438596492,0.7657657657657657,0.7391304347826086
0,0,1,0.7300682,0.70842993,0.6409138,0.8240740740740741,0.8070175438596492,0.8319327731092436
0,0,2,0.74705744,0.70842993,0.6739827,0.6545454545454545,0.8018018018018018,0.6607142857142857
1,1,1,0.58220017,0.7034255,0.50064075,0.7818181818181819,0.7543859649122807,0.6454545454545455
1,1,1,0.7406579,0.72234595,0.76016575,0.7652173913043478,0.7079646017699115,0.7685185185185185
1,1,1,0.7324614,0.71154237,0.65749097,0.6509433962264151,0.7924528301886793,0.7272727272727273
1,1,1,0.679445,0.66907364,0.6975486,0.7142857142857143,0.663716814159292,0.7387387387387387
1,1,1,0.5801908,0.7052723,0.6645021,0.7719298245614035,0.7672413793103449,0.7589285714285714
1,1,1,0.74939483,0.5351399,0.73363733,0.7068965517241379,0.6991150442477876,0.771186440677966
1,1,1,0.33174664,0.66649723,0.63463026,0.7522935779816513,0.7363636363636363,0.6513761467889908
1,1,1,0.4273336,0.65643466,0.59289676,0.7477477477477478,0.75,0.6869565217391305
1,1,1,0.5532529,0.73533934,0.3905313,0.7844827586206897,0.7672413793103449,0.7387387387387387
1,1,2,0.7400634,0.6870043,0.67568123,0.7407407407407407,0.7068965517241379,0.7079646017699115
1,1,2,0.6541389,0.7109114,0.7629758,0.8018018018018018,0.75,0.6842105263157895
1,1,2,0.5473317,0.71154237,0.72032547,0.6581196581196581,0.7981651376146789,0.782608695652174
1,1,2,0.46927387,0.61946,0.72275317,0.6666666666666667,0.7636363636363637,0.7652173913043478
1,1,2,0.5154834,0.73974836,0.75089836,0.8376068376068376,0.7719298245614035,0.6725663716814159
1,1,2,0.7020111,0.7309939,0.70611095,0.7927927927927928,0.7913043478260869,0.6842105263157895
1,1,2,0.76445407,0.7454058,0.66400814,0.8333333333333334,0.8053097345132744,0.7889908256880733
1,1,2,0.4178225,0.77117395,0.6031292,0.7631578947368421,0.8034188034188035,0.6724137931034483
1,1,2,0.7254734,0.7256205,0.44329333,0.6371681415929203,0.7457627118644068,0.6754385964912281
1,2,1,0.51099104,0.71286947,0.6032787,0.7391304347826086,0.7477477477477478,0.7565217391304347
1,2,1,0.638954,0.71533155,0.61700875,0.6818181818181819,0.7909090909090909,0.6666666666666667
1,2,1,0.5613711,0.7283174,0.6437254,0.7410714285714286,0.8141592920353982,0.6434782608695653
1,2,1,0.77087295,0.66495514,0.4934073,0.6306306306306306,0.75,0.6785714285714286
1,2,1,0.69891214,0.71955127,0.57319564,0.6837606837606838,0.7567567567567568,0.7217391304347827
1,2,1,0.44645816,0.60065234,0.52460366,0.6422018348623852,0.8070175438596492,0.6481481481481481
1,2,1,0.41306475,0.7009907,0.69394374,0.6371681415929203,0.7304347826086957,0.7830188679245282
1,2,1,0.49466547,0.70658094,0.5885576,0.6695652173913044,0.7545454545454545,0.6666666666666667
1,2,1,0.70531464,0.46908486,0.78570783,0.7982456140350878,0.6486486486486487,0.6454545454545455
1,2,2,0.6476089,0.7283174,0.5579716,0.6695652173913044,0.8125,0.6545454545454545
1,2,2,0.5279701,0.6948583,0.56036484,0.6909090909090909,0.7699115044247787,0.7241379310344828
1,2,2,0.5953586,0.7296561,0.58792263,0.7844827586206897,0.7321428571428572,0.811965811965812
1,2,2,0.47331017,0.5796497,0.6055664,0.7339449541284404,0.6637931034482758,0.7247706422018348
1,2,2,0.70703787,0.53624696,0.567387,0.6756756756756757,0.7542372881355932,0.6548672566371682
1,2,2,0.70941967,0.41747695,0.5726494,0.7837837837837838,0.7345132743362832,0.6434782608695653
1,2,2,0.6739053,0.6955289,0.63319004,0.7567567567567568,0.7,0.7454545454545455
1,2,2,0.5951284,0.7168578,0.6037615,0.6521739130434783,0.7652173913043478,0.6909090909090909
1,2,2,0.70941967,0.66495514,0.6391043,0.7857142857142857,0.7589285714285714,0.663716814159292
